{
"type": "FeatureCollection",
"name": "la_city_neighborhoods",
"crs": { "type": "name", "properties": { "name": "urn:ogc:def:crs:OGC:1.3:CRS84" } },
"features": [
{ "type": "Feature", "properties": { "objectid": 1, "name": "Adams-Normandie", "area_sqmi": 0.80228234827963385, "source_url": "https://services5.arcgis.com/7nsPwEMP38bSkCjy/arcgis/rest/services/LA_Times_Neighborhoods/FeatureServer/0", "fetched_at": "2025-12-07T08:52:51.283518" }, "geometry": { "type": "Polygon", "coordinates": [ [ [ -118.300686195279994, 34.037313850714298 ], [ -118.303884196040997, 34.037204851199 ], [ -118.300287171334006, 34.037235946297798 ], [ -118.297604625711998, 34.037259136558099 ], [ -118.296712194923998, 34.037266851200101 ], [ -118.296295194457002, 34.037234851257303 ], [ -118.296361194520003, 34.036894851016001 ], [ -118.291561193706997, 34.036841851594502 ], [ -118.291550192661006, 34.025501850265599 ], [ -118.291552596393004, 34.025501854377403 ], [ -118.308899196446006, 34.025557849758997 ], [ -118.309000196884995, 34.037432850479497 ], [ -118.30801419718, 34.037400851093103 ], [ -118.300686195279994, 34.037313850714298 ] ] ] } },
{ "type": "Feature", "properties": { "objectid": 2, "name": "Arleta", "area_sqmi": 3.123884436631347, "source_url": "https://services5.arcgis.com/7nsPwEMP38bSkCjy/arcgis/rest/services/LA_Times_Neighborhoods/FeatureServer/0", "fetched_at": "2025-12-07T08:52:51.283518" }, "geometry": { "type": "Polygon", "coordinates": [ [ [ -118.442545891183997, 34.264122279574899 ], [ -118.442401238350001, 34.263937868312802 ], [ -118.442192237943999, 34.263990867931703 ], [ -118.441338237303, 34.262626867685697 ], [ -118.441048238094993, 34.262837867723299 ], [ -118.439715236995994, 34.260881867323803 ], [ -118.435155236534001, 34.256578867189901 ], [ -118.434926236357995, 34.256745867208302 ], [ -118.414529231291993, 34.237415866561101 ], [ -118.411908230348999, 34.235203866665202 ], [ -118.412008230883998, 34.2351098663665 ], [ -118.410898230124005, 34.234151866433898 ], [ -118.410145229475006, 34.233222866623201 ], [ -118.409756229690004, 34.233402866475203 ], [ -118.420395413573999, 34.225700565466902 ], [ -118.420570184037004, 34.225574039387098 ], [ -118.420747231421004, 34.225445865237603 ], [ -118.421614231253002, 34.224516864654703 ], [ -118.422058231109006, 34.223796864477698 ], [ -118.422214407457005, 34.223337181325199 ], [ -118.422778400827994, 34.221677137291501 ], [ -118.422782231311999, 34.221665864591102 ], [ -118.427807232058996, 34.221666864459799 ], [ -118.436122233828002, 34.2295758640782 ], [ -118.441057234973997, 34.236198864880997 ], [ -118.450241238212001, 34.250195866245797 ], [ -118.451781028550997, 34.251816746509903 ], [ -118.451893238721993, 34.251934865709302 ], [ -118.451635238902, 34.252097865901298 ], [ -118.444099238527002, 34.262312867678702 ], [ -118.443731237956996, 34.262742867374797 ], [ -118.443269238298996, 34.262722867880903 ], [ -118.442693074248993, 34.263907433907903 ], [ -118.442572238474, 34.264155867469903 ], [ -118.442545891183997, 34.264122279574899 ] ] ] } },
{ "type": "Feature", "properties": { "objectid": 3, "name": "Arlington Heights", "area_sqmi": 1.0323374565127388, "source_url": "https://services5.arcgis.com/7nsPwEMP38bSkCjy/arcgis/rest/services/LA_Times_Neighborhoods/FeatureServer/0", "fetched_at": "2025-12-07T08:52:51.283518" }, "geometry": { "type": "Polygon", "coordinates": [ [ [ -118.318623199721998, 34.053059852293302 ], [ -118.316727199276997, 34.052508851597402 ], [ -118.313306198429999, 34.0526148523819 ], [ -118.313296198933998, 34.050538851867401 ], [ -118.313058198904997, 34.049505851366199 ], [ -118.313017197771003, 34.0399288509306 ], [ -118.313360197866999, 34.039927850368798 ], [ -118.313350197614, 34.037397850055299 ], [ -118.317645198809004, 34.037109849929003 ], [ -118.322795198983002, 34.0360728498055 ], [ -118.326429199255003, 34.0355758497588 ], [ -118.333681200621001, 34.035161848822298 ], [ -118.333243864238995, 34.035958803417898 ], [ -118.326731397754997, 34.047826397424899 ], [ -118.322967200411995, 34.054685852212799 ], [ -118.322958006478004, 34.054682410409001 ], [ -118.318623199721998, 34.053059852293302 ] ] ] } },
{ "type": "Feature", "properties": { "objectid": 4, "name": "Atwater Village", "area_sqmi": 1.7805244789408563, "source_url": "https://services5.arcgis.com/7nsPwEMP38bSkCjy/arcgis/rest/services/LA_Times_Neighborhoods/FeatureServer/0", "fetched_at": "2025-12-07T08:52:51.283518" }, "geometry": { "type": "MultiPolygon", "coordinates": [ [ [ [ -118.258028615572997, 34.122155927648002 ], [ -118.257818422691003, 34.121945147094102 ], [ -118.257638458873004, 34.121767634111201 ], [ -118.257456961371005, 34.121591689190502 ], [ -118.257430847538004, 34.121566601970002 ], [ -118.257385938569996, 34.1215211927544 ], [ -118.257272796519004, 34.121409978967002 ], [ -118.257195589964994, 34.121337764640202 ], [ -118.257084350724, 34.121232510267298 ], [ -118.257033975243004, 34.121186298465702 ], [ -118.256934861524996, 34.121094661062202 ], [ -118.256835321924001, 34.121003346330198 ], [ -118.256735354273005, 34.120912355174902 ], [ -118.256698441808993, 34.120878328599701 ], [ -118.256661468805007, 34.120844345415499 ], [ -118.256624437439996, 34.120810409223701 ], [ -118.256587356412993, 34.120776529021001 ], [ -118.256550212690001, 34.120742695819899 ], [ -118.256513006272002, 34.120708910521699 ], [ -118.256401108280997, 34.120607799465702 ], [ -118.256326170193006, 34.1205406508967 ], [ -118.256288617920006, 34.1205071394279 ], [ -118.256251023513002, 34.1204736640981 ], [ -118.256213371830995, 34.120440236659498 ], [ -118.256175659614996, 34.120406854414099 ], [ -118.256062226937999, 34.120306969679397 ], [ -118.255986271894997, 34.120240647056796 ], [ -118.255948207366998, 34.1202075539776 ], [ -118.255913413488997, 34.120177374926797 ], [ -118.255878570975, 34.120147234734901 ], [ -118.255843681987997, 34.120117131594299 ], [ -118.255833734977998, 34.120108497035901 ], [ -118.255719465076993, 34.120009280888397 ], [ -118.255605201978995, 34.119910073634699 ], [ -118.255490194653007, 34.119810219645203 ], [ -118.255376083170006, 34.119711142578304 ], [ -118.255260824906998, 34.119612707914598 ], [ -118.255141725060994, 34.119510992461002 ], [ -118.255030314631995, 34.1194158436561 ], [ -118.254933546122999, 34.119330451804402 ], [ -118.254916816524997, 34.119316005774301 ], [ -118.254817967541001, 34.119230782297699 ], [ -118.254802132511998, 34.119217131320603 ], [ -118.254704077897998, 34.119132483959199 ], [ -118.254687548161996, 34.119118147463404 ], [ -118.254621592286995, 34.119060938147101 ], [ -118.254573094989993, 34.119019080281099 ], [ -118.254507704187006, 34.118962638720198 ], [ -118.254457555304995, 34.118920867227096 ], [ -118.254405386211999, 34.118877396069401 ], [ -118.254340796281994, 34.118823673558097 ], [ -118.254270674058006, 34.118765372949902 ], [ -118.254267758368002, 34.118767567103497 ], [ -118.254143127576995, 34.118861340701002 ], [ -118.254138917215002, 34.118857693840198 ], [ -118.247452192511005, 34.113066862735799 ], [ -118.246450192908995, 34.111757862508099 ], [ -118.247477192484993, 34.111111862445398 ], [ -118.248045041557006, 34.110526993139402 ], [ -118.248211192586993, 34.110355862134902 ], [ -118.248761192849003, 34.109508862370603 ], [ -118.249221192630003, 34.109285861808999 ], [ -118.249428849321006, 34.108657897590099 ], [ -118.249512192767995, 34.108405861801103 ], [ -118.249741193077995, 34.108428861950003 ], [ -118.249617193261997, 34.108909861963497 ], [ -118.249965193086993, 34.1089098620577 ], [ -118.255024193503004, 34.108533861945901 ], [ -118.256373193797003, 34.108677861752803 ], [ -118.256648193589996, 34.108247861066403 ], [ -118.260141793718006, 34.109449534209901 ], [ -118.260442194581003, 34.109552861804403 ], [ -118.260666021199, 34.109673482965597 ], [ -118.261347483414994, 34.110040726170602 ], [ -118.261830194970997, 34.110300861539002 ], [ -118.262345643291994, 34.1106653808869 ], [ -118.263541195738995, 34.111510861128799 ], [ -118.265537196037002, 34.1135098613913 ], [ -118.265403195467002, 34.113688861150202 ], [ -118.267362196120004, 34.115769861282097 ], [ -118.269979197536998, 34.121217862040197 ], [ -118.270083197362993, 34.122070862104202 ], [ -118.270562196870998, 34.121370862023198 ], [ -118.272849198686004, 34.127182862922098 ], [ -118.276777200168993, 34.140950863485799 ], [ -118.276284199626005, 34.141047863875002 ], [ -118.278195200992002, 34.148033864984598 ], [ -118.278340200865998, 34.153061865443597 ], [ -118.277389533394995, 34.153212010834999 ], [ -118.275599351652005, 34.153215742212602 ], [ -118.273262192409007, 34.148683859012998 ], [ -118.272321815414003, 34.146854792158898 ], [ -118.272240655342003, 34.146685925685397 ], [ -118.271088636437995, 34.144438769968701 ], [ -118.270420367411006, 34.1430872659638 ], [ -118.270334559185002, 34.142919809620203 ], [ -118.270087977708997, 34.142478694134297 ], [ -118.269944997701998, 34.1422271016121 ], [ -118.269874782957004, 34.142090510185803 ], [ -118.269874619275996, 34.142090187802303 ], [ -118.269728550116994, 34.141805909620302 ], [ -118.269728232603995, 34.1418052918767 ], [ -118.267353216586002, 34.137182933240503 ], [ -118.267350357596001, 34.137177525856401 ], [ -118.267350224359006, 34.137177224137503 ], [ -118.267273798280996, 34.1370359597028 ], [ -118.267273609485002, 34.137035575165498 ], [ -118.267251814150001, 34.136995329324897 ], [ -118.267182612189004, 34.136867222066201 ], [ -118.267182496342002, 34.136866933831499 ], [ -118.267114531331003, 34.136741437345499 ], [ -118.267114398182002, 34.136741162672102 ], [ -118.267047420910998, 34.136617311067702 ], [ -118.266975437650004, 34.136482111164398 ], [ -118.266915879619006, 34.136365636576897 ], [ -118.266910724997004, 34.136355672493401 ], [ -118.266910592846003, 34.136355370771597 ], [ -118.266872151423001, 34.136280219091603 ], [ -118.266851866273001, 34.136240501750997 ], [ -118.266820041564003, 34.136178194917903 ], [ -118.266819958290995, 34.136177921035603 ], [ -118.266782598817997, 34.136105073963201 ], [ -118.266782465673003, 34.1361048001909 ], [ -118.266782332435994, 34.136104497569796 ], [ -118.266737707412005, 34.1360175710467 ], [ -118.266737624136994, 34.1360172962628 ], [ -118.266722776829994, 34.135988614289701 ], [ -118.266656437630004, 34.135859472671797 ], [ -118.266593158853993, 34.1357363149571 ], [ -118.266528717930996, 34.135611428828597 ], [ -118.266528584696005, 34.135611126207202 ], [ -118.266462813919006, 34.135483935051603 ], [ -118.266462680684995, 34.135483632430102 ], [ -118.266397908517007, 34.1353584449501 ], [ -118.266397742761001, 34.135358143301701 ], [ -118.266332537394007, 34.135232021852197 ], [ -118.266332445478994, 34.135231757003901 ], [ -118.266332271194003, 34.135231500450999 ], [ -118.266266732147002, 34.135104032811299 ], [ -118.266266648919995, 34.1351037724516 ], [ -118.266203752630005, 34.134981204199299 ], [ -118.266203586960998, 34.134980929596601 ], [ -118.266137946379004, 34.134852776045598 ], [ -118.266137863150007, 34.1348525147842 ], [ -118.266073670295995, 34.134727476415001 ], [ -118.266073557829998, 34.134727226036297 ], [ -118.266073437708002, 34.134726954939197 ], [ -118.266000649122006, 34.134585022689997 ], [ -118.266000548590995, 34.134584774989598 ], [ -118.266000481410003, 34.134584446077803 ], [ -118.265943520609, 34.134473116667301 ], [ -118.265943387468994, 34.134472842894098 ], [ -118.265943254237996, 34.134472540272 ], [ -118.265879807841003, 34.134348173605296 ], [ -118.265879642174994, 34.134347899002101 ], [ -118.265815631229998, 34.134222544562199 ], [ -118.265735457953994, 34.134065185132897 ], [ -118.265735192720996, 34.134064965741899 ], [ -118.265664365804, 34.1339262159021 ], [ -118.265459537002002, 34.133526245447896 ], [ -118.265459304122004, 34.133525970991698 ], [ -118.265459204416004, 34.133525641249598 ], [ -118.265450625628006, 34.133508952877101 ], [ -118.265450492403005, 34.133508651156099 ], [ -118.265365304244995, 34.133332204422203 ], [ -118.265357212962002, 34.133316755482703 ], [ -118.264410350147003, 34.1315086889837 ], [ -118.264212737481998, 34.131119417203898 ], [ -118.263683219095, 34.130076325081397 ], [ -118.263647176063003, 34.130005288976498 ], [ -118.263481867227995, 34.129679704684399 ], [ -118.263350918776993, 34.129421790108402 ], [ -118.263200975125002, 34.129141008804702 ], [ -118.263053441536997, 34.1288695926076 ], [ -118.262838852165999, 34.128489121183797 ], [ -118.262686423530994, 34.128226150836099 ], [ -118.262568608425994, 34.128031169948599 ], [ -118.262542758408003, 34.127988350996603 ], [ -118.262531904520998, 34.127970384482097 ], [ -118.262385988793, 34.127728832660303 ], [ -118.262357824646003, 34.1276840019639 ], [ -118.262352104662, 34.127674898078403 ], [ -118.262139149885996, 34.127335927562498 ], [ -118.262036909106001, 34.127175590752898 ], [ -118.262031230968006, 34.1271666724776 ], [ -118.261839860356005, 34.126875101424702 ], [ -118.261830944991004, 34.126861952948303 ], [ -118.261809833865996, 34.126830804738503 ], [ -118.261743293219993, 34.126732636689397 ], [ -118.261726098517997, 34.126707256105199 ], [ -118.261719292663997, 34.126697186295303 ], [ -118.261560387591999, 34.126463493235597 ], [ -118.261417764133, 34.126258673309898 ], [ -118.261351461960004, 34.126167833994799 ], [ -118.261254816073006, 34.126020454790101 ], [ -118.261166476672997, 34.125896014193799 ], [ -118.261165646967001, 34.125894843993898 ], [ -118.261067469031005, 34.1257565409786 ], [ -118.260889410564999, 34.125514617756401 ], [ -118.260733345711998, 34.125300317580397 ], [ -118.260628514673002, 34.125165979983699 ], [ -118.260591791224996, 34.125118933340403 ], [ -118.260589269486999, 34.1251157239113 ], [ -118.260548131182006, 34.1250622011461 ], [ -118.260511770120004, 34.125014878730099 ], [ -118.260449166404001, 34.124933401487702 ], [ -118.260439213490002, 34.124920425535599 ], [ -118.260264586969001, 34.124697152133599 ], [ -118.260159312284998, 34.1245580613082 ], [ -118.260031885283993, 34.124403162795602 ], [ -118.259900104436994, 34.124239974903197 ], [ -118.259767391433996, 34.124074563889501 ], [ -118.259661897791005, 34.123949267459999 ], [ -118.259544691512005, 34.123808250821803 ], [ -118.259419636402001, 34.123661013212697 ], [ -118.259381800567994, 34.123617320492798 ], [ -118.259295387614998, 34.123518115527702 ], [ -118.259126217719, 34.123326373425897 ], [ -118.258943829523005, 34.123123256823803 ], [ -118.258740137325006, 34.122900647540703 ], [ -118.258436448194004, 34.122576718458298 ], [ -118.258350661429006, 34.1224868540695 ], [ -118.258187413331001, 34.122317905885303 ], [ -118.258028615572997, 34.122155927648002 ] ] ], [ [ [ -118.278856033880999, 34.153208944908599 ], [ -118.278857201522996, 34.153208864683698 ], [ -118.278857280945999, 34.153208942934 ], [ -118.278856033880999, 34.153208944908599 ] ] ], [ [ [ -118.279023994659994, 34.153371908130701 ], [ -118.279023942704995, 34.153371612547502 ], [ -118.279024201639004, 34.153371865280903 ], [ -118.279023994659994, 34.153371908130701 ] ] ] ] } },
{ "type": "Feature", "properties": { "objectid": 5, "name": "Baldwin Hills/Crenshaw", "area_sqmi": 2.8665298741993217, "source_url": "https://services5.arcgis.com/7nsPwEMP38bSkCjy/arcgis/rest/services/LA_Times_Neighborhoods/FeatureServer/0", "fetched_at": "2025-12-07T08:52:51.283518" }, "geometry": { "type": "Polygon", "coordinates": [ [ [ -118.361022204785996, 34.025315846085803 ], [ -118.360262204256998, 34.0252398463658 ], [ -118.360166204633003, 34.0254898463185 ], [ -118.359122204817993, 34.0254948469697 ], [ -118.359258204273999, 34.025138846619498 ], [ -118.355171203712004, 34.0247618468781 ], [ -118.355097204097007, 34.0249488466036 ], [ -118.346046202047006, 34.024110847236997 ], [ -118.346046202072003, 34.023961847543099 ], [ -118.340488201295997, 34.023359847470502 ], [ -118.335110199734999, 34.0225288471214 ], [ -118.335107199232993, 34.008469845790898 ], [ -118.335691378923997, 34.0082291799405 ], [ -118.335692374296002, 34.0082287705821 ], [ -118.336345651109994, 34.0079596382784 ], [ -118.336811198898999, 34.007767845826997 ], [ -118.336859882327005, 34.0077180735152 ], [ -118.337555008566, 34.007007391696497 ], [ -118.337564575829006, 34.007010873694902 ], [ -118.337601479990994, 34.007024303346199 ], [ -118.337690383888997, 34.006923649421203 ], [ -118.337783916381994, 34.006827280973198 ], [ -118.337881869404995, 34.006735411334901 ], [ -118.337984029433002, 34.006648241233002 ], [ -118.338090168842996, 34.006565965123599 ], [ -118.338174103395005, 34.0065056186533 ], [ -118.338260054390005, 34.006448181120497 ], [ -118.338347922517002, 34.006393720413897 ], [ -118.338439930673999, 34.006340485835302 ], [ -118.338533644137001, 34.006290312507502 ], [ -118.338628959217004, 34.0062432557108 ], [ -118.338729410189998, 34.0061974132107 ], [ -118.338831305509999, 34.006154876990898 ], [ -118.338934536045002, 34.006115694233898 ], [ -118.338943234192996, 34.0061125369904 ], [ -118.339219559385, 34.006012947571399 ], [ -118.339561574826007, 34.0058843246617 ], [ -118.339701794890999, 34.005822463762101 ], [ -118.339839329501999, 34.005754844975002 ], [ -118.339959361525999, 34.005689771668202 ], [ -118.340076778804999, 34.005620089774602 ], [ -118.340191404224996, 34.0055459043786 ], [ -118.340677134470994, 34.005217345578899 ], [ -118.340678516357997, 34.005216434738898 ], [ -118.340805388153001, 34.005136695023097 ], [ -118.340935486880994, 34.005062335405697 ], [ -118.341068582508996, 34.004993484543697 ], [ -118.341204442817997, 34.004930263888603 ], [ -118.341342830135005, 34.004872784991598 ], [ -118.341483501327005, 34.004821146798498 ], [ -118.341626209984994, 34.004775441053397 ], [ -118.341770706405001, 34.004735746889402 ], [ -118.341916738682002, 34.004702134431497 ], [ -118.342064048373999, 34.004674663006199 ], [ -118.342212379157999, 34.004653380214997 ], [ -118.342361470338005, 34.004638323756602 ], [ -118.342511060093997, 34.004629519614099 ], [ -118.342660888723003, 34.004626982947499 ], [ -118.342687669068994, 34.004626886177697 ], [ -118.345725524849996, 34.004615205125198 ], [ -118.345977937463999, 34.004619216668701 ], [ -118.346229985576997, 34.0046314074131 ], [ -118.346573551470996, 34.004661342039498 ], [ -118.346914695381003, 34.004706517611702 ], [ -118.348911779747993, 34.005047734633997 ], [ -118.349114809694001, 34.005077249633203 ], [ -118.349340157528999, 34.005097936820398 ], [ -118.349566642059997, 34.005106171962602 ], [ -118.349793275864997, 34.005101934474801 ], [ -118.349998618946998, 34.005087289731698 ], [ -118.350222823921001, 34.005059332001501 ], [ -118.350444342732004, 34.005019137066903 ], [ -118.350662152777005, 34.004966811589597 ], [ -118.350731278837003, 34.004946206393903 ], [ -118.350856186271002, 34.004908958137598 ], [ -118.351064388862994, 34.004834221669199 ], [ -118.351266194882001, 34.004748188348401 ], [ -118.351460726968995, 34.004651259238699 ], [ -118.351647165122998, 34.004543828930103 ], [ -118.351824684376993, 34.004426394805201 ], [ -118.351865298681005, 34.004397163283002 ], [ -118.351869003564005, 34.004394477640901 ], [ -118.351872613560005, 34.004391880625398 ], [ -118.351876172573, 34.004389258515502 ], [ -118.351879727276, 34.004386640925702 ], [ -118.351883282954006, 34.004383998090098 ], [ -118.351886787862, 34.004381380645398 ], [ -118.351890342458006, 34.0043787378128 ], [ -118.351893899230006, 34.004376097678303 ], [ -118.351897408368998, 34.004373456781103 ], [ -118.351900961884994, 34.004370814852798 ], [ -118.35190446563, 34.004368178478799 ], [ -118.351907971426002, 34.004365515052797 ], [ -118.351911528106001, 34.0043628532813 ], [ -118.351915030647007, 34.004360188061398 ], [ -118.351918537543995, 34.004357529139497 ], [ -118.351922040084006, 34.004354863919502 ], [ -118.351925544717005, 34.004352181564201 ], [ -118.351929002795998, 34.004349497541497 ], [ -118.351932503091007, 34.0043468133956 ], [ -118.351936009887993, 34.004344131033697 ], [ -118.351939462550007, 34.004341446124897 ], [ -118.351942967086998, 34.004338741231102 ], [ -118.351946420835006, 34.004336057220499 ], [ -118.351949871247996, 34.004333352484302 ], [ -118.351953328152007, 34.004330646827597 ], [ -118.351956830524003, 34.0043279419397 ], [ -118.351960284095995, 34.004325216458803 ], [ -118.351963683538003, 34.004322489332601 ], [ -118.351967140428997, 34.004319780970903 ], [ -118.351970590758, 34.004317056400801 ], [ -118.351974044219006, 34.004314304775399 ], [ -118.351977446923001, 34.004311581245503 ], [ -118.351980900490005, 34.004308854862501 ], [ -118.351984299850002, 34.004306108803803 ], [ -118.351987702434997, 34.0043033573264 ], [ -118.351991155915002, 34.004300610208197 ], [ -118.351994557431993, 34.004297862339897 ], [ -118.351997959933001, 34.004295091028801 ], [ -118.352001359200997, 34.004292323333203 ], [ -118.352004710916006, 34.004289573806801 ], [ -118.352008112334005, 34.004286802498598 ], [ -118.352011513679003, 34.004284014061398 ], [ -118.352014863134002, 34.004281242003103 ], [ -118.352018266730994, 34.004278474294303 ], [ -118.352021616101993, 34.004275682402302 ], [ -118.352025015267003, 34.004272890365101 ], [ -118.352028368971006, 34.004270099361797 ], [ -118.352031716097002, 34.0042672885439 ], [ -118.352035069796997, 34.004264496638903 ], [ -118.352038419078994, 34.004261684011503 ], [ -118.352041764118994, 34.004258892131602 ], [ -118.352045117730995, 34.004256079491498 ], [ -118.352048416046003, 34.0042532453757 ], [ -118.352051765328, 34.004250432748002 ], [ -118.352055063733005, 34.004247620268501 ], [ -118.352058415092998, 34.004244786899299 ], [ -118.352061712319994, 34.004241951884801 ], [ -118.352065010645006, 34.004239120473201 ], [ -118.352068361991996, 34.004236284399198 ], [ -118.352071659131994, 34.004233428649499 ], [ -118.352074959614001, 34.004230595428197 ], [ -118.352078203716005, 34.004227740734599 ], [ -118.352081503012997, 34.004224883175297 ], [ -118.352084801234994, 34.004222027422202 ], [ -118.352088049586001, 34.004219153783701 ], [ -118.352091344551994, 34.004216296236798 ], [ -118.352094597211007, 34.004213417176501 ], [ -118.352097892198998, 34.004210565038498 ], [ -118.352101136198002, 34.004207686003198 ], [ -118.352104386603003, 34.004204786213997 ], [ -118.352107630611997, 34.004201909883101 ], [ -118.352110878868004, 34.004199013706099 ], [ -118.352114127202995, 34.004196136460898 ], [ -118.352117319154004, 34.0041932368419 ], [ -118.352120569562999, 34.004190337953801 ], [ -118.352123815652007, 34.004187441782697 ], [ -118.352127014003003, 34.004184519606497 ], [ -118.352130257919995, 34.004181621638601 ], [ -118.352133454105001, 34.004178699468497 ], [ -118.352136648140998, 34.0041757809107 ], [ -118.352139846506006, 34.004172862340198 ], [ -118.352143037293004, 34.004169943791702 ], [ -118.352146235548005, 34.004166999077 ], [ -118.352149429581999, 34.004164080518898 ], [ -118.352152574811001, 34.0041611395649 ], [ -118.352155768754002, 34.004158199370103 ], [ -118.352158962692997, 34.004155258273798 ], [ -118.352162109990999, 34.004152294775203 ], [ -118.352165251971002, 34.0041493538303 ], [ -118.352168446885997, 34.004146387487999 ], [ -118.352171586715997, 34.004143450155297 ], [ -118.352174736177005, 34.004140486650101 ], [ -118.352177879148002, 34.0041375240652 ], [ -118.352181020938005, 34.0041345380439 ], [ -118.352184114113996, 34.004131575604198 ], [ -118.352187256993005, 34.004128591382702 ], [ -118.352190403115998, 34.00412560625 ], [ -118.352193491863005, 34.0041226203832 ], [ -118.352196587123998, 34.004119639004898 ], [ -118.352199732166994, 34.004116654776702 ], [ -118.352202820822995, 34.004113647273201 ], [ -118.352205916076002, 34.004110664091598 ], [ -118.352209006907998, 34.004107659286198 ], [ -118.352215190720003, 34.004101646062601 ], [ -118.352218227424004, 34.004098640513398 ], [ -118.352221322494003, 34.0040956140585 ], [ -118.352224415398993, 34.004092587609897 ], [ -118.352227454269993, 34.004089582955601 ], [ -118.352230498455995, 34.004086554845998 ], [ -118.352233640245004, 34.004083569724799 ], [ -118.353036767860999, 34.003285112274703 ], [ -118.35389179101, 34.002430918867901 ], [ -118.354015768370004, 34.0023070302801 ], [ -118.354024991656999, 34.002298247562003 ], [ -118.354033440015996, 34.002290003527001 ], [ -118.354037718959006, 34.002285905239098 ], [ -118.354041942682002, 34.002281803507003 ], [ -118.354046220526996, 34.002277701616002 ], [ -118.354050449661003, 34.002273599867699 ], [ -118.354054721018002, 34.002269499798501 ], [ -118.354058998865, 34.002265398808603 ], [ -118.354063274637994, 34.002261319461198 ], [ -118.354067553658993, 34.002257240104299 ], [ -118.354071831599995, 34.0022531616519 ], [ -118.354076105196, 34.002249079605903 ], [ -118.354080432936001, 34.002245002810199 ], [ -118.354084710872002, 34.002240923455702 ], [ -118.354088986722999, 34.002236863039499 ], [ -118.354093316727003, 34.0022328096764 ], [ -118.354097644533994, 34.002228749107303 ], [ -118.354101970176004, 34.002224688544501 ], [ -118.354106248216993, 34.0022206344319 ], [ -118.354110578283994, 34.002216596394 ], [ -118.354114959141, 34.0022125383733 ], [ -118.354119284891993, 34.002208503953902 ], [ -118.354123614957004, 34.002204465915597 ], [ -118.354127941770003, 34.002200426985098 ], [ -118.354132321649999, 34.002196394209498 ], [ -118.354136649639997, 34.0021923778135 ], [ -118.354141028422006, 34.002188341434703 ], [ -118.354145408375999, 34.002184326688997 ], [ -118.354149787240004, 34.002180310143203 ], [ -118.354154119577998, 34.002176298241501 ], [ -118.354158548328996, 34.002172304087402 ], [ -118.354162927184007, 34.002168285738101 ], [ -118.354167309401006, 34.002164294424801 ], [ -118.354171688365994, 34.002160302219202 ], [ -118.354176119287004, 34.0021563098611 ], [ -118.354180501475994, 34.002152312236603 ], [ -118.354184928059993, 34.002148318087897 ], [ -118.354189309188001, 34.002144325875399 ], [ -118.354193742353004, 34.002140352442098 ], [ -118.354198172286004, 34.0021363826243 ], [ -118.354202605449998, 34.0021324091908 ], [ -118.354207038628999, 34.002128439363197 ], [ -118.354211467558002, 34.00212448848 ], [ -118.354215896390997, 34.002120515058699 ], [ -118.354220383778994, 34.002116565806702 ], [ -118.354224812707002, 34.002112614923 ], [ -118.354229296842007, 34.002108664778603 ], [ -118.354233726836, 34.002104710285401 ], [ -118.354238208897996, 34.002100781783497 ], [ -118.354242691953999, 34.002096832543401 ], [ -118.354247177258003, 34.002092903130197 ], [ -118.354251657153, 34.002088974634198 ], [ -118.354256138131007, 34.002085046134802 ], [ -118.354260625590996, 34.002081114911697 ], [ -118.354265107744993, 34.002077208946901 ], [ -118.354269588717003, 34.002073279545499 ], [ -118.354274126076007, 34.002069373418301 ], [ -118.354278608209995, 34.002065462945303 ], [ -118.354283143398007, 34.002061555922502 ], [ -118.354287675438002, 34.002057672348698 ], [ -118.354292158652996, 34.002053761871998 ], [ -118.354296692852998, 34.00204987739 ], [ -118.354301225959006, 34.002045990206298 ], [ -118.354305762322994, 34.0020421057175 ], [ -118.354310348463997, 34.002038217476297 ], [ -118.354314882655004, 34.002034331190501 ], [ -118.354319416932995, 34.0020304656394 ], [ -118.354324005340999, 34.002026601732403 ], [ -118.354328540707996, 34.002022737980901 ], [ -118.354333122612999, 34.002018872289497 ], [ -118.354337656903994, 34.002015010343897 ], [ -118.354342247546995, 34.002011163558599 ], [ -118.354346827293, 34.002007299676102 ], [ -118.354351415785999, 34.002003456502997 ], [ -118.354356004278003, 34.001999613329602 ], [ -118.354360586282993, 34.001995771978301 ], [ -118.354365228972995, 34.001991946676 ], [ -118.354369813125999, 34.001988101711902 ], [ -118.354374399563, 34.001984284688199 ], [ -118.354379034678004, 34.001980460309298 ], [ -118.354383670893995, 34.001976640434599 ], [ -118.354388259470994, 34.001972817994897 ], [ -118.354392896842, 34.001969015245599 ], [ -118.354397535233005, 34.001965198068497 ], [ -118.354402173677997, 34.001961393512602 ], [ -118.354406811057999, 34.001957593467203 ], [ -118.354411447359993, 34.001953794326397 ], [ -118.354416083736993, 34.001950013215698 ], [ -118.354420773070004, 34.001946212115797 ], [ -118.354425412712999, 34.001942435502798 ], [ -118.354430098888997, 34.001938656048502 ], [ -118.354434738524006, 34.001934877632102 ], [ -118.354439427941998, 34.0019310972664 ], [ -118.354444114223995, 34.001927343054 ], [ -118.354448756010996, 34.001923561926198 ], [ -118.354458131803995, 34.001916049884997 ], [ -118.354462819150996, 34.001912292062698 ], [ -118.354467562872998, 34.001908554809802 ], [ -118.354472250219004, 34.001904796987098 ], [ -118.354476941982995, 34.0019010598864 ], [ -118.354481681376996, 34.001897323547198 ], [ -118.354486369900002, 34.001893588258802 ], [ -118.354491110371995, 34.001889851014496 ], [ -118.354495849863994, 34.001886138114301 ], [ -118.354500595754999, 34.001882402656697 ], [ -118.354505280029997, 34.001878687213697 ], [ -118.354510022761005, 34.001874972500303 ], [ -118.354514814200996, 34.0018712576437 ], [ -118.354519558104997, 34.001867564563099 ], [ -118.354524297601998, 34.001863853464798 ], [ -118.354529036089005, 34.001860159498399 ], [ -118.354533829784003, 34.0018564662711 ], [ -118.354538571508996, 34.001852770491602 ], [ -118.354543359887003, 34.001849099817797 ], [ -118.354548101630996, 34.001845408545599 ], [ -118.354554802997001, 34.001840274476898 ], [ -118.354559591281003, 34.001836582166099 ], [ -118.354564438108, 34.001832911319703 ], [ -118.354574020265005, 34.0018255690524 ], [ -118.354578864919006, 34.001821896408799 ], [ -118.354583656532, 34.0018182239208 ], [ -118.354588503445001, 34.001814573808502 ], [ -118.354593343862007, 34.001810923714999 ], [ -118.354598190681997, 34.001807251965801 ], [ -118.354603032276998, 34.001803624406698 ], [ -118.354607877023, 34.0017999742999 ], [ -118.354612723933997, 34.0017963241865 ], [ -118.354617562279998, 34.0017926966364 ], [ -118.354622409269993, 34.001789065454602 ], [ -118.354627303894006, 34.001785435935702 ], [ -118.354632148733998, 34.001781808365898 ], [ -118.354637043457004, 34.001778202286097 ], [ -118.354641886210999, 34.001774593654197 ], [ -118.354646785259007, 34.0017709866597 ], [ -118.354656569284998, 34.001763773613099 ], [ -118.354661470497007, 34.001760166611703 ], [ -118.354666363131997, 34.001756579469003 ], [ -118.354676155986994, 34.001749406963597 ], [ -118.354681048621998, 34.0017458198203 ], [ -118.354685995397006, 34.001742237025297 ], [ -118.354690893538006, 34.001738672403697 ], [ -118.354695840388004, 34.001735107638702 ], [ -118.354700733119998, 34.001731543934 ], [ -118.354705683217006, 34.001727979159099 ], [ -118.354710626818999, 34.001724414403 ], [ -118.354715573766995, 34.0017208730767 ], [ -118.354720523957994, 34.001717330839099 ], [ -118.354725470798996, 34.001713764269901 ], [ -118.354730414581994, 34.001710242785897 ], [ -118.354735362615003, 34.001706702357197 ], [ -118.354740309549996, 34.001703158325299 ], [ -118.354745309625997, 34.0016996384783 ], [ -118.354750255564994, 34.001696115184203 ], [ -118.354755253468994, 34.001692593540099 ], [ -118.354760200504998, 34.001689073848397 ], [ -118.354765200651997, 34.001685571129499 ], [ -118.354775198819993, 34.001678574712599 ], [ -118.354780196804995, 34.001675072900902 ], [ -118.354785190471006, 34.001671573806398 ], [ -118.354790190632002, 34.001668074692503 ], [ -118.354795193041994, 34.001664595405501 ], [ -118.354800186795003, 34.001661117045202 ], [ -118.354805236827005, 34.001657636716303 ], [ -118.354810237085005, 34.001654161041003 ], [ -118.354815285046996, 34.001650703255997 ], [ -118.354820286364003, 34.001647222168103 ], [ -118.354825334332006, 34.001643766185602 ], [ -118.354830386634006, 34.001640311091798 ], [ -118.354835436849996, 34.001636874935997 ], [ -118.354840432852995, 34.001633417302699 ], [ -118.354845486315995, 34.001629981136901 ], [ -118.354850586235997, 34.001626524099201 ], [ -118.354855637537, 34.001623088840901 ], [ -118.354860687850007, 34.001619676123497 ], [ -118.354865735911005, 34.0016162426774 ], [ -118.354870834929997, 34.001612828914901 ], [ -118.354875885222995, 34.001609411689302 ], [ -118.354880990736007, 34.001605997907298 ], [ -118.354886089752995, 34.001602584144102 ], [ -118.354891140061, 34.001599170524003 ], [ -118.354896241323004, 34.0015957756859 ], [ -118.354901343674001, 34.001592382647601 ], [ -118.354906444947005, 34.001588990513703 ], [ -118.354911546222993, 34.0015855992811 ], [ -118.354916648580996, 34.001582208045001 ], [ -118.354921754258001, 34.0015788339281 ], [ -118.354926905415994, 34.001575464184903 ], [ -118.354932004605999, 34.001572091889699 ], [ -118.354937108133001, 34.001568721384601 ], [ -118.354942259273997, 34.001565348034703 ], [ -118.354947412694997, 34.001562001723698 ], [ -118.354952517395006, 34.001558652851202 ], [ -118.354957668631002, 34.001555302038597 ], [ -118.354962822036001, 34.001551952120899 ], [ -118.354967973358995, 34.001548622042797 ], [ -118.354973127860006, 34.001545275727601 ], [ -118.354978279183001, 34.001541945649002 ], [ -118.354983432685003, 34.001538619169899 ], [ -118.354988584013995, 34.001535290893997 ], [ -118.354993789553006, 34.001531983193502 ], [ -118.354998945215002, 34.001528655805899 ], [ -118.355004148587, 34.0015253481114 ], [ -118.35500930325, 34.001522040559898 ], [ -118.355014506718007, 34.001518755402898 ], [ -118.355019660305004, 34.001515449657298 ], [ -118.355024863772002, 34.0015121644999 ], [ -118.355030066148004, 34.001508877542399 ], [ -118.355035271782995, 34.001505593279603 ], [ -118.355040478495994, 34.001502308112002 ], [ -118.355045684117997, 34.001499021144198 ], [ -118.355050580880004, 34.001495393405001 ], [ -118.355370033176001, 34.001289697611902 ], [ -118.355395335591993, 34.001273441536704 ], [ -118.355402243314998, 34.001269003696201 ], [ -118.355414459947994, 34.001261137928701 ], [ -118.355426578971006, 34.001253228272397 ], [ -118.355438690151999, 34.001245256432398 ], [ -118.355450754586002, 34.001237237849402 ], [ -118.355462817866993, 34.0012292030409 ], [ -118.355484898757993, 34.001214189728699 ], [ -118.355597163393995, 34.001135201378297 ], [ -118.355705591242995, 34.001051023302402 ], [ -118.355809942790998, 34.000961842834499 ], [ -118.355909988310998, 34.000867857196098 ], [ -118.356005506776995, 34.000769272599001 ], [ -118.356096284797005, 34.000666307854097 ], [ -118.356182124176996, 34.000559190742599 ], [ -118.356262834334999, 34.000448157137399 ], [ -118.356338236640994, 34.000333452792397 ], [ -118.356408164417005, 34.000215332441499 ], [ -118.356472463992006, 34.000094055287498 ], [ -118.356530992567002, 33.999969890417397 ], [ -118.356575484960004, 33.999858896878997 ], [ -118.356614547823995, 33.9997458783036 ], [ -118.356648088140005, 33.999631100021197 ], [ -118.356676026973005, 33.999514830926103 ], [ -118.356698299482005, 33.999397344377499 ], [ -118.356878200408005, 33.998296950943804 ], [ -118.356879442245997, 33.998289407773697 ], [ -118.356884921773002, 33.998256235088903 ], [ -118.356894116134001, 33.998199708094397 ], [ -118.356894783691004, 33.998195070451501 ], [ -118.356895452239002, 33.998190411169098 ], [ -118.356896123043001, 33.998185773516603 ], [ -118.356896841479994, 33.998181137526203 ], [ -118.356897566407994, 33.998176500615202 ], [ -118.356898286993996, 33.998171861012501 ], [ -118.356899057381995, 33.998167223967002 ], [ -118.356899878646004, 33.998162587672603 ], [ -118.356900654437993, 33.9981579488081 ], [ -118.356901529916996, 33.998153334891597 ], [ -118.356902351173005, 33.998148696794203 ], [ -118.356903228817004, 33.998144082871299 ], [ -118.356904104289001, 33.998139467151802 ], [ -118.356905032789001, 33.9981348494724 ], [ -118.356905954799998, 33.998130232713699 ], [ -118.356906935278005, 33.998125620289699 ], [ -118.356907862680998, 33.998120999007398 ], [ -118.356908891947, 33.998116405371299 ], [ -118.356909872417006, 33.998111791144296 ], [ -118.356910952548006, 33.998107195554702 ], [ -118.356911981813994, 33.998102601918497 ], [ -118.356913061944994, 33.998098006328803 ], [ -118.356914145418997, 33.998093433267599 ], [ -118.356915276436993, 33.998088841133601 ], [ -118.356916411776993, 33.998084247183698 ], [ -118.356917546117998, 33.9980796730704 ], [ -118.356918729171994, 33.998075099714498 ], [ -118.356919914388996, 33.9980705263524 ], [ -118.356921148314001, 33.998065952845998 ], [ -118.356922386668998, 33.998061402766403 ], [ -118.356923620602004, 33.998056831063103 ], [ -118.356924910890996, 33.998052276322298 ], [ -118.356926199027995, 33.998047724292299 ], [ -118.356927538055004, 33.998043176619497 ], [ -118.356928876053999, 33.998038641571199 ], [ -118.356930217238997, 33.998034092088901 ], [ -118.356931606141003, 33.998029564102197 ], [ -118.356932995018994, 33.998025030706401 ], [ -118.356934440201002, 33.998020501651702 ], [ -118.356935879958996, 33.998015969908401 ], [ -118.356937327398001, 33.998011462483703 ], [ -118.356938816953004, 33.998006932396201 ], [ -118.356940313094995, 33.998002423925897 ], [ -118.356941806085999, 33.997997938003202 ], [ -118.356943354174007, 33.997993427576098 ], [ -118.356944895867997, 33.997988940607797 ], [ -118.356946494832002, 33.997984430931702 ], [ -118.356948090653006, 33.997979945606303 ], [ -118.356949687628997, 33.997975477406499 ], [ -118.356951338646994, 33.997970991016302 ], [ -118.356952986495003, 33.997966522665998 ], [ -118.356956385055994, 33.9979575946764 ], [ -118.356958081694998, 33.997953146015298 ], [ -118.356959837795998, 33.997948680950898 ], [ -118.356961588589002, 33.997944240243399 ], [ -118.356963336204004, 33.997939815772902 ], [ -118.356965144339995, 33.997935369486598 ], [ -118.356966946089997, 33.997930948461999 ], [ -118.356968797628994, 33.997926527290197 ], [ -118.356970657811004, 33.997922102486498 ], [ -118.356972512693005, 33.997917703843001 ], [ -118.356974418427001, 33.997913300541299 ], [ -118.356976325231997, 33.997908894531903 ], [ -118.356978229903007, 33.997904495740897 ], [ -118.356980188774003, 33.997900115721798 ], [ -118.356982145391996, 33.997895714974099 ], [ -118.356984156313004, 33.997891357339199 ], [ -118.356986163890994, 33.997886977175902 ], [ -118.356988176976003, 33.997882619534501 ], [ -118.356990234427997, 33.997878259057202 ], [ -118.356992298378003, 33.997873899462199 ], [ -118.356994407890994, 33.997869564073802 ], [ -118.356996523887005, 33.997865225961498 ], [ -118.356998635565006, 33.9978608905665 ], [ -118.357000747319006, 33.997856573202 ], [ -118.357002909960997, 33.997852259292898 ], [ -118.357005124552998, 33.997847944328598 ], [ -118.357007292583006, 33.997843624994402 ], [ -118.357009558140007, 33.997839331515998 ], [ -118.357011774984002, 33.997835037280097 ], [ -118.357014039557995, 33.997830767244203 ], [ -118.357016308349003, 33.997826471051603 ], [ -118.357018628201004, 33.997822218882703 ], [ -118.357020894930002, 33.997817947037397 ], [ -118.357023264586999, 33.997813698327299 ], [ -118.357025582264995, 33.997809444361799 ], [ -118.357027954070006, 33.997805192039102 ], [ -118.357030373607003, 33.997800964817998 ], [ -118.357032796379997, 33.997796734882598 ], [ -118.357035218163006, 33.997792526586899 ], [ -118.357037645272001, 33.997788298441797 ], [ -118.357040119082001, 33.997784107121198 ], [ -118.357042591744005, 33.997779900477902 ], [ -118.357045114271997, 33.997775711717601 ], [ -118.357047638983005, 33.997771527458397 ], [ -118.357050162677993, 33.9977673585283 ], [ -118.357052687484995, 33.997763196807 ], [ -118.357055264224002, 33.997759029522904 ], [ -118.357057894102994, 33.997754886422697 ], [ -118.357060467701004, 33.9977507443907 ], [ -118.357063097563994, 33.997746597684298 ], [ -118.357065777328998, 33.9977424769747 ], [ -118.357068457088005, 33.997738355363602 ], [ -118.357071139097997, 33.997734253579303 ], [ -118.357073815690995, 33.997730150909497 ], [ -118.357076547492994, 33.997726049879397 ], [ -118.357079278303999, 33.997721970488797 ], [ -118.357082061065995, 33.997717890042999 ], [ -118.357084846096996, 33.997713833931599 ], [ -118.357087626782004, 33.997709774226998 ], [ -118.357090409639994, 33.997705716318897 ], [ -118.357093244539996, 33.997701678992001 ], [ -118.357096130318993, 33.997697643317501 ], [ -118.357096501491995, 33.997697114824 ], [ -118.357098965229994, 33.997693608695002 ], [ -118.357101851097994, 33.997689593755297 ], [ -118.357104734876998, 33.9976855968523 ], [ -118.357107674944004, 33.997681600684203 ], [ -118.357110608528004, 33.997677607239901 ], [ -118.357113548608993, 33.997673614677701 ], [ -118.357116535326, 33.997669643614302 ], [ -118.357119529699006, 33.997665691460199 ], [ -118.357122518668007, 33.9976617411251 ], [ -118.357125556336001, 33.997657788842801 ], [ -118.357128599527996, 33.997653862688402 ], [ -118.357131640538, 33.997649932934301 ], [ -118.357134731426996, 33.9976460237677 ], [ -118.357137819065002, 33.997642113709098 ], [ -118.35714091429, 33.997638206332503 ], [ -118.357144058323001, 33.997634322251301 ], [ -118.357147199188006, 33.997630457111399 ], [ -118.357150343304994, 33.997626592863398 ], [ -118.357153539364006, 33.997622725756997 ], [ -118.357156734444004, 33.997618882994701 ], [ -118.357159981478006, 33.9976150400786 ], [ -118.357163177729007, 33.997611218047901 ], [ -118.357166423761001, 33.997607394066698 ], [ -118.357169720776, 33.997603596078903 ], [ -118.357172969065005, 33.997599793727602 ], [ -118.357176268244004, 33.997595995733199 ], [ -118.357179567496999, 33.997592214867602 ], [ -118.357182914473995, 33.997588457300502 ], [ -118.357186265772, 33.997584697917397 ], [ -118.357189614912997, 33.997580940343703 ], [ -118.357193020430003, 33.997577204239697 ], [ -118.357196416297995, 33.997573489800899 ], [ -118.357199819738, 33.997569774438098 ], [ -118.357203271881005, 33.997566058029498 ], [ -118.357206726307993, 33.9975623695615 ], [ -118.357210178635, 33.9975586964256 ], [ -118.357213634123994, 33.9975550034466 ], [ -118.357217135246998, 33.997551350901297 ], [ -118.357220641799998, 33.997547702847399 ], [ -118.357224198110998, 33.997544047433998 ], [ -118.357227700430997, 33.997540421930701 ], [ -118.357231309978005, 33.997536813239101 ], [ -118.35723486325, 33.997533206516898 ], [ -118.357238472804994, 33.997529599628002 ], [ -118.357242082447996, 33.997526013474001 ], [ -118.357245689926003, 33.997522427326302 ], [ -118.357249347280998, 33.997518861765997 ], [ -118.357362083062, 33.997414614008001 ], [ -118.357806330966994, 33.997156167753403 ], [ -118.357820215375995, 33.997166431979998 ], [ -118.357821525602006, 33.997173647549602 ], [ -118.358203202503006, 33.999274843455503 ], [ -118.359045202854006, 34.001024843631001 ], [ -118.359135202947996, 34.001635844209503 ], [ -118.357504202599998, 34.007247844862299 ], [ -118.357555203063001, 34.0091498446061 ], [ -118.357808691998997, 34.009129036161198 ], [ -118.357808039904, 34.009134767323502 ], [ -118.357841583921001, 34.009131782981001 ], [ -118.358627203222994, 34.009061844586199 ], [ -118.358627482439005, 34.009061825726 ], [ -118.361089426513999, 34.008429289204997 ], [ -118.361448320440005, 34.0083370954478 ], [ -118.361448226324995, 34.008335606400401 ], [ -118.361460203681006, 34.007694844341998 ], [ -118.361994202923, 34.007487844562597 ], [ -118.361994218708006, 34.007487739937702 ], [ -118.361994817831004, 34.007487602009697 ], [ -118.361994641590002, 34.007484897043703 ], [ -118.362071427136001, 34.0069687845616 ], [ -118.362081485806002, 34.006947990325997 ], [ -118.362447497380998, 34.006556758755998 ], [ -118.362471490860997, 34.006542410058103 ], [ -118.362541071007996, 34.006508289991501 ], [ -118.362554341687996, 34.006501827622699 ], [ -118.362578005136996, 34.006488267833099 ], [ -118.362599255491006, 34.0064711704686 ], [ -118.362617567396001, 34.0064509581238 ], [ -118.362632489437999, 34.006428128900097 ], [ -118.362643653833004, 34.0064032446558 ], [ -118.362650785040998, 34.006376920162502 ], [ -118.362653709425999, 34.006349804143397 ], [ -118.362653071644004, 34.0063370178434 ], [ -118.362668203268001, 34.006320843988497 ], [ -118.365038844392004, 34.005559958906503 ], [ -118.365341231626005, 34.005759988914697 ], [ -118.365764051309, 34.006040062621402 ], [ -118.366235751413996, 34.006352568783598 ], [ -118.366316438194005, 34.006444520801502 ], [ -118.366855204410996, 34.007080843900297 ], [ -118.367185013238995, 34.007092837482098 ], [ -118.367184987222004, 34.007093322585099 ], [ -118.367166884485002, 34.007433729099397 ], [ -118.367137741237002, 34.007981798140101 ], [ -118.367087357303006, 34.008928593403702 ], [ -118.367070035848997, 34.009254049273899 ], [ -118.366919048393996, 34.012092511810501 ], [ -118.366907555387002, 34.012308557275801 ], [ -118.366890058256999, 34.012637475597202 ], [ -118.366843696187004, 34.0135089691871 ], [ -118.366731403713004, 34.015619839871398 ], [ -118.366731580210995, 34.015619846547402 ], [ -118.366731204889007, 34.015626845375699 ], [ -118.372661206326995, 34.015843844598301 ], [ -118.372661548986997, 34.015837402095798 ], [ -118.372661965868005, 34.015837417036401 ], [ -118.372721951821006, 34.0147096409857 ], [ -118.372793276576999, 34.013367982139499 ], [ -118.372870205276001, 34.011925843868703 ], [ -118.373105205987002, 34.011917844138402 ], [ -118.373938206058, 34.013871844360402 ], [ -118.374082206189001, 34.0151388445503 ], [ -118.373748206122002, 34.016380844925401 ], [ -118.372639206198997, 34.018475844609803 ], [ -118.372825206005999, 34.018367844649099 ], [ -118.375656235475006, 34.018512247099601 ], [ -118.375804175219002, 34.0185208398117 ], [ -118.375804467240002, 34.018519808451501 ], [ -118.375903206486996, 34.018524844398101 ], [ -118.375881463176995, 34.018248059733203 ], [ -118.375926813697006, 34.018087481873103 ], [ -118.375959701202007, 34.018086878198098 ], [ -118.376586686066005, 34.018076444925903 ], [ -118.376933489096004, 34.018070708804899 ], [ -118.376997988306996, 34.018069653634598 ], [ -118.377566722911993, 34.018060285186799 ], [ -118.377570359304997, 34.018060225130199 ], [ -118.377572796213997, 34.0180592285272 ], [ -118.377578474866993, 34.018058768112901 ], [ -118.377639035254006, 34.018053855544601 ], [ -118.377984536064005, 34.018023508651503 ], [ -118.378410349527996, 34.018407207208099 ], [ -118.378600610101998, 34.018578875392301 ], [ -118.378653587008998, 34.018626679751598 ], [ -118.378772207503005, 34.018733845064801 ], [ -118.380902207608003, 34.020125844885598 ], [ -118.381352415788001, 34.020686389142099 ], [ -118.381354422962005, 34.020695624409299 ], [ -118.378347207383996, 34.021185845278097 ], [ -118.378411108536, 34.021315644134503 ], [ -118.378358946551003, 34.021323912409201 ], [ -118.378297648742006, 34.021333629204001 ], [ -118.378186170988997, 34.021351298731801 ], [ -118.378114477948998, 34.021362662643597 ], [ -118.377961206777996, 34.021386844808802 ], [ -118.377961207279, 34.021386955695696 ], [ -118.377954321870007, 34.021388047372199 ], [ -118.377955455402002, 34.021471471618099 ], [ -118.377955655847998, 34.021493562137003 ], [ -118.377956056585006, 34.021515650225702 ], [ -118.377958947907004, 34.021728428030698 ], [ -118.377959865106007, 34.021795353111898 ], [ -118.377960492979994, 34.021841125545897 ], [ -118.377962735881994, 34.021978881671302 ], [ -118.377963779199007, 34.022047839313799 ], [ -118.377872844120006, 34.022112093116696 ], [ -118.377651486393006, 34.022268810390599 ], [ -118.377188704003004, 34.023284136697399 ], [ -118.376967207472006, 34.023752845540102 ], [ -118.376900981073007, 34.023814451181998 ], [ -118.376848387161999, 34.023856542035404 ], [ -118.376846960044006, 34.023864702653498 ], [ -118.376709207328005, 34.023992845461301 ], [ -118.376381207123003, 34.025853845230998 ], [ -118.376655207843996, 34.026012845895799 ], [ -118.376522990962997, 34.026688095947897 ], [ -118.376487207707001, 34.026870845403302 ], [ -118.376453702055002, 34.026865261217097 ], [ -118.376163207233006, 34.026816845665302 ], [ -118.376249207556995, 34.026604845558502 ], [ -118.361022204785996, 34.025315846085803 ] ] ] } },
{ "type": "Feature", "properties": { "objectid": 6, "name": "Bel-Air", "area_sqmi": 6.3378763343846529, "source_url": "https://services5.arcgis.com/7nsPwEMP38bSkCjy/arcgis/rest/services/LA_Times_Neighborhoods/FeatureServer/0", "fetched_at": "2025-12-07T08:52:51.283518" }, "geometry": { "type": "Polygon", "coordinates": [ [ [ -118.461647230257995, 34.1307738519669 ], [ -118.460771230115, 34.130335852138302 ], [ -118.459623229225002, 34.130479852363003 ], [ -118.459610516991006, 34.1304672674299 ], [ -118.458528229937997, 34.129395852324897 ], [ -118.458436229735, 34.127517852417398 ], [ -118.459440229020998, 34.126829852231303 ], [ -118.458444229288006, 34.126043851474698 ], [ -118.457647228591995, 34.126351851691503 ], [ -118.457149228991, 34.126058851820503 ], [ -118.455657228852999, 34.124481851918702 ], [ -118.455964228978004, 34.1233688522207 ], [ -118.456240228167005, 34.119348850914299 ], [ -118.455580228597, 34.118649851396903 ], [ -118.455652228223002, 34.118373851513802 ], [ -118.455199228241995, 34.118413851418097 ], [ -118.455348228423006, 34.117864851585097 ], [ -118.455268228213001, 34.115909851399699 ], [ -118.457469228533995, 34.115225850979897 ], [ -118.456291228379001, 34.1144378508695 ], [ -118.456509227699001, 34.114179851019401 ], [ -118.457110227995997, 34.1140418507986 ], [ -118.457163227625003, 34.113723850672201 ], [ -118.456191228002993, 34.113130850212599 ], [ -118.456165227580001, 34.112837850895801 ], [ -118.456310228044998, 34.112651850646699 ], [ -118.457222228099994, 34.112717850939099 ], [ -118.457638228319993, 34.112563850447103 ], [ -118.457830228315004, 34.111485850162197 ], [ -118.457651228320998, 34.111305850787097 ], [ -118.457862227682, 34.1111068500431 ], [ -118.458060227698994, 34.110166850463699 ], [ -118.457743227734994, 34.110001850255898 ], [ -118.45733422811, 34.110134850354598 ], [ -118.455814226936994, 34.109859850443399 ], [ -118.455714226864998, 34.109743850672302 ], [ -118.455833227891006, 34.109491850029102 ], [ -118.456897227574999, 34.109402850117 ], [ -118.457168227894002, 34.109182850458197 ], [ -118.456587226965993, 34.108953850180299 ], [ -118.456434227011002, 34.108673850407499 ], [ -118.456633227119994, 34.108535850161303 ], [ -118.456514227667995, 34.108282850210799 ], [ -118.455357227362995, 34.107337850342397 ], [ -118.455046226744997, 34.1068708501912 ], [ -118.453235227022006, 34.105823849767901 ], [ -118.453236226632995, 34.105364850263697 ], [ -118.452231226723995, 34.105242850099799 ], [ -118.451213226714003, 34.105396850117501 ], [ -118.449987226074001, 34.1047278501051 ], [ -118.449309225454002, 34.103512850139801 ], [ -118.449675226169006, 34.102613849602498 ], [ -118.449462225698994, 34.102496849803401 ], [ -118.448887225421998, 34.102560849890097 ], [ -118.448477225866, 34.102191850040398 ], [ -118.448057225023007, 34.102069849649297 ], [ -118.447031225020993, 34.101140849955101 ], [ -118.446844224835004, 34.100786849525598 ], [ -118.446823225016004, 34.099649849736501 ], [ -118.445125224324997, 34.099275850028803 ], [ -118.443827224315001, 34.098655850020798 ], [ -118.443682223981995, 34.098771849712797 ], [ -118.443894224508995, 34.099286849890802 ], [ -118.443468223978002, 34.099709849741402 ], [ -118.443213223919997, 34.099325849440199 ], [ -118.442367224739996, 34.098678849863198 ], [ -118.441155223953004, 34.096902849539099 ], [ -118.440450908497994, 34.094199030160198 ], [ -118.440441223137, 34.094161849094498 ], [ -118.440428155578005, 34.094149332902198 ], [ -118.439445223335994, 34.093207849094497 ], [ -118.438687222815005, 34.092012848970001 ], [ -118.438264222518995, 34.090977849601003 ], [ -118.438079223046998, 34.089953849401397 ], [ -118.436265222786005, 34.0878058493265 ], [ -118.435255748795001, 34.0853296691918 ], [ -118.435245222229995, 34.085303849230201 ], [ -118.435223590931002, 34.085201485501997 ], [ -118.434714635660001, 34.082793005574203 ], [ -118.434668615402998, 34.082575230014598 ], [ -118.434655221168001, 34.082511848771397 ], [ -118.434798734458994, 34.082311870881597 ], [ -118.434872343750996, 34.082209301315302 ], [ -118.434899221221002, 34.082171848473699 ], [ -118.435316221096002, 34.080813848074897 ], [ -118.436836222286004, 34.080137848439399 ], [ -118.440223889544001, 34.077742025552602 ], [ -118.440313222276998, 34.0776788475101 ], [ -118.440967222371995, 34.077487847725301 ], [ -118.442831222454004, 34.077412847463499 ], [ -118.444161222239003, 34.076801847578601 ], [ -118.444165185911999, 34.076796025302301 ], [ -118.444513222976994, 34.076284847403002 ], [ -118.444986222419004, 34.074137846982701 ], [ -118.445586222266996, 34.073651846938297 ], [ -118.448719223268, 34.073520846835699 ], [ -118.449135223191007, 34.073792846987899 ], [ -118.449945223542997, 34.075071846454698 ], [ -118.450465223991998, 34.075580846563298 ], [ -118.453264224055999, 34.076924847016201 ], [ -118.453732224402003, 34.077009846803598 ], [ -118.454336224638993, 34.076819846715701 ], [ -118.457210225256006, 34.074460846392803 ], [ -118.457768224638002, 34.074294846136503 ], [ -118.458740224669, 34.074462846583401 ], [ -118.459193225052999, 34.0743868458771 ], [ -118.461080406445006, 34.073140356468301 ], [ -118.461140225172997, 34.073100846316798 ], [ -118.462248225308002, 34.073114845782698 ], [ -118.463433225740005, 34.0739338455313 ], [ -118.463911225385999, 34.074046845879003 ], [ -118.463974262619004, 34.074028702830098 ], [ -118.466355836068999, 34.073343245603503 ], [ -118.466357225983998, 34.073342845363698 ], [ -118.468431227205002, 34.075761846230201 ], [ -118.469105187455995, 34.077396127460098 ], [ -118.469130227080001, 34.077456846180603 ], [ -118.471802228021005, 34.0798428457285 ], [ -118.473467050435005, 34.082255592604497 ], [ -118.473674227645006, 34.082555846533097 ], [ -118.473715874633996, 34.082699011630702 ], [ -118.474259228250006, 34.0845668466186 ], [ -118.474818228911005, 34.088659847259798 ], [ -118.475429229341998, 34.0886008466804 ], [ -118.475910228846004, 34.092026847205702 ], [ -118.475694229035, 34.092143847614999 ], [ -118.475741229510007, 34.094758847777001 ], [ -118.475471229093003, 34.095155847616297 ], [ -118.474973229162003, 34.095381847810799 ], [ -118.475005229279006, 34.095569847962601 ], [ -118.475568229057004, 34.0962408476652 ], [ -118.476887229650998, 34.0965618473627 ], [ -118.477606229697997, 34.097803847302899 ], [ -118.477892229689999, 34.098789847838397 ], [ -118.477895229824, 34.100055847742702 ], [ -118.477235230152999, 34.102544848507002 ], [ -118.477339229997, 34.104159848410198 ], [ -118.478028230739994, 34.105629848871502 ], [ -118.481615231923001, 34.110630849361598 ], [ -118.481814232304998, 34.110527848543299 ], [ -118.482111232316996, 34.111303849026498 ], [ -118.482251242846999, 34.112566781310598 ], [ -118.482259231697995, 34.1126388491776 ], [ -118.481916231943003, 34.1175168495798 ], [ -118.481575232661996, 34.118802850091299 ], [ -118.480963232031002, 34.119824850411497 ], [ -118.478635232415996, 34.122701850236702 ], [ -118.478427232008997, 34.122614850257101 ], [ -118.477668231728003, 34.123551850371797 ], [ -118.475683231578998, 34.1263508509386 ], [ -118.474468232356003, 34.126473850849699 ], [ -118.473648231943997, 34.126829851223903 ], [ -118.471556231855004, 34.129571851197099 ], [ -118.470663387200005, 34.130097681450799 ], [ -118.470634231120997, 34.130114852108903 ], [ -118.469795231874997, 34.130276851829201 ], [ -118.468978230863001, 34.129589851650003 ], [ -118.467494230648001, 34.129379851996902 ], [ -118.465593230834003, 34.130225852040503 ], [ -118.464093230619994, 34.130137852344703 ], [ -118.462964230533004, 34.131079852309902 ], [ -118.461647230257995, 34.1307738519669 ] ] ] } },
{ "type": "Feature", "properties": { "objectid": 7, "name": "Beverly Crest", "area_sqmi": 8.1074433924705378, "source_url": "https://services5.arcgis.com/7nsPwEMP38bSkCjy/arcgis/rest/services/LA_Times_Neighborhoods/FeatureServer/0", "fetched_at": "2025-12-07T08:52:51.283518" }, "geometry": { "type": "Polygon", "coordinates": [ [ [ -118.429096225397004, 34.079202858440802 ], [ -118.429287161049999, 34.079226224097603 ], [ -118.429460180564007, 34.079247420488201 ], [ -118.429692215873004, 34.079275856080699 ], [ -118.430036719586994, 34.0795363881005 ], [ -118.430247214606993, 34.079695552859803 ], [ -118.430291220084996, 34.079728843086997 ], [ -118.430958225734003, 34.081415837806702 ], [ -118.431920168071997, 34.082349132183303 ], [ -118.431965209911993, 34.082392851500501 ], [ -118.432055653174004, 34.082410024397198 ], [ -118.433406650031998, 34.082666427815198 ], [ -118.433867211465994, 34.082753844891897 ], [ -118.433981532264994, 34.082728359763998 ], [ -118.434238728118999, 34.082671039390902 ], [ -118.434668615499007, 34.082575227872702 ], [ -118.434706215464004, 34.082566848908499 ], [ -118.434714640996006, 34.0827930043001 ], [ -118.434731226405006, 34.083238854208297 ], [ -118.435223584775002, 34.085201479567402 ], [ -118.435255755845006, 34.085329677271098 ], [ -118.435307214594005, 34.085534853745102 ], [ -118.436265213612003, 34.087805857296502 ], [ -118.438079235613003, 34.089953854502198 ], [ -118.438264217861004, 34.090977846558502 ], [ -118.438687225156002, 34.0920128461158 ], [ -118.439445221512997, 34.093207850284998 ], [ -118.440392212587994, 34.094070846898703 ], [ -118.440428158676994, 34.094149331344497 ], [ -118.440450896152996, 34.094199032533503 ], [ -118.440658221552994, 34.094651850498899 ], [ -118.441155223718994, 34.096902857675602 ], [ -118.442367224614003, 34.098678846121203 ], [ -118.443213215930001, 34.099325858690896 ], [ -118.443468229344006, 34.099709842696399 ], [ -118.443894211897003, 34.099286841900003 ], [ -118.443682217993, 34.0987718539075 ], [ -118.443827225004995, 34.098655845451802 ], [ -118.445125231903006, 34.099275851360602 ], [ -118.446823230876007, 34.099649845355302 ], [ -118.446844222804998, 34.100786858886003 ], [ -118.447031225600995, 34.101140860127899 ], [ -118.448057217520002, 34.102069841095002 ], [ -118.448477234566994, 34.102191852266103 ], [ -118.448887223656001, 34.102560844725502 ], [ -118.449462222853001, 34.102496858211303 ], [ -118.449675218409993, 34.102613860236403 ], [ -118.449309226905001, 34.103512859886401 ], [ -118.449987221891007, 34.104727847263298 ], [ -118.451213216404994, 34.105396853153501 ], [ -118.452231230264999, 34.105242857967497 ], [ -118.453236232419002, 34.105364851725597 ], [ -118.453235236328993, 34.105823839738399 ], [ -118.455046236675003, 34.106870851282203 ], [ -118.455357216441996, 34.107337852448303 ], [ -118.456514238164004, 34.108282841851299 ], [ -118.456633230877998, 34.108535842672197 ], [ -118.456434223149998, 34.108673860463597 ], [ -118.456587225028002, 34.108953846872701 ], [ -118.457168226305001, 34.1091828598951 ], [ -118.456897219538007, 34.109402857762397 ], [ -118.455833229855003, 34.109491845973999 ], [ -118.455714229180998, 34.109743856021801 ], [ -118.455814227424, 34.1098598565396 ], [ -118.457334224484995, 34.110134849871798 ], [ -118.457743221087, 34.110001853184201 ], [ -118.458060238501005, 34.110166856700999 ], [ -118.457862240010996, 34.111106850658999 ], [ -118.457651224865003, 34.111305841942297 ], [ -118.457830220776003, 34.111485859555998 ], [ -118.457638237186998, 34.112563847734101 ], [ -118.457222219111003, 34.112717844766898 ], [ -118.456310215802006, 34.1126518430519 ], [ -118.456165222340999, 34.112837851928397 ], [ -118.456191237604003, 34.113130855437902 ], [ -118.457163220178998, 34.113723840758503 ], [ -118.457110240557, 34.114041852488597 ], [ -118.456509219026998, 34.114179844609303 ], [ -118.456291236390996, 34.1144378537007 ], [ -118.457469240815996, 34.115225846195301 ], [ -118.455268215638, 34.115909861076403 ], [ -118.455348218346003, 34.117864859302998 ], [ -118.455199227631994, 34.1184138619439 ], [ -118.455652216429002, 34.118373856145197 ], [ -118.455580233827007, 34.118649861699502 ], [ -118.456240216875997, 34.119348858399803 ], [ -118.455964217165004, 34.123368848532003 ], [ -118.455657217520994, 34.124481852423997 ], [ -118.457149235079996, 34.126058856608601 ], [ -118.457647223270996, 34.126351855760198 ], [ -118.458444232917003, 34.126043861773702 ], [ -118.459440236692004, 34.126829842682902 ], [ -118.458436234196995, 34.127517859744898 ], [ -118.458528239448, 34.129395848683501 ], [ -118.459610528639004, 34.130467260916603 ], [ -118.459623221784994, 34.130479857273201 ], [ -118.458730899708996, 34.1307006099875 ], [ -118.458568222912007, 34.130740857082102 ], [ -118.458521061916997, 34.130793439248798 ], [ -118.457775226945003, 34.131624843032697 ], [ -118.456995217721996, 34.132091845649903 ], [ -118.456360217203994, 34.132233850761303 ], [ -118.455916221834002, 34.132757862793397 ], [ -118.455540224353996, 34.132912862044499 ], [ -118.454654229026005, 34.132893849626001 ], [ -118.453920220951005, 34.132295849262903 ], [ -118.453310216928998, 34.1320308625357 ], [ -118.453197830917006, 34.132015075655303 ], [ -118.451401237333997, 34.131762851893399 ], [ -118.449571240384998, 34.131873855899897 ], [ -118.448704221309995, 34.131270844356003 ], [ -118.446378227522999, 34.130525845921703 ], [ -118.443362133120999, 34.130317887656098 ], [ -118.443260227281996, 34.130310854963199 ], [ -118.442830758425998, 34.130549671229197 ], [ -118.441949239223007, 34.131039854594498 ], [ -118.441537453736004, 34.131113813747 ], [ -118.441242219165005, 34.131166844220701 ], [ -118.440611218247, 34.131517849562798 ], [ -118.439426234574, 34.131212853271798 ], [ -118.438473225696001, 34.131603853087597 ], [ -118.435757213369996, 34.130675848456796 ], [ -118.434993233892001, 34.130583862257502 ], [ -118.434122220248994, 34.130873848046299 ], [ -118.433452216828996, 34.1315398474893 ], [ -118.432898215058998, 34.131835857504903 ], [ -118.431765224009993, 34.131965862104998 ], [ -118.431042218960002, 34.131670854146499 ], [ -118.430022214383001, 34.132059857802602 ], [ -118.429385214210996, 34.131333844542503 ], [ -118.428648221743998, 34.131449853851301 ], [ -118.427463225037002, 34.1311738509864 ], [ -118.426795231141, 34.131217859186599 ], [ -118.424653214155001, 34.130207845649302 ], [ -118.423202223081006, 34.130258854402598 ], [ -118.422350214065006, 34.129800853937901 ], [ -118.421411226144997, 34.1299028621779 ], [ -118.421184226315006, 34.129686848929801 ], [ -118.420779235961007, 34.128471844666997 ], [ -118.419492234087002, 34.127634861955897 ], [ -118.418056214721005, 34.127119863067598 ], [ -118.416817215528994, 34.127207845448403 ], [ -118.416256231109998, 34.1266778469165 ], [ -118.415450218847994, 34.126416865339301 ], [ -118.414952227022994, 34.126524863604999 ], [ -118.414590223990999, 34.126965854397099 ], [ -118.414507231857996, 34.127538859792303 ], [ -118.414083229569002, 34.128081862457698 ], [ -118.414219229707001, 34.128718864435598 ], [ -118.414023231263997, 34.128987863291101 ], [ -118.413207231244996, 34.128949845084698 ], [ -118.412588219350994, 34.129448855717101 ], [ -118.412129214296002, 34.129572853065604 ], [ -118.409008212594003, 34.129704855096897 ], [ -118.407525209613993, 34.129453859432097 ], [ -118.407019707139995, 34.129090823075998 ], [ -118.406968232305999, 34.129053856933197 ], [ -118.406673207552998, 34.128059855743899 ], [ -118.406270529782006, 34.1276102337632 ], [ -118.406201228358, 34.127532860230197 ], [ -118.406076742961005, 34.127547425859902 ], [ -118.405401786764003, 34.127626503692902 ], [ -118.404929231520995, 34.127681864805901 ], [ -118.404317282321998, 34.127946744798102 ], [ -118.404266224178002, 34.127968855767897 ], [ -118.403928227711006, 34.127850860406802 ], [ -118.403875222585, 34.127202857363002 ], [ -118.403380229223004, 34.126598858077102 ], [ -118.403316209332004, 34.125972853240903 ], [ -118.403025228933998, 34.125313857855097 ], [ -118.402270213506, 34.124888861437597 ], [ -118.401957221394994, 34.1244758515002 ], [ -118.400907209104005, 34.124123852093099 ], [ -118.400207227402007, 34.123510859212502 ], [ -118.399957218853999, 34.123045855043699 ], [ -118.399025210822998, 34.122452858208298 ], [ -118.398782230297002, 34.121797859111197 ], [ -118.398135206576001, 34.121451847491798 ], [ -118.398167230248006, 34.119823853621597 ], [ -118.397391394262996, 34.119097486518399 ], [ -118.397367229772996, 34.119074852948302 ], [ -118.396238221016006, 34.119115849428503 ], [ -118.395218228401006, 34.119792851384503 ], [ -118.394081227990995, 34.120270854036903 ], [ -118.393241229116995, 34.120109854512599 ], [ -118.392786213408002, 34.121242863269799 ], [ -118.392069222131994, 34.1215808630851 ], [ -118.391403219042999, 34.1221918508488 ], [ -118.390516216717998, 34.122260862609203 ], [ -118.390040646749995, 34.122927043865303 ], [ -118.390022207448993, 34.1229528648268 ], [ -118.389605332664004, 34.1230824584621 ], [ -118.389020370615995, 34.123264307911001 ], [ -118.388983227189001, 34.123275848369403 ], [ -118.387753206501003, 34.1233568489559 ], [ -118.387476203049005, 34.123273432948302 ], [ -118.387370607907002, 34.123241634011599 ], [ -118.387328214676003, 34.123228846211198 ], [ -118.387304195620004, 34.123175983391803 ], [ -118.386725213877995, 34.121900863525703 ], [ -118.388372221637994, 34.121541856110802 ], [ -118.388615226276997, 34.121386849763297 ], [ -118.388696206896995, 34.121093853354601 ], [ -118.388957214851004, 34.121063860278198 ], [ -118.389965220297, 34.121493855389701 ], [ -118.390224288987994, 34.121501692241601 ], [ -118.390356856720004, 34.121505686533801 ], [ -118.390395220081004, 34.121506850695503 ], [ -118.391198224690001, 34.1212348538076 ], [ -118.391760217053999, 34.120743844859199 ], [ -118.390973227431999, 34.120166846355303 ], [ -118.391066213968003, 34.119815846222401 ], [ -118.390799228987007, 34.119355858836698 ], [ -118.389291220247003, 34.118932849318398 ], [ -118.389555206889995, 34.118385855891397 ], [ -118.390444210485995, 34.117797858629899 ], [ -118.390292218417002, 34.117164853949497 ], [ -118.391020228341006, 34.116992861540297 ], [ -118.391392205071, 34.117148845269 ], [ -118.391732218417005, 34.117087848271503 ], [ -118.391480207640001, 34.116533848999602 ], [ -118.390553213127006, 34.115073855316602 ], [ -118.390006222215007, 34.114557859520403 ], [ -118.388484214448994, 34.113918854236999 ], [ -118.387560224864004, 34.1139358609243 ], [ -118.387489212381993, 34.113744852817199 ], [ -118.388301218806006, 34.1136078576247 ], [ -118.388743212777996, 34.113122851322402 ], [ -118.389217204090997, 34.113008855489099 ], [ -118.389394220491994, 34.113132863324502 ], [ -118.389248217645005, 34.113477850129897 ], [ -118.389726059148003, 34.113691203531999 ], [ -118.389743207150005, 34.113698855198201 ], [ -118.390489216866001, 34.113247854282598 ], [ -118.390907208102007, 34.113240856899999 ], [ -118.391616210775993, 34.112941853925101 ], [ -118.391595235317993, 34.112431136715102 ], [ -118.392067679207003, 34.112434628380697 ], [ -118.392073151161, 34.112434675031601 ], [ -118.392176988732999, 34.112435454433601 ], [ -118.392297267776996, 34.112436330650702 ], [ -118.392312960766006, 34.112436429982502 ], [ -118.392524184351998, 34.1124351429999 ], [ -118.392647759477001, 34.1124343980714 ], [ -118.392706578925996, 34.112434035204899 ], [ -118.392706630545007, 34.112434035037197 ], [ -118.392845097546996, 34.112433177110098 ], [ -118.393007772812993, 34.1124319826856 ], [ -118.393282666524996, 34.112429993540196 ], [ -118.393283156907998, 34.112429991944303 ], [ -118.393441160913, 34.112428876541799 ], [ -118.393769918282004, 34.112426474768199 ], [ -118.393806077028998, 34.112426228136997 ], [ -118.393944569108996, 34.112425218593302 ], [ -118.396534735133002, 34.112419001505302 ], [ -118.396557035094006, 34.112419014203098 ], [ -118.396596059923993, 34.112419014946802 ], [ -118.396596059212001, 34.112418864673998 ], [ -118.396596214070001, 34.112418864165797 ], [ -118.396594479133995, 34.112151058054103 ], [ -118.396594116518997, 34.112085496338402 ], [ -118.396591852677005, 34.111695303582202 ], [ -118.396591980427999, 34.1116678242768 ], [ -118.396592457910998, 34.111648780700499 ], [ -118.399215226596993, 34.111491844826702 ], [ -118.400085214135004, 34.110939862225003 ], [ -118.399657901949993, 34.110274032934903 ], [ -118.399523346397004, 34.110061065651003 ], [ -118.399389918127994, 34.109851615227697 ], [ -118.398919901612999, 34.109115166384299 ], [ -118.398864984105003, 34.109029476140797 ], [ -118.398692996983002, 34.108759741615998 ], [ -118.399280004152004, 34.108756129012001 ], [ -118.399480379158007, 34.108754951556001 ], [ -118.399485824758997, 34.108754933554003 ], [ -118.399768011375997, 34.108753184589297 ], [ -118.400030406636006, 34.108752294794499 ], [ -118.400668007264997, 34.108750354194399 ], [ -118.401035185865993, 34.108749265028401 ], [ -118.401035184115003, 34.108748900080201 ], [ -118.401050230489005, 34.108748850145901 ], [ -118.401022742815996, 34.106058114261799 ], [ -118.401018378508994, 34.105099716733498 ], [ -118.401018361417997, 34.105096153122297 ], [ -118.40101518006, 34.1048202584984 ], [ -118.401013409390004, 34.104687829029501 ], [ -118.401011981495998, 34.104551534205498 ], [ -118.401004216857004, 34.103901126189001 ], [ -118.401002457171998, 34.103776360720097 ], [ -118.400998529887005, 34.103420243123097 ], [ -118.400997112951003, 34.103302367707499 ], [ -118.400996215755001, 34.1032336734757 ], [ -118.400993739418993, 34.1029863717418 ], [ -118.400987694997994, 34.102425543501298 ], [ -118.400987808279993, 34.102422258540201 ], [ -118.400986734060993, 34.102338172429803 ], [ -118.400983530267993, 34.102041411128504 ], [ -118.400980689977004, 34.101766631729703 ], [ -118.400977836691993, 34.101516046673297 ], [ -118.400977488416999, 34.101491853532103 ], [ -118.400974622153001, 34.101217031288698 ], [ -118.400973564851, 34.101120322014197 ], [ -118.400971756112995, 34.100942251982701 ], [ -118.400970967508002, 34.100869285288603 ], [ -118.400970694802993, 34.100844705475303 ], [ -118.400970684547005, 34.100831803315799 ], [ -118.400968915898005, 34.100667472593599 ], [ -118.400967471358996, 34.100543822421699 ], [ -118.400966049895999, 34.100392693292598 ], [ -118.400964969580997, 34.1003127075724 ], [ -118.400962830256006, 34.100103359947902 ], [ -118.400962220479002, 34.1000515385198 ], [ -118.400961400249997, 34.099982736700497 ], [ -118.400959247806, 34.099759885828398 ], [ -118.400958560101998, 34.09970795732 ], [ -118.400955355717002, 34.099416412740197 ], [ -118.400955330157004, 34.099405700355298 ], [ -118.400953194988006, 34.099213355280497 ], [ -118.400951763373001, 34.099076244714098 ], [ -118.400951759058998, 34.099059199235803 ], [ -118.400950694431003, 34.098966332742201 ], [ -118.400947819829, 34.098695117152602 ], [ -118.400946667541007, 34.098589348758502 ], [ -118.400946651381005, 34.0985859783558 ], [ -118.400946609209001, 34.098582565103698 ], [ -118.400946592842999, 34.098579151766003 ], [ -118.400946550567994, 34.098575717046401 ], [ -118.400946533893006, 34.098572239306002 ], [ -118.400946517321003, 34.098568783033201 ], [ -118.400946500543, 34.098565283825401 ], [ -118.400946457958995, 34.098561784703101 ], [ -118.400946441181006, 34.098558285495301 ], [ -118.400946398494995, 34.098554764905501 ], [ -118.400946355705003, 34.098551222848201 ], [ -118.400946338720999, 34.098547680705302 ], [ -118.400946269920993, 34.098544095798601 ], [ -118.400946020977003, 34.098519086550901 ], [ -118.400943345003, 34.098278526430697 ], [ -118.400939890532001, 34.097940182729502 ], [ -118.400939612607004, 34.097898364233203 ], [ -118.400939113790002, 34.097864296372499 ], [ -118.400923208205995, 34.096306854938398 ], [ -118.400922148361005, 34.096306472033497 ], [ -118.400922140126994, 34.096304754630999 ], [ -118.400918200948993, 34.095940629646201 ], [ -118.400917963446005, 34.095918003296703 ], [ -118.400909636725004, 34.095144650830299 ], [ -118.400909568209002, 34.0951357418909 ], [ -118.400912216997995, 34.095133843929098 ], [ -118.400900225496002, 34.093999714601402 ], [ -118.400916068184003, 34.093994080386302 ], [ -118.401270494979997, 34.093887260401701 ], [ -118.401285633295004, 34.093890795258297 ], [ -118.401291520919003, 34.093880921950699 ], [ -118.401409353763995, 34.093845409092403 ], [ -118.401409612319, 34.093845515572802 ], [ -118.401413234453003, 34.093847500050899 ], [ -118.401465845692002, 34.093916580599497 ], [ -118.401553653540006, 34.094152113370598 ], [ -118.401563717322006, 34.094168245230598 ], [ -118.401576275335998, 34.094182544030701 ], [ -118.401590990173005, 34.094194603001903 ], [ -118.401607473224004, 34.094204101417198 ], [ -118.401625284789006, 34.094210826058699 ], [ -118.401643933559001, 34.0942145638803 ], [ -118.401662928842001, 34.094215230641403 ], [ -118.401681806162998, 34.094212827886103 ], [ -118.401700049439995, 34.094207357330099 ], [ -118.401709527487995, 34.094203611876097 ], [ -118.401743490206997, 34.094188342634901 ], [ -118.401775265264007, 34.094168894423802 ], [ -118.401804312316003, 34.094145591059501 ], [ -118.401830168643997, 34.094118799036899 ], [ -118.401845066695998, 34.094099170789001 ], [ -118.401857764284003, 34.094078068574902 ], [ -118.401918247523994, 34.093964839045498 ], [ -118.402075670295005, 34.093796436513301 ], [ -118.402077059475005, 34.093795551707601 ], [ -118.402430011299998, 34.0936722673652 ], [ -118.402431047896997, 34.093673187031001 ], [ -118.402527331312001, 34.093760541083398 ], [ -118.403058824370007, 34.094242697994702 ], [ -118.403072192135994, 34.0942536234828 ], [ -118.403213418768004, 34.094381809223101 ], [ -118.403234340184, 34.094401962138299 ], [ -118.403479602952999, 34.094624688316699 ], [ -118.403598333006997, 34.094732275173797 ], [ -118.403734402683, 34.0948556043314 ], [ -118.403736476350005, 34.094857529510797 ], [ -118.403777426686005, 34.094894596492601 ], [ -118.403956599717006, 34.095057174898301 ], [ -118.404016911949, 34.095111952464698 ], [ -118.404307640409996, 34.095376022345199 ], [ -118.404371088101001, 34.095433408325597 ], [ -118.404642792076999, 34.095679722742403 ], [ -118.404650413293993, 34.095686867489 ], [ -118.404673764953998, 34.0957078277984 ], [ -118.40474097309, 34.095768979338303 ], [ -118.404852371900006, 34.095870020366299 ], [ -118.405036241580007, 34.096037089707302 ], [ -118.405331720066002, 34.096305542145103 ], [ -118.405331756691993, 34.096307774681399 ], [ -118.405202209939006, 34.097126843744697 ], [ -118.405422205950998, 34.101465858941999 ], [ -118.407021403639007, 34.101488734417202 ], [ -118.407133006109007, 34.101491664490602 ], [ -118.407195101989998, 34.101492678919001 ], [ -118.407293436171003, 34.101494859244703 ], [ -118.407296171951003, 34.101494914426802 ], [ -118.407459412714999, 34.101497648660903 ], [ -118.407495441533996, 34.101498192667499 ], [ -118.408363565261993, 34.101511169601899 ], [ -118.408713710672004, 34.1015164261186 ], [ -118.408716906479, 34.101373009848899 ], [ -118.408694424936002, 34.101372205707399 ], [ -118.408654934295001, 34.100900926028999 ], [ -118.408683337455997, 34.100761632214301 ], [ -118.408763463322998, 34.100618428019096 ], [ -118.408796256303006, 34.100543093617901 ], [ -118.408801846510997, 34.100525256362403 ], [ -118.408813394001001, 34.100501323540499 ], [ -118.408837206938998, 34.100463073075801 ], [ -118.408865344461006, 34.1004278778802 ], [ -118.408897395976993, 34.100396211633601 ], [ -118.408932950902994, 34.100368548015901 ], [ -118.408937014486995, 34.100365721970697 ], [ -118.409120384177996, 34.100237023853502 ], [ -118.409133832238993, 34.100227081625299 ], [ -118.409145411873993, 34.100215020401798 ], [ -118.409154763377003, 34.100201163419896 ], [ -118.409161656489005, 34.100185919349599 ], [ -118.409165861166002, 34.100169739795902 ], [ -118.409167276391997, 34.100153075926599 ], [ -118.409165827166007, 34.100136421757099 ], [ -118.409161593218002, 34.100120249310699 ], [ -118.409154705890998, 34.100105030435898 ], [ -118.409114231076003, 34.1000343020035 ], [ -118.409100091949995, 34.100008481077097 ], [ -118.409068338463996, 34.0999427680539 ], [ -118.409059082859002, 34.099918197194803 ], [ -118.409034732064995, 34.099387464773699 ], [ -118.409093114355002, 34.099130833273001 ], [ -118.409098886180004, 34.099092128608 ], [ -118.409099185022001, 34.099052991647604 ], [ -118.409093988863006, 34.099014195310097 ], [ -118.409083430519999, 34.098976511988901 ], [ -118.409067694209, 34.098940670967004 ], [ -118.409047093170997, 34.098907401089797 ], [ -118.408942933448998, 34.0987582083973 ], [ -118.408919678936002, 34.098720568031702 ], [ -118.408901778217995, 34.098680097251403 ], [ -118.408889544838999, 34.098637589309398 ], [ -118.408883214713995, 34.098593794784797 ], [ -118.408882895147997, 34.0985495505629 ], [ -118.408908657813996, 34.098166047021998 ], [ -118.408915311005998, 34.098122874065197 ], [ -118.408928836466004, 34.098081330876603 ], [ -118.408948904176, 34.098042534900799 ], [ -118.408996267619997, 34.097965455169799 ], [ -118.409129295411006, 34.097749166728804 ], [ -118.409139517889002, 34.097728780563301 ], [ -118.409146172218001, 34.097706968131497 ], [ -118.409149080706996, 34.0976843311363 ], [ -118.409148143498996, 34.097661556888298 ], [ -118.409143415147994, 34.097639246303302 ], [ -118.409135002029004, 34.097618043057302 ], [ -118.409123139436005, 34.0975985689211 ], [ -118.409108191162005, 34.097581337891199 ], [ -118.409090546908999, 34.097566885344101 ], [ -118.409075367586993, 34.097555172337799 ], [ -118.408658313168004, 34.0971567228693 ], [ -118.408656649690997, 34.097154281157103 ], [ -118.408907319460994, 34.097127156403602 ], [ -118.409070329461997, 34.096578035884903 ], [ -118.409131733907003, 34.096512308007398 ], [ -118.409444347670998, 34.096213918912298 ], [ -118.409456700478003, 34.096207050265498 ], [ -118.409473771801004, 34.096194133152302 ], [ -118.409488896732, 34.096178968505797 ], [ -118.409501741282, 34.096161858008998 ], [ -118.409504733196997, 34.096156287687798 ], [ -118.409506222822003, 34.0961548442911 ], [ -118.409505858087996, 34.096154137087296 ], [ -118.409508568779998, 34.096149104416099 ], [ -118.409513844317999, 34.096135604707101 ], [ -118.409516892455997, 34.096120438052701 ], [ -118.409517539185998, 34.096104957519202 ], [ -118.409515812313003, 34.096089570902201 ], [ -118.409511687713007, 34.096074621769397 ], [ -118.409505322214002, 34.096060517478698 ], [ -118.409496820507002, 34.096047558225401 ], [ -118.409492821789001, 34.096042505358 ], [ -118.409456611722007, 34.095988657823298 ], [ -118.409424852542998, 34.095932068775198 ], [ -118.409412939407005, 34.095907506952997 ], [ -118.409276431932, 34.095633524056502 ], [ -118.409259959645993, 34.095605371059399 ], [ -118.409240143822004, 34.095579483512303 ], [ -118.409217270097002, 34.095556225400003 ], [ -118.409204064197993, 34.0955416719681 ], [ -118.409364952637006, 34.095103139295702 ], [ -118.409383084745997, 34.095053937885297 ], [ -118.409452625404001, 34.094863582705401 ], [ -118.411483224199003, 34.093500858795203 ], [ -118.411530461775001, 34.093357249535799 ], [ -118.411639150219003, 34.093105855364598 ], [ -118.411666301764001, 34.092944496144298 ], [ -118.411892774731001, 34.092256279846097 ], [ -118.411897935523001, 34.092256283719898 ], [ -118.411981216159006, 34.092483859842503 ], [ -118.412621224705006, 34.092921853211699 ], [ -118.413946216208004, 34.094272845898402 ], [ -118.422752211168003, 34.0943198541231 ], [ -118.422702351579005, 34.090648311121001 ], [ -118.422820297279998, 34.090648005747099 ], [ -118.422885238568, 34.090646855337503 ], [ -118.422952918220005, 34.090646339343301 ], [ -118.422954746428005, 34.090645581567102 ], [ -118.422957712243999, 34.090645270633999 ], [ -118.422960677624999, 34.090644873830698 ], [ -118.422963591184001, 34.090644434273003 ], [ -118.422966478939998, 34.090643994805703 ], [ -118.422968979651003, 34.090643556693202 ], [ -118.422969057060001, 34.090643556422201 ], [ -118.422992921572998, 34.090637740946498 ], [ -118.423015867996, 34.090628966112099 ], [ -118.423017206056002, 34.090628231518998 ], [ -118.423297641258003, 34.090542386744701 ], [ -118.423572552506002, 34.090512291322 ], [ -118.423605562141006, 34.090508611919503 ], [ -118.423644741860002, 34.0904596995003 ], [ -118.423663869942004, 34.0904408694918 ], [ -118.423685801581001, 34.090425357171299 ], [ -118.423695685621993, 34.090420535170097 ], [ -118.423749093132997, 34.090404204010298 ], [ -118.423750975543996, 34.090403961261202 ], [ -118.423912230644007, 34.090426344743001 ], [ -118.423951406634004, 34.090442909296499 ], [ -118.423992009626005, 34.090466102406999 ], [ -118.424106175982999, 34.0904532932609 ], [ -118.424110229972001, 34.090453858662997 ], [ -118.424157226746004, 34.090643856237101 ], [ -118.425516813442997, 34.090640084429701 ], [ -118.425540502923994, 34.090640473286797 ], [ -118.425761785670005, 34.0906441590067 ], [ -118.426051763678998, 34.090649147781001 ], [ -118.426051866891001, 34.090649147416997 ], [ -118.426499652933003, 34.090647996864803 ], [ -118.426515186507999, 34.0906479849641 ], [ -118.426833518752005, 34.090647182770198 ], [ -118.426889381520994, 34.090646878061001 ], [ -118.427054521179002, 34.090646487663101 ], [ -118.427051566247997, 34.0903507993728 ], [ -118.427050825915003, 34.0902917223532 ], [ -118.427048937497005, 34.0900482402077 ], [ -118.427047225332998, 34.089869590471601 ], [ -118.427047187726004, 34.089756111333898 ], [ -118.427047165432995, 34.089716374346999 ], [ -118.427047177752996, 34.089713733752802 ], [ -118.427047167777005, 34.089711780210102 ], [ -118.427047165681998, 34.089686104620199 ], [ -118.427048106978006, 34.089405558899003 ], [ -118.427049400065002, 34.089017049917402 ], [ -118.427047521215002, 34.088815859492897 ], [ -118.427046086117002, 34.0887015695195 ], [ -118.427037182641996, 34.087822018620201 ], [ -118.427037176721996, 34.0878208593751 ], [ -118.427032739566002, 34.087411718562102 ], [ -118.427028679638994, 34.087010755687501 ], [ -118.427028675583003, 34.087009961390002 ], [ -118.427023826753995, 34.086798111937803 ], [ -118.427020775266996, 34.0866653867702 ], [ -118.427020737627004, 34.086663068371401 ], [ -118.427004425217007, 34.085949447561397 ], [ -118.427004365, 34.085942706857601 ], [ -118.427004076912993, 34.085840799813298 ], [ -118.427002837879002, 34.085729514663797 ], [ -118.426995456078004, 34.085041731117002 ], [ -118.426994282107003, 34.0849381312444 ], [ -118.426985838733003, 34.084143462864901 ], [ -118.426981550375999, 34.083682519574303 ], [ -118.426981548293995, 34.0836821116918 ], [ -118.42698168135, 34.083622258756101 ], [ -118.426981245646999, 34.083567238104997 ], [ -118.426976072738, 34.083049257779798 ], [ -118.426974215206002, 34.083049285812898 ], [ -118.426974213014006, 34.083048856463002 ], [ -118.424598775318003, 34.0830766786883 ], [ -118.424440508974996, 34.083076139982303 ], [ -118.424340943429002, 34.083076275075697 ], [ -118.424330777780995, 34.083076267847098 ], [ -118.424253891058001, 34.083076344675398 ], [ -118.424250511072998, 34.083076335077401 ], [ -118.423218834880004, 34.083092490979702 ], [ -118.423162619411002, 34.083093482216903 ], [ -118.422791777114995, 34.083097829079698 ], [ -118.422789804901001, 34.083059859299603 ], [ -118.422778702092998, 34.082603941825603 ], [ -118.422769621254005, 34.082231548806803 ], [ -118.422766658369994, 34.0821098792279 ], [ -118.422745321638004, 34.081232003463903 ], [ -118.422745600531002, 34.081225927078002 ], [ -118.422761146788005, 34.081141997667103 ], [ -118.422800337688997, 34.080876603386798 ], [ -118.422801271449003, 34.080872478285798 ], [ -118.422801984377003, 34.0808654987298 ], [ -118.422802914854003, 34.080166608660903 ], [ -118.422803127525995, 34.080065773288901 ], [ -118.422802688806996, 34.079984089545 ], [ -118.423035213237995, 34.079935852948402 ], [ -118.425395223525001, 34.080843857509102 ], [ -118.427091214064006, 34.080768854108896 ], [ -118.427827224788999, 34.0804368465365 ], [ -118.428631576897999, 34.079385439347803 ], [ -118.428667225827994, 34.0793388563512 ], [ -118.429096225397004, 34.079202858440802 ] ], [ [ -118.409763149781, 34.105157195699697 ], [ -118.409755184336007, 34.106986479923201 ], [ -118.409752744450003, 34.1075471435636 ], [ -118.409748606579001, 34.108488095154001 ], [ -118.409746991502999, 34.108853698781502 ], [ -118.409746966607997, 34.108859151709801 ], [ -118.411821197414, 34.108888231227901 ], [ -118.411801092869993, 34.110696218233201 ], [ -118.411801016702, 34.110701714273198 ], [ -118.413981068781993, 34.110732221001399 ], [ -118.413967347737, 34.1119904369002 ], [ -118.415058480740001, 34.111978278861798 ], [ -118.415256664531, 34.111976095274599 ], [ -118.415880844197005, 34.111969247394001 ], [ -118.415878684261003, 34.111996819606397 ], [ -118.415878757022995, 34.112001069999501 ], [ -118.415879837703002, 34.112015965000801 ], [ -118.415882208111, 34.112030705288397 ], [ -118.415888593874996, 34.112053611026099 ], [ -118.415889248509998, 34.112055497948198 ], [ -118.415889902398007, 34.112057234597501 ], [ -118.415890818118996, 34.112059721722098 ], [ -118.415891811802993, 34.112062315917903 ], [ -118.415892255263998, 34.112063258979198 ], [ -118.415893168956003, 34.112065338220802 ], [ -118.415906639783003, 34.112090881593701 ], [ -118.415923635634002, 34.112114223107703 ], [ -118.415943818637004, 34.112134891630397 ], [ -118.415946569723005, 34.112137952070697 ], [ -118.415949783993, 34.112140731834103 ], [ -118.415953280246001, 34.1121431242046 ], [ -118.415987718408999, 34.1121705919129 ], [ -118.416017587057993, 34.112203012958197 ], [ -118.416042133654997, 34.1122395741547 ], [ -118.416060863755007, 34.112279461427804 ], [ -118.416070874664996, 34.112315085138398 ], [ -118.416075290343002, 34.112351822975199 ], [ -118.416074003269998, 34.112388816593203 ], [ -118.416067086273003, 34.112425142621703 ], [ -118.416063933949999, 34.112434814028397 ], [ -118.416055102371999, 34.112475397291497 ], [ -118.416053063218001, 34.112516858821202 ], [ -118.416119159348, 34.112516137488498 ], [ -118.416152271884002, 34.112515765852699 ], [ -118.416678950616003, 34.112510065356197 ], [ -118.416869321288004, 34.112509108269698 ], [ -118.417480597820997, 34.112501867290298 ], [ -118.417491293983005, 34.1115167973038 ], [ -118.417515315401005, 34.109303202384602 ], [ -118.417538739744998, 34.109306298700197 ], [ -118.417546046278005, 34.108645298400099 ], [ -118.417553556151006, 34.107963022725698 ], [ -118.417555138004005, 34.107819826397296 ], [ -118.417581662326, 34.107187977522997 ], [ -118.417563000287004, 34.107104789513997 ], [ -118.417566787915007, 34.1067624708434 ], [ -118.417561487635993, 34.106739883465401 ], [ -118.417555697438999, 34.106717383651599 ], [ -118.417553883568004, 34.106710756339901 ], [ -118.417534329914005, 34.106640215999001 ], [ -118.417483685340997, 34.106457570389097 ], [ -118.417471536139004, 34.106402010515701 ], [ -118.417465625896, 34.106345119546098 ], [ -118.417457993024001, 34.106180980927903 ], [ -118.417449057574999, 34.105988552125503 ], [ -118.417447977332003, 34.105947938601801 ], [ -118.417448148847001, 34.105915092131497 ], [ -118.417452349829006, 34.105722682353303 ], [ -118.417386277386996, 34.105721901599203 ], [ -118.41738958098, 34.105577175116402 ], [ -118.417389619305993, 34.105574512965198 ], [ -118.417389683333994, 34.1055718292573 ], [ -118.417389721339006, 34.105569102703498 ], [ -118.417389837087995, 34.105566440284903 ], [ -118.417389926816, 34.105563735020397 ], [ -118.417389990629005, 34.105561008377499 ], [ -118.417390080462994, 34.1055583245805 ], [ -118.417390195997996, 34.105555619226799 ], [ -118.417390285511999, 34.1055528710272 ], [ -118.417390452768998, 34.105550186962802 ], [ -118.417390542495994, 34.105547481698203 ], [ -118.417390709646, 34.105544776166298 ], [ -118.417390799160003, 34.105542027966699 ], [ -118.417390990081003, 34.105538914462599 ], [ -118.417391133460001, 34.105536616902803 ], [ -118.417391274802, 34.105533911459901 ], [ -118.417391441738005, 34.105531162992897 ], [ -118.417391583080004, 34.105528457550101 ], [ -118.417391801845, 34.105525751839899 ], [ -118.417391968995005, 34.105523046307901 ], [ -118.417392161739002, 34.105520297751802 ], [ -118.417392380611005, 34.1055176135091 ], [ -118.417392521953005, 34.105514908066198 ], [ -118.417392740824994, 34.105512223823503 ], [ -118.417392985183, 34.1055094750891 ], [ -118.417393204055998, 34.105506790846299 ], [ -118.417393397013001, 34.105504085225199 ], [ -118.417393667499994, 34.105501400804201 ], [ -118.417393860564999, 34.105498716650601 ], [ -118.417394130944004, 34.105496010762103 ], [ -118.417394375623999, 34.105493326430199 ], [ -118.417394645897005, 34.105490599074201 ], [ -118.417394916383998, 34.105487914653203 ], [ -118.417395161062998, 34.1054852303213 ], [ -118.417395457465005, 34.105482567278699 ], [ -118.417395727951998, 34.105479882857701 ], [ -118.417396024246003, 34.105477198347501 ], [ -118.417396294732995, 34.105474513926502 ], [ -118.417396591135002, 34.105471850883902 ], [ -118.417396913236999, 34.1054691662846 ], [ -118.417397209637997, 34.1054665032419 ], [ -118.417397583462005, 34.1054638399319 ], [ -118.417397879757004, 34.1054611554217 ], [ -118.417398201965995, 34.105458492289898 ], [ -118.417398549981996, 34.105455829069001 ], [ -118.417398923806005, 34.105453165758902 ], [ -118.417399297629999, 34.105450502448903 ], [ -118.417399645752994, 34.105447860695399 ], [ -118.417400019577002, 34.1054451973854 ], [ -118.417400367593999, 34.105442534164503 ], [ -118.417400741525, 34.105439892321897 ], [ -118.417401166963003, 34.105437228833601 ], [ -118.417435641045998, 34.105203539065997 ], [ -118.417402659163002, 34.105203652997297 ], [ -118.417369083601997, 34.105203747502301 ], [ -118.417359328398007, 34.105203781195897 ], [ -118.416926283305003, 34.105205963072898 ], [ -118.416493186574996, 34.105208143576 ], [ -118.416432332994006, 34.105208417708397 ], [ -118.416398447955004, 34.105208555946 ], [ -118.416364898305005, 34.105208671550599 ], [ -118.416224196342995, 34.105209177744499 ], [ -118.416169510520007, 34.105209387563903 ], [ -118.415931514782002, 34.105210271395499 ], [ -118.415856750675005, 34.105210528714302 ], [ -118.414982679857999, 34.105213705351701 ], [ -118.414948717285995, 34.105213821981103 ], [ -118.414914806434993, 34.105213959891302 ], [ -118.414880405136003, 34.105214078007997 ], [ -118.414777278874993, 34.105214474968598 ], [ -118.414583129818993, 34.105215184164798 ], [ -118.414041200187, 34.105217149591098 ], [ -118.409763149781, 34.105157195699697 ] ] ] } },
{ "type": "Feature", "properties": { "objectid": 8, "name": "Beverly Grove", "area_sqmi": 1.6581405034384096, "source_url": "https://services5.arcgis.com/7nsPwEMP38bSkCjy/arcgis/rest/services/LA_Times_Neighborhoods/FeatureServer/0", "fetched_at": "2025-12-07T08:52:51.283518" }, "geometry": { "type": "Polygon", "coordinates": [ [ [ -118.372510211684002, 34.090260853272703 ], [ -118.372498211350006, 34.085759852814803 ], [ -118.372497471602998, 34.085525159434503 ], [ -118.372497796963003, 34.085442998857999 ], [ -118.372497211894, 34.085443007874296 ], [ -118.372497211199999, 34.085442851910898 ], [ -118.372494606182002, 34.085443050166901 ], [ -118.371836131544995, 34.085453582829203 ], [ -118.371836132363995, 34.0854542544701 ], [ -118.371737095775998, 34.085455378744903 ], [ -118.371637987190994, 34.085456638390298 ], [ -118.370993225486004, 34.085465928837898 ], [ -118.370994327545006, 34.085556818189801 ], [ -118.370242211562001, 34.085613852274903 ], [ -118.370245210584002, 34.087088714318099 ], [ -118.370003115862005, 34.087092353538303 ], [ -118.366442210079001, 34.087143852459903 ], [ -118.366442440295998, 34.087175373921902 ], [ -118.366442314045003, 34.0872007182478 ], [ -118.366442316922004, 34.087201127535899 ], [ -118.366443383987004, 34.087340548441702 ], [ -118.366444373956, 34.087469792157002 ], [ -118.366445426113003, 34.087607292840701 ], [ -118.366446416087996, 34.087736536557202 ], [ -118.366447468250996, 34.087874037242202 ], [ -118.366448470151994, 34.0880032809239 ], [ -118.366453516793001, 34.088696294290898 ], [ -118.366453080941994, 34.088738028557401 ], [ -118.366454107169005, 34.088777365715998 ], [ -118.366455210891004, 34.088928852659897 ], [ -118.364880366519998, 34.088952172779202 ], [ -118.364856473347999, 34.088952118723 ], [ -118.364835498377005, 34.088952837480299 ], [ -118.363883055114997, 34.088966941214601 ], [ -118.363797700345003, 34.088957455379003 ], [ -118.363701713720999, 34.088954994694298 ], [ -118.363286903841001, 34.088958907660498 ], [ -118.363286492208999, 34.088833715487603 ], [ -118.363286239423999, 34.088781759003602 ], [ -118.363286176882994, 34.088727949293897 ], [ -118.363279493831996, 34.088728053232202 ], [ -118.362822754898005, 34.088735196464398 ], [ -118.362812703854999, 34.087255848949702 ], [ -118.362812512831994, 34.0872008261641 ], [ -118.362713636042997, 34.087201817241997 ], [ -118.362713251404998, 34.087201822904497 ], [ -118.362713210343998, 34.0871958530659 ], [ -118.361455210280994, 34.087205852983999 ], [ -118.361455160104995, 34.087187975704602 ], [ -118.361454976692997, 34.087122974712798 ], [ -118.361411192446994, 34.071519183318102 ], [ -118.361387207898005, 34.0629718501634 ], [ -118.372042209312994, 34.064186850257002 ], [ -118.372074799660993, 34.064226903287 ], [ -118.3728066165, 34.065126288876399 ], [ -118.373164406848005, 34.065711501191402 ], [ -118.373179407110001, 34.065736048696799 ], [ -118.373350703141, 34.066016215579602 ], [ -118.373365637182999, 34.066040707372103 ], [ -118.373553597628998, 34.066348054200901 ], [ -118.373576049190007, 34.066384779074703 ], [ -118.374136685072997, 34.067301730533401 ], [ -118.375767210581998, 34.070101850603997 ], [ -118.375817159369007, 34.070050117521497 ], [ -118.375834571922994, 34.070078592398602 ], [ -118.375837767093003, 34.0700772373674 ], [ -118.375894918976002, 34.070053000275003 ], [ -118.375915013338002, 34.070021325436201 ], [ -118.375971746106998, 34.069931813113499 ], [ -118.376047650754998, 34.069812236210801 ], [ -118.376050228367006, 34.069717371443801 ], [ -118.376053788156995, 34.069583621343597 ], [ -118.376116228962005, 34.0695835910062 ], [ -118.376200726422994, 34.0695835757842 ], [ -118.376200717732004, 34.069583329692399 ], [ -118.376361210995995, 34.069583850254702 ], [ -118.376337836936003, 34.069406352366201 ], [ -118.376356991842997, 34.069406244902098 ], [ -118.376517811899006, 34.069405072958503 ], [ -118.376521437625996, 34.069405035511799 ], [ -118.376597809849997, 34.0694042754292 ], [ -118.376733294332993, 34.069402908122498 ], [ -118.376739788589006, 34.069402843691698 ], [ -118.376746280673999, 34.069402778365699 ], [ -118.376875269817006, 34.069401476235903 ], [ -118.376881767317997, 34.069401410885703 ], [ -118.37688826374, 34.069401346440102 ], [ -118.377017244211999, 34.069400044185798 ], [ -118.377023747129996, 34.069399978811099 ], [ -118.377030248967998, 34.069399914340899 ], [ -118.377159217515, 34.069398611070703 ], [ -118.377165725853999, 34.069398546572899 ], [ -118.377172234187995, 34.069398481173302 ], [ -118.377260573334993, 34.069397592247697 ], [ -118.377264714141006, 34.069397425152097 ], [ -118.377272572582001, 34.069397422243703 ], [ -118.377280318895004, 34.069398739531401 ], [ -118.377287735167997, 34.069401340732902 ], [ -118.377294607647002, 34.069405150787198 ], [ -118.377300741930995, 34.069410062117399 ], [ -118.377305964051999, 34.069415933726198 ], [ -118.377310123770002, 34.069422601102197 ], [ -118.377313105382001, 34.069429871678601 ], [ -118.377314821295997, 34.069437540179301 ], [ -118.377324552814997, 34.069713727300801 ], [ -118.377415183107999, 34.069713463081499 ], [ -118.377415210856, 34.069713850654601 ], [ -118.377494679362997, 34.069713536507301 ], [ -118.377522672831006, 34.0697135788376 ], [ -118.377526123262001, 34.069713583379297 ], [ -118.377529486916998, 34.069713563850598 ], [ -118.377630930742995, 34.069712997914799 ], [ -118.378365046737997, 34.069710095607299 ], [ -118.378381441016998, 34.069710146124699 ], [ -118.378390849059997, 34.069709994043798 ], [ -118.379051074499998, 34.069707384833102 ], [ -118.379150959632994, 34.069707348106697 ], [ -118.379154525908007, 34.069707336912103 ], [ -118.379293044769, 34.069707294186202 ], [ -118.379296511468993, 34.069707303133903 ], [ -118.379438364742995, 34.069707242558302 ], [ -118.379465260949999, 34.069707079630803 ], [ -118.379538674317999, 34.069705484951598 ], [ -118.379546682032, 34.069705425531197 ], [ -118.382321694184, 34.069694456941399 ], [ -118.382323099298006, 34.069694464213804 ], [ -118.382466997750996, 34.0696938986652 ], [ -118.382610863826002, 34.069693360093801 ], [ -118.382629608152996, 34.0696932394128 ], [ -118.382784715617007, 34.069692627158901 ], [ -118.382808947422006, 34.069692595440699 ], [ -118.382955717737005, 34.069692020208102 ], [ -118.383097701964005, 34.0696914599772 ], [ -118.383238430754005, 34.069690931510202 ], [ -118.383254742233007, 34.069690879755399 ], [ -118.383287530844001, 34.069690754978403 ], [ -118.383625055113001, 34.069689456273899 ], [ -118.383630791635994, 34.069689282088902 ], [ -118.383740212594006, 34.069688849764901 ], [ -118.383776212683998, 34.072126850279602 ], [ -118.387402697857993, 34.072106470297904 ], [ -118.389727249147995, 34.072105927188801 ], [ -118.390716263710999, 34.072103792323901 ], [ -118.390730213628999, 34.076505849975398 ], [ -118.389740296835996, 34.076494332145501 ], [ -118.389616749469994, 34.076477666439999 ], [ -118.389606879873995, 34.076478440236201 ], [ -118.389236987117002, 34.076477186820398 ], [ -118.388840712112, 34.076476649174403 ], [ -118.388749684976005, 34.076477025093801 ], [ -118.388660541359002, 34.076476817000497 ], [ -118.388658757952001, 34.0764767956925 ], [ -118.388568010794003, 34.076476570151897 ], [ -118.388262811348, 34.076475815145002 ], [ -118.388132107833002, 34.076475619429601 ], [ -118.383687642160993, 34.076423906022697 ], [ -118.383620127086004, 34.076405547030397 ], [ -118.383594039338007, 34.076405519888198 ], [ -118.383242603107007, 34.076403557531698 ], [ -118.383074649096002, 34.0764032383182 ], [ -118.382905868579002, 34.076402949438503 ], [ -118.382829553042001, 34.076402806366197 ], [ -118.382737418496006, 34.076402658374597 ], [ -118.382585513430996, 34.076402397617102 ], [ -118.382433608243005, 34.076402109622997 ], [ -118.382281702095995, 34.076401848486803 ], [ -118.382129797033002, 34.076401587156298 ], [ -118.381977891971999, 34.076401325634698 ], [ -118.381825656350003, 34.076401037920903 ], [ -118.381745014790994, 34.076400907837403 ], [ -118.381706211918001, 34.076400851051297 ], [ -118.381705750321998, 34.076400838085299 ], [ -118.381672727475006, 34.076400779251699 ], [ -118.381671919854, 34.076715981815802 ], [ -118.381666283993994, 34.076716004130397 ], [ -118.381638896919, 34.076715931086603 ], [ -118.381520014139994, 34.076715701688002 ], [ -118.381368106924995, 34.076715329417397 ], [ -118.381216201046001, 34.076715011945097 ], [ -118.381064327546, 34.076714667133601 ], [ -118.380912421668995, 34.0767143492793 ], [ -118.380760548167999, 34.0767140031843 ], [ -118.380684661255998, 34.076713830358997 ], [ -118.380684097884995, 34.076713832134402 ], [ -118.380682050247003, 34.076713838587402 ], [ -118.380675481406001, 34.076713826833 ], [ -118.380670890700998, 34.076713772783201 ], [ -118.380669476761, 34.0767137565037 ], [ -118.380190716664004, 34.076549232220501 ], [ -118.380126579868005, 34.076517890264199 ], [ -118.380047126652002, 34.076486509915597 ], [ -118.379964671165993, 34.076461053026598 ], [ -118.379879650644995, 34.076441658855501 ], [ -118.379860995222003, 34.076435924258703 ], [ -118.379782211790996, 34.076408850966502 ], [ -118.379781791398003, 34.076408845075903 ], [ -118.379747816928997, 34.076396293436297 ], [ -118.379680054158001, 34.076396204427901 ], [ -118.379630122980004, 34.076396031395802 ], [ -118.379589988408995, 34.076397366478503 ], [ -118.379487473720999, 34.076397948217 ], [ -118.379471974685003, 34.076398023051198 ], [ -118.379148507248999, 34.076399686061002 ], [ -118.378814211952005, 34.076394851443297 ], [ -118.378809776444996, 34.076401072419301 ], [ -118.378800004118006, 34.076401094950398 ], [ -118.378794725354993, 34.076407237432001 ], [ -118.378650102715994, 34.0766105677166 ], [ -118.378615244545998, 34.076610284810002 ], [ -118.378537856394999, 34.076609694324901 ], [ -118.377179211927, 34.076596851116904 ], [ -118.377179253362002, 34.076598111332999 ], [ -118.377178882817006, 34.076598107982299 ], [ -118.377177797920993, 34.076667455613403 ], [ -118.377177387757001, 34.0767084000911 ], [ -118.377177054691998, 34.076734727746597 ], [ -118.377175638457999, 34.076818293614501 ], [ -118.377175228460999, 34.076844619707302 ], [ -118.377173888192999, 34.076928214187397 ], [ -118.377173478195004, 34.076954540280198 ], [ -118.377172171507993, 34.077038134655801 ], [ -118.377171880857006, 34.077050082701 ], [ -118.377171865194995, 34.077050693990401 ], [ -118.377171530620998, 34.077064434423598 ], [ -118.377171323187994, 34.077082103348097 ], [ -118.377170421238006, 34.0771480561312 ], [ -118.377170007743999, 34.077174328143002 ], [ -118.377168500579998, 34.077256713285799 ], [ -118.377168170054006, 34.077278559404903 ], [ -118.377168063528998, 34.0772842484214 ], [ -118.377167895840003, 34.077293672687098 ], [ -118.377166921636999, 34.0773678702311 ], [ -118.377166511387003, 34.077394141331503 ], [ -118.377164991384006, 34.077489057847302 ], [ -118.377164734046005, 34.077505270949302 ], [ -118.377175626620996, 34.0776140530795 ], [ -118.377175765115993, 34.077615453631999 ], [ -118.377186657101007, 34.0777240987303 ], [ -118.377188905430003, 34.077746486733801 ], [ -118.377192156519001, 34.077779094108202 ], [ -118.377192432520999, 34.077781676143303 ], [ -118.377197655108006, 34.077834144482097 ], [ -118.377202013686997, 34.077877849896801 ], [ -118.377208685523996, 34.0779441630863 ], [ -118.377215116285996, 34.078007949125102 ], [ -118.377215254315999, 34.078009486712297 ], [ -118.377219749678005, 34.078054208630697 ], [ -118.377221202513994, 34.078068850427002 ], [ -118.377228428248998, 34.0781407396818 ], [ -118.377231110596995, 34.078164226201899 ], [ -118.377232018132005, 34.078172067621502 ], [ -118.377232212150005, 34.078177851262502 ], [ -118.377384067194001, 34.078426859564303 ], [ -118.377578016792995, 34.078744891043897 ], [ -118.377552145831004, 34.078755846216502 ], [ -118.377055959179003, 34.078920751380302 ], [ -118.377049476804004, 34.078910156041999 ], [ -118.377034907183997, 34.078916302202202 ], [ -118.376905670244994, 34.078970699316002 ], [ -118.376905211546003, 34.078970851303502 ], [ -118.376905222543002, 34.078970887330598 ], [ -118.376904875413999, 34.078971033560698 ], [ -118.376943928125002, 34.079107041651802 ], [ -118.376983147876004, 34.079243544152703 ], [ -118.376983550606994, 34.079244916834803 ], [ -118.376988181808997, 34.079260896510299 ], [ -118.377237030049002, 34.080130812040601 ], [ -118.377230257757006, 34.080130672715399 ], [ -118.376561601459002, 34.080162057859297 ], [ -118.375291678007997, 34.080164225611398 ], [ -118.375276212014001, 34.080163851739599 ], [ -118.375276208393004, 34.080164252032297 ], [ -118.375178369647998, 34.080164350381501 ], [ -118.375178901376998, 34.080246175628403 ], [ -118.375179114537005, 34.0803746112108 ], [ -118.375179309627001, 34.080484525720301 ], [ -118.375179505800006, 34.080594440226903 ], [ -118.375179734482003, 34.0807043555345 ], [ -118.375179987826002, 34.080841748643799 ], [ -118.375180241295993, 34.080979169701003 ], [ -118.375180493437, 34.081116535769397 ], [ -118.375180746783002, 34.081253928880997 ], [ -118.375181000129999, 34.081391321993202 ], [ -118.375181253478999, 34.081528715106202 ], [ -118.375181505748003, 34.081666109124797 ], [ -118.375181759097998, 34.081803502239303 ], [ -118.375182012449002, 34.081940895354499 ], [ -118.374752693632999, 34.081941815917702 ], [ -118.374323342305004, 34.081942735055797 ], [ -118.374323122990006, 34.081805368883799 ], [ -118.374322872134002, 34.081667975764198 ], [ -118.374322620195002, 34.081530582648703 ], [ -118.374322335749994, 34.081393188733102 ], [ -118.374322117399998, 34.081255795514998 ], [ -118.374321865463997, 34.0811184024016 ], [ -118.374321613649997, 34.080981036334798 ], [ -118.374321361591001, 34.080843615275697 ], [ -118.374321110740993, 34.080706222161297 ], [ -118.374320883188005, 34.080596306852001 ], [ -118.374320720645997, 34.080486392243301 ], [ -118.374320493097997, 34.080376477836602 ], [ -118.374320248752994, 34.080248042353297 ], [ -118.374319102285995, 34.080166179342498 ], [ -118.374221208384, 34.0801665421385 ], [ -118.374221211795003, 34.080165851552401 ], [ -118.370306210942005, 34.080173851857303 ], [ -118.370306629501002, 34.080330302883603 ], [ -118.370308040135001, 34.0815051748366 ], [ -118.370309531095998, 34.0820347578493 ], [ -118.370311969008, 34.083162165438999 ], [ -118.370410374784001, 34.083160869360697 ], [ -118.370758436046998, 34.083155588784003 ], [ -118.370774354958002, 34.083155356916002 ], [ -118.371154153912997, 34.0831497659265 ], [ -118.371253359063999, 34.083148174608297 ], [ -118.371351929091006, 34.083146785301601 ], [ -118.371716219749999, 34.083141433143702 ], [ -118.371732092068996, 34.083141202194298 ], [ -118.372111858146994, 34.083135553301098 ], [ -118.372211294362998, 34.083134031705598 ], [ -118.372310029144003, 34.083132662746301 ], [ -118.372689828611001, 34.083126984886903 ], [ -118.372755874598994, 34.0831259841598 ], [ -118.372904445591999, 34.083123739704199 ], [ -118.373070550915003, 34.083121247989901 ], [ -118.373169345506, 34.083119690624201 ], [ -118.373268690174001, 34.083118300065202 ], [ -118.373481820807996, 34.083115113442702 ], [ -118.373631316100997, 34.083112892281498 ], [ -118.37378091107, 34.083110671528502 ], [ -118.373829950353993, 34.0831099148592 ], [ -118.374113037738994, 34.083105104231002 ], [ -118.374392927751998, 34.0831015217234 ], [ -118.374803602615998, 34.083095384519901 ], [ -118.374953197517996, 34.083093161413601 ], [ -118.375102692735993, 34.083090939333204 ], [ -118.375132755657006, 34.083089975101998 ], [ -118.375280125193001, 34.083088272376102 ], [ -118.376351260967994, 34.0830722997758 ], [ -118.376516675760996, 34.083069292500298 ], [ -118.376576969793007, 34.083052990533197 ], [ -118.377044999229994, 34.083044855726598 ], [ -118.377044998394993, 34.083044910722798 ], [ -118.377044837301995, 34.083055803570197 ], [ -118.377044797045002, 34.083058650743098 ], [ -118.377043548157999, 34.083147905693998 ], [ -118.377043232616998, 34.083165877875501 ], [ -118.377043211046001, 34.083168543781497 ], [ -118.377043231697996, 34.083179854373903 ], [ -118.377043139720996, 34.083186130245402 ], [ -118.377041325215998, 34.083292204194201 ], [ -118.377039504269007, 34.0834158373588 ], [ -118.377037684398999, 34.083539470520698 ], [ -118.377036317803999, 34.083631940714 ], [ -118.377035789291995, 34.083661317075702 ], [ -118.377035764964006, 34.083663131039799 ], [ -118.377034417320004, 34.083759805933298 ], [ -118.377033944, 34.083786764206103 ], [ -118.377032156618995, 34.083910397268198 ], [ -118.377030401859997, 34.084034057274998 ], [ -118.377029302292996, 34.0841124572826 ], [ -118.377028504101006, 34.084155079837501 ], [ -118.377028482281005, 34.0841576907508 ], [ -118.377026672249997, 34.084278466019398 ], [ -118.377026628913001, 34.084281351066501 ], [ -118.377026743266001, 34.084299266913398 ], [ -118.377024809004993, 34.084404984232201 ], [ -118.377023054103006, 34.084528617195602 ], [ -118.377022214014005, 34.0845912710869 ], [ -118.377021141217995, 34.0846491737138 ], [ -118.377021077205995, 34.084652279701501 ], [ -118.377021013752994, 34.084655269389401 ], [ -118.377020438420004, 34.0847321883438 ], [ -118.377019624658999, 34.0847860215354 ], [ -118.377017944946004, 34.084854469508102 ], [ -118.377017006355999, 34.084923396587698 ], [ -118.377014958090001, 34.085055027084003 ], [ -118.377012977022005, 34.085186903490303 ], [ -118.377011028457005, 34.0853187806972 ], [ -118.377011012582997, 34.085322710537703 ], [ -118.377009088806005, 34.085452636746297 ], [ -118.377007493666994, 34.085582396047499 ], [ -118.377005224395006, 34.085716445153302 ], [ -118.377003309394993, 34.085848322258002 ], [ -118.377001667070999, 34.085960166404803 ], [ -118.377000114671006, 34.0860700863958 ], [ -118.376999552811995, 34.086092071178399 ], [ -118.376998265257996, 34.0861799802679 ], [ -118.376997604205002, 34.086223948389701 ], [ -118.376997433406004, 34.086289899814297 ], [ -118.376997337435, 34.086296493039299 ], [ -118.376995853878, 34.086355824982903 ], [ -118.376995128179999, 34.086399875346302 ], [ -118.376995760976001, 34.086408529910798 ], [ -118.376994368048997, 34.086487727797298 ], [ -118.376994242386999, 34.086492782194703 ], [ -118.376993376984998, 34.086509686873598 ], [ -118.376991792058007, 34.086619606968199 ], [ -118.376989904812007, 34.086750439111299 ], [ -118.376988627873004, 34.086826284729597 ], [ -118.376987729003005, 34.086883361012099 ], [ -118.376986163465006, 34.086982922410201 ], [ -118.376985730390999, 34.087011364487097 ], [ -118.376985261369001, 34.087039283785799 ], [ -118.376983644838006, 34.087142197250799 ], [ -118.376981957354005, 34.087250524655303 ], [ -118.376981570061005, 34.087275421753901 ], [ -118.376981155582001, 34.087300538010297 ], [ -118.376979516846006, 34.087405979449699 ], [ -118.376979458555994, 34.087407711480402 ], [ -118.376977997439994, 34.087501115971598 ], [ -118.376977468489997, 34.087537856978201 ], [ -118.376975714612996, 34.087646843613499 ], [ -118.376975281284004, 34.087675230698302 ], [ -118.376973269724004, 34.087807822129001 ], [ -118.376972171001, 34.087871768734203 ], [ -118.376971152154994, 34.087939012905501 ], [ -118.376969038759995, 34.088070890639401 ], [ -118.376966957864994, 34.088202768272403 ], [ -118.376965496598999, 34.088296145720498 ], [ -118.376964943182003, 34.088334672745503 ], [ -118.376963313223996, 34.088434618403397 ], [ -118.376962238638995, 34.088503923659097 ], [ -118.376961806167003, 34.088532502768999 ], [ -118.376961137025006, 34.088574684978497 ], [ -118.376960617655001, 34.0886073041383 ], [ -118.376960158710006, 34.088636020364198 ], [ -118.376899544178997, 34.0886691209151 ], [ -118.376776551979006, 34.088735319310302 ], [ -118.376710415030004, 34.088770264399898 ], [ -118.376642937008995, 34.088807234875702 ], [ -118.376413377898999, 34.088930790776899 ], [ -118.376294986714001, 34.088994057878999 ], [ -118.376292772460999, 34.088994428995697 ], [ -118.376263567804003, 34.088994673214401 ], [ -118.375840489677998, 34.089001077458903 ], [ -118.375769973944003, 34.0890021451482 ], [ -118.375769951058004, 34.089004286365103 ], [ -118.375770134538996, 34.089082018851499 ], [ -118.375395212236995, 34.089144852988298 ], [ -118.375394958121007, 34.089145211687303 ], [ -118.375394497629003, 34.0891452185273 ], [ -118.375299220523999, 34.089278783048798 ], [ -118.375198013198997, 34.0894228561734 ], [ -118.375078965021999, 34.089424798100403 ], [ -118.374768939402003, 34.089429474517402 ], [ -118.374768914404996, 34.089431150548599 ], [ -118.374769212588006, 34.089548710693997 ], [ -118.374769212158, 34.089703852254402 ], [ -118.374602787911996, 34.089706999063303 ], [ -118.374340278250997, 34.089711307065201 ], [ -118.374339751348998, 34.089711971325997 ], [ -118.374240212513996, 34.089713852876997 ], [ -118.374243138731998, 34.089833830912703 ], [ -118.374142703952003, 34.089961976942099 ], [ -118.373717727721996, 34.089968128988801 ], [ -118.373713037995003, 34.089968143495298 ], [ -118.373713241687994, 34.090050826247897 ], [ -118.373288661931994, 34.0900570575971 ], [ -118.373283938482999, 34.090057044243601 ], [ -118.373198659322995, 34.090141484922903 ], [ -118.372510211684002, 34.090260853272703 ] ] ] } },
{ "type": "Feature", "properties": { "objectid": 9, "name": "Beverlywood", "area_sqmi": 0.79493997925561255, "source_url": "https://services5.arcgis.com/7nsPwEMP38bSkCjy/arcgis/rest/services/LA_Times_Neighborhoods/FeatureServer/0", "fetched_at": "2025-12-07T08:52:51.283518" }, "geometry": { "type": "Polygon", "coordinates": [ [ [ -118.386091757711, 34.046749185416097 ], [ -118.389344209971995, 34.034834845992002 ], [ -118.398526434497001, 34.037398500857002 ], [ -118.398617212427993, 34.037423845322202 ], [ -118.398873790555996, 34.038337614828102 ], [ -118.399091546753993, 34.039113124923603 ], [ -118.399114212076, 34.039193845470898 ], [ -118.399086211864002, 34.039696846072502 ], [ -118.398609212588994, 34.039805845790802 ], [ -118.398840211649997, 34.039801845571802 ], [ -118.398341211844993, 34.041455845803704 ], [ -118.398637212829996, 34.043739846543197 ], [ -118.398787212065002, 34.043724846469303 ], [ -118.398882212771994, 34.0442608462915 ], [ -118.3989012129, 34.045484846885003 ], [ -118.402565212831007, 34.046357846234599 ], [ -118.401502213238004, 34.051839846729003 ], [ -118.399608783757998, 34.0522969141334 ], [ -118.399468213402002, 34.052330846870603 ], [ -118.398996616657996, 34.052341285152302 ], [ -118.394272212081006, 34.052445847532901 ], [ -118.389492211906997, 34.0524488474544 ], [ -118.389576211347006, 34.049572847820698 ], [ -118.385514210682004, 34.048864847888503 ], [ -118.386082039290002, 34.046784785601503 ], [ -118.386091757711, 34.046749185416097 ] ] ] } },
{ "type": "Feature", "properties": { "objectid": 10, "name": "Boyle Heights", "area_sqmi": 6.4887947053438042, "source_url": "https://services5.arcgis.com/7nsPwEMP38bSkCjy/arcgis/rest/services/LA_Times_Neighborhoods/FeatureServer/0", "fetched_at": "2025-12-07T08:52:51.283518" }, "geometry": { "type": "Polygon", "coordinates": [ [ [ -118.192629179834995, 34.060769860077301 ], [ -118.192601120546001, 34.057546924974503 ], [ -118.192588342166005, 34.056067427756503 ], [ -118.192587443644001, 34.055964121159498 ], [ -118.192587215754003, 34.055936642913998 ], [ -118.192586768566997, 34.055885890240098 ], [ -118.192586495841994, 34.0558535212705 ], [ -118.192586164995006, 34.055738495693397 ], [ -118.192580606676003, 34.0551019889241 ], [ -118.192578227583994, 34.054914945259 ], [ -118.192578043894997, 34.054896315452702 ], [ -118.192576463221997, 34.054621805965397 ], [ -118.192573961945001, 34.054352491658697 ], [ -118.192573432260005, 34.054294594501997 ], [ -118.192571675977007, 34.054105186943097 ], [ -118.192569749173998, 34.0538991004683 ], [ -118.192569476649993, 34.053866813540701 ], [ -118.192568679733995, 34.053820808881397 ], [ -118.192557069032006, 34.052487219825899 ], [ -118.192556960697004, 34.052457559694197 ], [ -118.192556951691998, 34.052455529465199 ], [ -118.192555951304996, 34.0523587546258 ], [ -118.192518987547004, 34.0481130550275 ], [ -118.192518159423003, 34.047978136249597 ], [ -118.192518159252998, 34.047978062324503 ], [ -118.192516805351005, 34.047805737250997 ], [ -118.192515146505002, 34.047629849823302 ], [ -118.192513839415, 34.047492458017103 ], [ -118.192512565903996, 34.047355067060003 ], [ -118.192511259908002, 34.047217676155498 ], [ -118.192509996089001, 34.047080257237397 ], [ -118.192491664030996, 34.044974647119801 ], [ -118.192491806042995, 34.0449747072959 ], [ -118.192491714534, 34.044965528978302 ], [ -118.192491709777002, 34.0449648735745 ], [ -118.192490552608007, 34.044846951862297 ], [ -118.192396177066996, 34.034006856793397 ], [ -118.191850177087005, 34.034008857027104 ], [ -118.191855176939001, 34.034420857370201 ], [ -118.191420078882004, 34.034421645326603 ], [ -118.191418733291997, 34.034290216373499 ], [ -118.191417329168004, 34.034152605735599 ], [ -118.191415916376002, 34.034011203285097 ], [ -118.191414546331998, 34.033873811666503 ], [ -118.191413176294006, 34.033736420950497 ], [ -118.191411805176998, 34.033599030237099 ], [ -118.191410401580001, 34.033461639576302 ], [ -118.191409839277995, 34.033403275537403 ], [ -118.191848314327004, 34.033387603423499 ], [ -118.191891713771, 34.033386050539796 ], [ -118.192211972302005, 34.0333746326274 ], [ -118.192379636710001, 34.033370627856002 ], [ -118.192378593905005, 34.033238254536201 ], [ -118.192389176800006, 34.033237857228499 ], [ -118.192277259080001, 34.020379513782203 ], [ -118.192246491611002, 34.016475219914497 ], [ -118.192246635600995, 34.016475219685198 ], [ -118.192246592092005, 34.016469002822497 ], [ -118.192236988926993, 34.015086771316902 ], [ -118.192231191513002, 34.015086775140198 ], [ -118.192231175195005, 34.015084854913297 ], [ -118.191814433670004, 34.015086983734101 ], [ -118.191488234581996, 34.015087141025298 ], [ -118.191448169119994, 34.015087177530098 ], [ -118.191440519889994, 34.0128659214867 ], [ -118.191941877703997, 34.012909211777803 ], [ -118.191953370481997, 34.012910155431598 ], [ -118.192108686032995, 34.012923644010698 ], [ -118.192130138527006, 34.012925478732399 ], [ -118.192161603274002, 34.012927982672302 ], [ -118.192207826430007, 34.012931661233999 ], [ -118.192293603360994, 34.012938270744698 ], [ -118.194648410452999, 34.013142695128103 ], [ -118.195707385473995, 34.013234609128503 ], [ -118.195707847803007, 34.013234635424702 ], [ -118.200521135554993, 34.0136483122157 ], [ -118.200565106059997, 34.013652220308401 ], [ -118.200668853872003, 34.013661735692502 ], [ -118.200716953891003, 34.013666287767499 ], [ -118.200951723437996, 34.013689775912901 ], [ -118.200994532143, 34.0136940463942 ], [ -118.201093717627003, 34.013705669568601 ], [ -118.201109967720001, 34.0137075780749 ], [ -118.201154387461997, 34.013712795123801 ], [ -118.201284927548997, 34.013728130664397 ], [ -118.201417946408, 34.013743735992001 ], [ -118.201471945584004, 34.013750076469698 ], [ -118.201487163264005, 34.013752139006598 ], [ -118.201537930054002, 34.013759033880298 ], [ -118.201550770644005, 34.013760771320499 ], [ -118.201583304815003, 34.0137651957806 ], [ -118.201653954728002, 34.0137748052544 ], [ -118.201683299603005, 34.013778795971703 ], [ -118.201756182582997, 34.0137887036663 ], [ -118.201815863104997, 34.0137972044704 ], [ -118.201831952101998, 34.013799635133203 ], [ -118.205071050262006, 34.014523602427303 ], [ -118.205072908299996, 34.014524157316103 ], [ -118.205072584793001, 34.014506118302499 ], [ -118.205070540872995, 34.014393896039103 ], [ -118.205067568773003, 34.014230694881498 ], [ -118.205065491284998, 34.014083111167203 ], [ -118.205064692261004, 34.014039778808502 ], [ -118.205059219307998, 34.013745299685901 ], [ -118.205053056672, 34.013411444828897 ], [ -118.205039067407995, 34.012631392333702 ], [ -118.205352177915998, 34.012820854237901 ], [ -118.207006972610998, 34.012782913206102 ], [ -118.207012145505999, 34.012791783477503 ], [ -118.207254337573005, 34.013212233300997 ], [ -118.207384115370999, 34.013437551817901 ], [ -118.208178178186003, 34.015010854083499 ], [ -118.208289641316995, 34.015010436420198 ], [ -118.208290631862994, 34.015012156628501 ], [ -118.208342348645999, 34.015011772578703 ], [ -118.208417353707006, 34.015011423126602 ], [ -118.208711298463001, 34.015010091251398 ], [ -118.208812568663006, 34.015009641144701 ], [ -118.209369177249997, 34.015007083105402 ], [ -118.209838308097005, 34.015004945958502 ], [ -118.210138259082996, 34.015003575826 ], [ -118.210138885915995, 34.015003574734799 ], [ -118.210240303339006, 34.015003124075399 ], [ -118.212713179204997, 34.014993853196003 ], [ -118.212710179278005, 34.0142998535636 ], [ -118.214748179802001, 34.014984853468803 ], [ -118.215429179742998, 34.014981853197398 ], [ -118.215720357254995, 34.015084741111203 ], [ -118.217294179421003, 34.015640853729899 ], [ -118.217167179327006, 34.014973853539097 ], [ -118.220095411781998, 34.0149601530807 ], [ -118.220110581526001, 34.014960193936297 ], [ -118.220411476980004, 34.014958673945003 ], [ -118.222724181154007, 34.0149478531564 ], [ -118.222724286138003, 34.014948248733297 ], [ -118.223373180566995, 34.017383853292102 ], [ -118.223759180917995, 34.017488853371397 ], [ -118.224105181056999, 34.019979853656103 ], [ -118.230345185052997, 34.047578856589602 ], [ -118.228970184618007, 34.053023857037502 ], [ -118.2291501845, 34.053074856839999 ], [ -118.228960184380995, 34.053046856891697 ], [ -118.227279184229005, 34.055019857555799 ], [ -118.225769184138002, 34.054343856911402 ], [ -118.222085183949005, 34.055981857915199 ], [ -118.219016183459999, 34.057014857501301 ], [ -118.214859182690006, 34.060252858856998 ], [ -118.214910182864998, 34.060402858395904 ], [ -118.214834182800999, 34.060272858689999 ], [ -118.207559182319997, 34.065186859217903 ], [ -118.204650182215005, 34.065566859540702 ], [ -118.202855852531002, 34.065565062363603 ], [ -118.202653181597995, 34.065564859859002 ], [ -118.199415328642999, 34.064977431948698 ], [ -118.192704179293997, 34.063759860206702 ], [ -118.192629179834995, 34.060769860077301 ] ] ] } },
{ "type": "Feature", "properties": { "objectid": 11, "name": "Brentwood", "area_sqmi": 15.070247841174206, "source_url": "https://services5.arcgis.com/7nsPwEMP38bSkCjy/arcgis/rest/services/LA_Times_Neighborhoods/FeatureServer/0", "fetched_at": "2025-12-07T08:52:51.283518" }, "geometry": { "type": "Polygon", "coordinates": [ [ [ -118.490139234965994, 34.130957850773797 ], [ -118.490091774625, 34.130892885265702 ], [ -118.489754235248, 34.130430850672397 ], [ -118.489683493366002, 34.130399461652601 ], [ -118.489394235144999, 34.130271116022499 ], [ -118.489150234807994, 34.130162850490898 ], [ -118.489057411082001, 34.130157424679403 ], [ -118.486687770583003, 34.130018904728402 ], [ -118.485147233701994, 34.129928851110698 ], [ -118.485114075189998, 34.129935063280598 ], [ -118.484947682623002, 34.1299662390931 ], [ -118.484688233911996, 34.130014851310399 ], [ -118.484059233748994, 34.1304378512068 ], [ -118.482657233865993, 34.130578850920401 ], [ -118.481671233426994, 34.130233851005997 ], [ -118.481133233487995, 34.129823850971697 ], [ -118.480533233629998, 34.129857851174997 ], [ -118.479557233462998, 34.129366851213803 ], [ -118.479266232992998, 34.128872850714103 ], [ -118.479108233236005, 34.127177850581901 ], [ -118.478458232262, 34.126436850447597 ], [ -118.477594232238999, 34.126196850810103 ], [ -118.475683231578998, 34.1263508509386 ], [ -118.477668231728003, 34.123551850371797 ], [ -118.478427232008997, 34.122614850257101 ], [ -118.478635232415996, 34.122701850236702 ], [ -118.480963232031002, 34.119824850411497 ], [ -118.481575232661996, 34.118802850091299 ], [ -118.481916231943003, 34.1175168495798 ], [ -118.482251242846999, 34.112566781310598 ], [ -118.482264231737005, 34.112374849344597 ], [ -118.482111232316996, 34.111303849026498 ], [ -118.481814232304998, 34.110527848543299 ], [ -118.481615231923001, 34.110630849361598 ], [ -118.478028230739994, 34.105629848871502 ], [ -118.477339229997, 34.104159848410198 ], [ -118.477235230152999, 34.102544848507002 ], [ -118.477895229824, 34.100055847742702 ], [ -118.477892229689999, 34.098789847838397 ], [ -118.477606229697997, 34.097803847302899 ], [ -118.476887229650998, 34.0965618473627 ], [ -118.475568229057004, 34.0962408476652 ], [ -118.475005229279006, 34.095569847962601 ], [ -118.474973229162003, 34.095381847810799 ], [ -118.475471229093003, 34.095155847616297 ], [ -118.475741229510007, 34.094758847777001 ], [ -118.475694229035, 34.092143847614999 ], [ -118.475910228846004, 34.092026847205702 ], [ -118.475429229341998, 34.0886008466804 ], [ -118.474818228911005, 34.088659847259798 ], [ -118.474259228250006, 34.0845668466186 ], [ -118.473738228664004, 34.082738845901702 ], [ -118.473715874633996, 34.082699011630702 ], [ -118.473467050435005, 34.082255592604497 ], [ -118.472958227397001, 34.081348845772702 ], [ -118.471802228021005, 34.0798428457285 ], [ -118.469105187455995, 34.077396127460098 ], [ -118.469033226923003, 34.077330846132703 ], [ -118.468431227205002, 34.075761846230201 ], [ -118.466355843158993, 34.073343254140703 ], [ -118.466115226344002, 34.073062845809801 ], [ -118.466506226297994, 34.072859845357101 ], [ -118.461542225119999, 34.067124844850198 ], [ -118.461757224457997, 34.066996845005299 ], [ -118.460707224564999, 34.065808845479502 ], [ -118.460454224567997, 34.065894845063902 ], [ -118.459989224314995, 34.065368845207303 ], [ -118.459635223866002, 34.065449845513399 ], [ -118.455173223675004, 34.060247844666698 ], [ -118.457866239026004, 34.0586335233859 ], [ -118.458792762485999, 34.058078212465801 ], [ -118.460572222626993, 34.059591411978303 ], [ -118.461112224418002, 34.060050844704797 ], [ -118.462826224975004, 34.063113844458599 ], [ -118.463011298371995, 34.0640521593144 ], [ -118.463073878239996, 34.064369739280501 ], [ -118.463103672117001, 34.064520951707998 ], [ -118.463166249292001, 34.0648385055012 ], [ -118.463212011002994, 34.065070718412002 ], [ -118.463298952575997, 34.065148974670002 ], [ -118.463500644169997, 34.065330551214402 ], [ -118.463635138160001, 34.065451656926903 ], [ -118.463644595624999, 34.065460139250298 ], [ -118.463807197285007, 34.065606526873196 ], [ -118.464082468894006, 34.065854309177297 ], [ -118.465348225485002, 34.066993845493002 ], [ -118.466743225754001, 34.067712844754503 ], [ -118.467092167032007, 34.067416357639097 ], [ -118.467368064626001, 34.067182181573699 ], [ -118.467463696313004, 34.067100940853599 ], [ -118.467767943816, 34.066842724628799 ], [ -118.467807576588996, 34.066809074498501 ], [ -118.467833640284994, 34.066786912919603 ], [ -118.468477478660006, 34.066239505448898 ], [ -118.468905346233001, 34.065876250054401 ], [ -118.468896640181995, 34.065830309937297 ], [ -118.468888929748005, 34.065789600282599 ], [ -118.468696842379003, 34.064775813924399 ], [ -118.468602220530002, 34.064276256809897 ], [ -118.468276958993002, 34.062559481574702 ], [ -118.468204899317996, 34.0621791227749 ], [ -118.468180390788007, 34.062048227984803 ], [ -118.468176687333994, 34.062028895345499 ], [ -118.468152088785999, 34.061898933089601 ], [ -118.468123783646007, 34.0617496400044 ], [ -118.468095445177994, 34.061600374089203 ], [ -118.468076256447006, 34.061499050731499 ], [ -118.467965586762006, 34.060915305835401 ], [ -118.467965235693001, 34.060914899700798 ], [ -118.467965225631005, 34.060914843844401 ], [ -118.461590478809001, 34.053523148114401 ], [ -118.461529021366005, 34.053451119413502 ], [ -118.459248051675004, 34.050777831709297 ], [ -118.470968646098996, 34.041283741023101 ], [ -118.470972224152007, 34.041280842149298 ], [ -118.471525224272, 34.041753841560201 ], [ -118.471287224327995, 34.041946842246503 ], [ -118.471287671583994, 34.0419472245555 ], [ -118.471287477535995, 34.041947382180297 ], [ -118.471425296009997, 34.042065415203901 ], [ -118.471563080997001, 34.0421833941109 ], [ -118.471704448810002, 34.042304435811801 ], [ -118.471842765700003, 34.042422879322302 ], [ -118.471983935058006, 34.042543729448703 ], [ -118.472121821868001, 34.042661816415198 ], [ -118.472260139940005, 34.042780259449898 ], [ -118.472398060017994, 34.042898345975203 ], [ -118.472535980489994, 34.043016433245299 ], [ -118.472673867775001, 34.043134519588399 ], [ -118.47281218741, 34.043252961993502 ], [ -118.472927583914, 34.043351323940001 ], [ -118.472950208216005, 34.043370965462799 ], [ -118.473010700955001, 34.0434222946188 ], [ -118.473200551849004, 34.043584825417298 ], [ -118.473203925630003, 34.0435877412894 ], [ -118.473210157970001, 34.043593048554897 ], [ -118.473407820156993, 34.043762265771598 ], [ -118.473433665944995, 34.043784661391904 ], [ -118.473483209074999, 34.043826806014302 ], [ -118.473618155023999, 34.043942331644502 ], [ -118.473664098765994, 34.043981663993101 ], [ -118.473732830272994, 34.044040553218501 ], [ -118.473732969292001, 34.044040622993002 ], [ -118.473733225038004, 34.044040841964701 ], [ -118.473758028757999, 34.044053221922702 ], [ -118.473791457678999, 34.0440700279363 ], [ -118.473879679272997, 34.044114032858197 ], [ -118.473937645229, 34.044143345120098 ], [ -118.474020932976003, 34.0441847034595 ], [ -118.474054858824999, 34.044201651696 ], [ -118.474084360285005, 34.044216440082103 ], [ -118.474207143266995, 34.044277868304398 ], [ -118.474290333205005, 34.044319501812197 ], [ -118.47437612633, 34.044232111480902 ], [ -118.474394647923006, 34.044213205607399 ], [ -118.476274786538994, 34.045827621954999 ], [ -118.476283473140995, 34.045835170521997 ], [ -118.476300983033994, 34.045850116558299 ], [ -118.476313071302997, 34.045860496956898 ], [ -118.476431263877004, 34.045963723688402 ], [ -118.476550619204005, 34.046067966257198 ], [ -118.476556816900001, 34.046073396097903 ], [ -118.476648594020006, 34.046152504365303 ], [ -118.476740014129007, 34.0462322207079 ], [ -118.476830973586999, 34.046311462789603 ], [ -118.476922517239998, 34.046391131628297 ], [ -118.477013793553994, 34.046470229880001 ], [ -118.477105119013999, 34.046549559564603 ], [ -118.477196179263998, 34.046629072339698 ], [ -118.477196576013, 34.046628755233797 ], [ -118.477202459004999, 34.0466241864343 ], [ -118.477295226029995, 34.046703842045901 ], [ -118.478360225909, 34.046269842422603 ], [ -118.478450225976999, 34.045633841669797 ], [ -118.479027226092001, 34.045691841673502 ], [ -118.479041369513993, 34.0456332343242 ], [ -118.479148487640003, 34.045193798529397 ], [ -118.479303567919999, 34.045220392359496 ], [ -118.479387784725006, 34.045152184007399 ], [ -118.479672226337996, 34.045198842215797 ], [ -118.479756362757001, 34.0447128281875 ], [ -118.479757518184996, 34.044708080609297 ], [ -118.479758439880001, 34.044707334080499 ], [ -118.480045092457004, 34.044587436226799 ], [ -118.480068458144999, 34.044607398932499 ], [ -118.480145434063999, 34.044545466490099 ], [ -118.480173225620007, 34.044533841543902 ], [ -118.480164996038994, 34.044529726295998 ], [ -118.480307030857006, 34.044414679697098 ], [ -118.482031493682001, 34.043017012677403 ], [ -118.482126316079999, 34.0429401539919 ], [ -118.482220744996994, 34.042863639387001 ], [ -118.482504785024005, 34.042633440305401 ], [ -118.482859594955002, 34.042345938940997 ], [ -118.482954147174993, 34.042269253777498 ], [ -118.483048810906993, 34.042192592434901 ], [ -118.483439363065997, 34.041876065618098 ], [ -118.483604920871997, 34.041741910219699 ], [ -118.483628576887995, 34.041722717305703 ], [ -118.483829617138994, 34.041559814596297 ], [ -118.483967783599994, 34.041677941962199 ], [ -118.484105949368995, 34.041796069175199 ], [ -118.484244083044004, 34.0419141972625 ], [ -118.484382250676006, 34.042032324156303 ], [ -118.484520417615002, 34.042150450897097 ], [ -118.484658586033007, 34.042268578377701 ], [ -118.484796753595006, 34.042386677758202 ], [ -118.484921851644003, 34.042493672945398 ], [ -118.484934922948995, 34.042504831969502 ], [ -118.485072461388995, 34.042622438621599 ], [ -118.485141542121994, 34.042681523721001 ], [ -118.485210630276995, 34.042740564576199 ], [ -118.485350028919001, 34.042859840301404 ], [ -118.485488166262996, 34.042977994017399 ], [ -118.485626302914994, 34.0430961475804 ], [ -118.485764441035002, 34.043214300080301 ], [ -118.485902579392999, 34.043332426278802 ], [ -118.486040718298995, 34.043450579365498 ], [ -118.486178857593998, 34.043568732294901 ], [ -118.486317030845996, 34.043686884030201 ], [ -118.486455170922, 34.043805036644898 ], [ -118.486546907882001, 34.043883499280497 ], [ -118.486593311388006, 34.043923189102301 ], [ -118.486731452087, 34.044041314356797 ], [ -118.486869593327, 34.044159465598 ], [ -118.486938678648997, 34.044218529831703 ], [ -118.487007734963001, 34.044277617583298 ], [ -118.487157388211997, 34.044405615542701 ], [ -118.487307043159007, 34.044533640358601 ], [ -118.487456697159999, 34.044661610001697 ], [ -118.487606352702002, 34.044789579455703 ], [ -118.487756041354999, 34.044917576540897 ], [ -118.487905697976004, 34.045045573572601 ], [ -118.488055354129003, 34.045173597469599 ], [ -118.488204977929996, 34.045301566320703 ], [ -118.488342625681994, 34.0454192518011 ], [ -118.488355133257997, 34.045429972789798 ], [ -118.488457580832005, 34.045517573740298 ], [ -118.488504824201996, 34.045557968950803 ], [ -118.488527848366004, 34.0455776600486 ], [ -118.488677507348001, 34.045705656128 ], [ -118.488850223594994, 34.045853342927799 ], [ -118.489022907966003, 34.046001030514702 ], [ -118.489195591858007, 34.046148716958598 ], [ -118.489355604189996, 34.046285545904801 ], [ -118.489515615962006, 34.046422374644202 ], [ -118.489584666114993, 34.046481451953099 ], [ -118.489653765065, 34.046540522714302 ], [ -118.490114264547998, 34.046934351183999 ], [ -118.490301683927996, 34.047094617623401 ], [ -118.490416842678002, 34.047193073931197 ], [ -118.490531969206998, 34.047291530261802 ], [ -118.490692748973004, 34.047429013368301 ], [ -118.490853528507003, 34.047566551258498 ], [ -118.491014341824993, 34.047704034708097 ], [ -118.491174881627003, 34.047841327933199 ], [ -118.491194999510995, 34.047858514158698 ], [ -118.491215134746994, 34.047875703015102 ], [ -118.491369513183997, 34.048007743445503 ], [ -118.491622696498993, 34.048224263066601 ], [ -118.491829904558998, 34.048401799405099 ], [ -118.492018682571, 34.048562867265296 ], [ -118.492061627520997, 34.048599589524699 ], [ -118.492110155611996, 34.048641084297003 ], [ -118.492541513812, 34.049009961444597 ], [ -118.492743673766995, 34.049182803587001 ], [ -118.492858457775, 34.049281017516897 ], [ -118.492858773446002, 34.049281285788403 ], [ -118.493038140069999, 34.049434600298802 ], [ -118.493256759218994, 34.049621553783297 ], [ -118.493486992182, 34.049818434035103 ], [ -118.493496548600007, 34.049826583652298 ], [ -118.493743638013996, 34.050037847993103 ], [ -118.493841586032005, 34.0501216249911 ], [ -118.493834375307003, 34.050137480981 ], [ -118.493055123570997, 34.051851077748204 ], [ -118.492844229130995, 34.052314841515603 ], [ -118.492525228458007, 34.053508841952301 ], [ -118.492460229290998, 34.054455842087002 ], [ -118.492613228631001, 34.055135842521899 ], [ -118.493123228797998, 34.056120841917398 ], [ -118.493176228772001, 34.0568938425059 ], [ -118.493078229736, 34.0575098428343 ], [ -118.492670229414998, 34.058188842761801 ], [ -118.493350229699004, 34.058722842853797 ], [ -118.493519780583995, 34.059962571548397 ], [ -118.493536229157002, 34.060082842598703 ], [ -118.493619069725995, 34.060133473427001 ], [ -118.494060468900003, 34.0604032507322 ], [ -118.494269229463995, 34.060530842361302 ], [ -118.494366423157999, 34.060520546561399 ], [ -118.494644738665997, 34.060491064430401 ], [ -118.494977229610996, 34.0604558431219 ], [ -118.495072260819001, 34.0603702798455 ], [ -118.495391124340003, 34.060083181891301 ], [ -118.495509229689006, 34.059976842324097 ], [ -118.495520051922995, 34.059912996934798 ], [ -118.496076229409994, 34.056631842223197 ], [ -118.496389229781002, 34.056084842225502 ], [ -118.498708230147002, 34.054609841715198 ], [ -118.499396230185994, 34.053465841925899 ], [ -118.499912230209006, 34.052992841526603 ], [ -118.500448230491003, 34.052825841884598 ], [ -118.501817230767003, 34.0529568413479 ], [ -118.502560231016005, 34.052867841271997 ], [ -118.503788230845998, 34.052246841181798 ], [ -118.503888848955, 34.052148526005197 ], [ -118.504662231097001, 34.051392840769999 ], [ -118.508238230673001, 34.046548840625597 ], [ -118.508293508053995, 34.046526771789097 ], [ -118.508579491828002, 34.0464125940332 ], [ -118.509032230719001, 34.046231840034402 ], [ -118.509184770488005, 34.0462764992252 ], [ -118.509778765128004, 34.046450403420302 ], [ -118.509862230934004, 34.0464748406364 ], [ -118.510002736992007, 34.046648161316 ], [ -118.510116318190995, 34.046788269301302 ], [ -118.510166230798006, 34.046849839985001 ], [ -118.510214231456999, 34.047346840298999 ], [ -118.510174768767001, 34.047409417853899 ], [ -118.509316231401996, 34.048770840507501 ], [ -118.509192021003997, 34.049761763281303 ], [ -118.509181231, 34.049847840823503 ], [ -118.509314136067999, 34.050059086978997 ], [ -118.509773801920005, 34.050789706326299 ], [ -118.509807231482995, 34.050842840740501 ], [ -118.509839510469007, 34.050859654297199 ], [ -118.510310231204997, 34.051104840945897 ], [ -118.509714231838004, 34.051777840662602 ], [ -118.507918231006002, 34.052800840942098 ], [ -118.507620231784003, 34.053899841049699 ], [ -118.506383231955994, 34.056119841358303 ], [ -118.506593231325994, 34.058432841644098 ], [ -118.506318231595998, 34.059140842060799 ], [ -118.506364231524998, 34.059689841573302 ], [ -118.507319231555002, 34.060105841904203 ], [ -118.507067232175999, 34.060972842085903 ], [ -118.506358232007003, 34.062281842279504 ], [ -118.506366232250002, 34.063226842723601 ], [ -118.506636232535996, 34.063892842275997 ], [ -118.507118232181, 34.064486842407298 ], [ -118.509547233169997, 34.066097842372898 ], [ -118.512697233083998, 34.067690842248098 ], [ -118.512980233823995, 34.0685288425191 ], [ -118.514341233620002, 34.069616842404102 ], [ -118.516229234820003, 34.071448842847097 ], [ -118.516836234745995, 34.073003842413499 ], [ -118.516677234509999, 34.073469842640598 ], [ -118.516109234821002, 34.074085842840397 ], [ -118.516056234019004, 34.074475842941197 ], [ -118.516247234538994, 34.075041843111499 ], [ -118.516617234939005, 34.075323843412399 ], [ -118.517521234769006, 34.0754278430678 ], [ -118.517766234909999, 34.075624842622801 ], [ -118.517930234759007, 34.076003843069302 ], [ -118.517831235475001, 34.0767308431532 ], [ -118.518201234862005, 34.077377843508103 ], [ -118.519112235516999, 34.078198843287403 ], [ -118.518834235192003, 34.0789728434696 ], [ -118.519151235679004, 34.079945843015302 ], [ -118.519613235595997, 34.080665843645399 ], [ -118.520876235974001, 34.081598843270903 ], [ -118.520087235361004, 34.081585843654302 ], [ -118.519655235326994, 34.081276843449302 ], [ -118.518767235663006, 34.081066843512602 ], [ -118.518614235811995, 34.080719843902202 ], [ -118.518447235826997, 34.081070843461397 ], [ -118.519166235642004, 34.081693843938602 ], [ -118.519118235787005, 34.082264843474597 ], [ -118.519707235332007, 34.082366843732601 ], [ -118.519751235935004, 34.082530843904301 ], [ -118.518885236160997, 34.082488844148699 ], [ -118.518662235120999, 34.082339844040703 ], [ -118.518568235374005, 34.081959843462698 ], [ -118.518429235935997, 34.082392844129402 ], [ -118.518649235593998, 34.082909843862701 ], [ -118.519226236281995, 34.083243843655197 ], [ -118.519051235237001, 34.083304843840097 ], [ -118.518093235262, 34.082884843540697 ], [ -118.518026235250005, 34.0832028436595 ], [ -118.518696235421004, 34.084432843557302 ], [ -118.519587235865998, 34.086810843714701 ], [ -118.521302236593996, 34.0891628439079 ], [ -118.521288236437996, 34.0897088441235 ], [ -118.521639236412, 34.090672844313602 ], [ -118.522548236904001, 34.091813844416102 ], [ -118.522739237427999, 34.092669844591498 ], [ -118.522010236978005, 34.093837845230603 ], [ -118.522300236716006, 34.094511844408601 ], [ -118.522257236876996, 34.095255844976997 ], [ -118.522954237098006, 34.0973788455277 ], [ -118.522945237767999, 34.098208845143397 ], [ -118.523453237542, 34.098968845401103 ], [ -118.523360238216995, 34.099921845650599 ], [ -118.523713238325001, 34.100618845720398 ], [ -118.523717237992003, 34.101562845879499 ], [ -118.523969238006998, 34.101875845903201 ], [ -118.523989237897993, 34.102751845575597 ], [ -118.524216238307005, 34.103517845580498 ], [ -118.525252239042004, 34.105006845802201 ], [ -118.525331239029995, 34.105632845684298 ], [ -118.525661238598005, 34.105884845659098 ], [ -118.525862239096995, 34.1063068455245 ], [ -118.525797238834002, 34.106704846166402 ], [ -118.525296238769002, 34.107594846139001 ], [ -118.525229238351997, 34.108394846280802 ], [ -118.525899238598996, 34.1093308465381 ], [ -118.525709239484002, 34.110527846013703 ], [ -118.526030239224994, 34.111093846178399 ], [ -118.525917238763, 34.111536846258701 ], [ -118.526189238867005, 34.1122588465986 ], [ -118.525951239151993, 34.113055846699297 ], [ -118.526119239139007, 34.113617847015902 ], [ -118.525928239863006, 34.114858846557702 ], [ -118.526326239252995, 34.115712846612197 ], [ -118.526279240047998, 34.116267846657401 ], [ -118.526473239853004, 34.116644846931401 ], [ -118.526479239327003, 34.117244847445399 ], [ -118.526891239796001, 34.118018846853197 ], [ -118.526373239576003, 34.118591846831698 ], [ -118.527069240196994, 34.118745846796898 ], [ -118.527488239849006, 34.1190228467932 ], [ -118.527630240069996, 34.120361847232203 ], [ -118.528700240256995, 34.1217448474614 ], [ -118.528621240502005, 34.122381847671797 ], [ -118.528018240793003, 34.123062848032902 ], [ -118.528168240642003, 34.123444847702103 ], [ -118.528009240990002, 34.123807847877899 ], [ -118.527956240582, 34.124868847473898 ], [ -118.527945719959007, 34.1248771046752 ], [ -118.527533240509001, 34.125200848213296 ], [ -118.527349240876006, 34.125606848394298 ], [ -118.527331203599999, 34.125686655876301 ], [ -118.527024241066002, 34.127044848197997 ], [ -118.527108241264003, 34.127856848081002 ], [ -118.527053821796997, 34.1280034760142 ], [ -118.527008592046997, 34.128125347172798 ], [ -118.526964240517998, 34.128244847936998 ], [ -118.526459240218998, 34.128626848451603 ], [ -118.526418359489995, 34.128621631673496 ], [ -118.525448240426002, 34.128497848276297 ], [ -118.524788240514994, 34.128649848712499 ], [ -118.522994624413002, 34.128399535613902 ], [ -118.522753239714007, 34.128365848810397 ], [ -118.521832240113994, 34.127999848307098 ], [ -118.520730240093002, 34.128746848534 ], [ -118.519658239487995, 34.128755849001401 ], [ -118.518867239716002, 34.129080848751499 ], [ -118.517959238852995, 34.128817848868202 ], [ -118.516770239299007, 34.128948849249802 ], [ -118.516269238934001, 34.128801849016 ], [ -118.513013238856004, 34.129035848877002 ], [ -118.511149238756005, 34.129846848936502 ], [ -118.510421237922998, 34.1306308495964 ], [ -118.509533237818005, 34.1306688492989 ], [ -118.508534238425995, 34.131126849939498 ], [ -118.507295238064003, 34.130272849392 ], [ -118.507211237608999, 34.129809849309503 ], [ -118.506872237744005, 34.129295849351699 ], [ -118.505057237052, 34.128629849476901 ], [ -118.504426236748003, 34.1278538494524 ], [ -118.503841721588998, 34.127714721983999 ], [ -118.503779237223, 34.127699849161097 ], [ -118.503608453715003, 34.127793872168198 ], [ -118.502849236713999, 34.128211849278301 ], [ -118.502798237109999, 34.128511850007698 ], [ -118.503059236854, 34.129294849692201 ], [ -118.502344236739006, 34.1304878495352 ], [ -118.502020237238, 34.1304338500087 ], [ -118.501908236858, 34.130211849930603 ], [ -118.502464236628995, 34.129744849583403 ], [ -118.502426237039003, 34.129332849976997 ], [ -118.501167236455998, 34.129032850013601 ], [ -118.499849235952993, 34.129755850413503 ], [ -118.499197236382003, 34.1297818497181 ], [ -118.498459235873995, 34.130107849867898 ], [ -118.497709236424001, 34.1301868501398 ], [ -118.496959235869994, 34.130654849844198 ], [ -118.496459235510002, 34.130612850699599 ], [ -118.495833236118003, 34.130088850019 ], [ -118.495293236083, 34.129950849994898 ], [ -118.494280235812994, 34.130212849926899 ], [ -118.492750884827004, 34.1310891016577 ], [ -118.492690235151002, 34.131123850846997 ], [ -118.491492235275999, 34.130939850707499 ], [ -118.490588235106003, 34.131223850858298 ], [ -118.490151582736004, 34.130965165389298 ], [ -118.490139234965994, 34.130957850773797 ] ] ] } },
{ "type": "Feature", "properties": { "objectid": 12, "name": "Broadway-Manchester", "area_sqmi": 1.5538682241464714, "source_url": "https://services5.arcgis.com/7nsPwEMP38bSkCjy/arcgis/rest/services/LA_Times_Neighborhoods/FeatureServer/0", "fetched_at": "2025-12-07T08:52:51.283518" }, "geometry": { "type": "Polygon", "coordinates": [ [ [ -118.269543181128, 33.929188840966802 ], [ -118.269556174043998, 33.923115275211998 ], [ -118.269556181379002, 33.9231118403941 ], [ -118.269586250597996, 33.9231125124183 ], [ -118.269644992344993, 33.9231153615046 ], [ -118.269696065543002, 33.9231178382569 ], [ -118.269827033640993, 33.923117891435602 ], [ -118.273240181893001, 33.9231941478604 ], [ -118.273240345203007, 33.923194151997997 ], [ -118.273240181746004, 33.923239206872601 ], [ -118.273240010237998, 33.923286436238797 ], [ -118.273240182188005, 33.923286436750601 ], [ -118.273728341560997, 33.923286721506599 ], [ -118.273750925198996, 33.923286734244897 ], [ -118.273786020903003, 33.923286706849801 ], [ -118.274081205269994, 33.923286477987702 ], [ -118.274305867132995, 33.9232865801456 ], [ -118.274443790251993, 33.923286643139697 ], [ -118.274541028689995, 33.923286695842897 ], [ -118.274694303857004, 33.923286759655902 ], [ -118.274865707152998, 33.9232868360426 ], [ -118.275037176506004, 33.923286939080597 ], [ -118.275208547362993, 33.923287015955502 ], [ -118.275379950659996, 33.923287091611201 ], [ -118.275551352780994, 33.923286480065499 ], [ -118.275722756077002, 33.923286555233901 ], [ -118.275894159374005, 33.9232866301586 ], [ -118.276065563752994, 33.923286704837203 ], [ -118.276236997284997, 33.923286109373898 ], [ -118.276408401698006, 33.923286194383302 ], [ -118.276579804994995, 33.9232862683333 ], [ -118.276751208294996, 33.923286342941303 ], [ -118.276858717842003, 33.923285958204801 ], [ -118.276922610404, 33.923285729446299 ], [ -118.277094013699994, 33.923285802665397 ], [ -118.277242182338995, 33.9232858650577 ], [ -118.277245639680004, 33.923285863418897 ], [ -118.277344559748997, 33.923285913600701 ], [ -118.277344668170997, 33.923079824311699 ], [ -118.277377682023996, 33.923025561435601 ], [ -118.277654834272994, 33.922570209834099 ], [ -118.277746751910001, 33.922585135609999 ], [ -118.277839371249001, 33.9225947893962 ], [ -118.277913423216006, 33.9225991074224 ], [ -118.277987584830996, 33.9226006169065 ], [ -118.277993388846994, 33.922600617949698 ], [ -118.277996158001997, 33.922600830635403 ], [ -118.277998960960005, 33.922601127084803 ], [ -118.278001698131007, 33.9226014777771 ], [ -118.278004434585, 33.9226019384568 ], [ -118.278007172212995, 33.922602427080903 ], [ -118.278009877852995, 33.922603052810203 ], [ -118.278012550151999, 33.922603733609201 ], [ -118.278015189200005, 33.922604496523398 ], [ -118.278017796079993, 33.922605342451803 ], [ -118.278020369618005, 33.922606243449998 ], [ -118.278022911079006, 33.922607254507803 ], [ -118.278025386663003, 33.922608292763201 ], [ -118.278027830170004, 33.922609441078301 ], [ -118.278030240334999, 33.922610644462999 ], [ -118.278032584716996, 33.922611902992401 ], [ -118.278034863407001, 33.922613244613302 ], [ -118.278037109834003, 33.9226146403999 ], [ -118.278039257046004, 33.922616119355297 ], [ -118.278041404440998, 33.922617653303099 ], [ -118.278043420084998, 33.922619242547697 ], [ -118.278045403468994, 33.922620886859498 ], [ -118.278047288623995, 33.922622585489201 ], [ -118.278049139450999, 33.9226243680395 ], [ -118.278050893037999, 33.922626176958303 ], [ -118.278052579762999, 33.922628041925698 ], [ -118.278054168260994, 33.922629962112403 ], [ -118.278055690881999, 33.922631909496801 ], [ -118.278057115276994, 33.922633912100501 ], [ -118.278058473705002, 33.922635914856301 ], [ -118.278059766531996, 33.922638027749201 ], [ -118.278060926345006, 33.922640140948701 ], [ -118.278062021362004, 33.922642281343499 ], [ -118.278063018062994, 33.922644449912099 ], [ -118.278063915363006, 33.922646645755698 ], [ -118.278064746883004, 33.922648897645303 ], [ -118.278065512433002, 33.922651148785597 ], [ -118.278066080086006, 33.922653401283704 ], [ -118.278066614395001, 33.922655707950199 ], [ -118.278067051286996, 33.922657987795603 ], [ -118.278067387695998, 33.922660294918302 ], [ -118.278067626871007, 33.9226626302125 ], [ -118.278067766554997, 33.922664965736303 ], [ -118.278067840269998, 33.922667300510497 ], [ -118.278066827358003, 33.922670023642503 ], [ -118.278051742220995, 33.923025495554903 ], [ -118.278040676686004, 33.923271793695903 ], [ -118.278040060302999, 33.923285492856699 ], [ -118.278136002409994, 33.923285309450897 ], [ -118.278239602941994, 33.923222831092097 ], [ -118.281266182699, 33.923203839623902 ], [ -118.281257382484995, 33.923294200871297 ], [ -118.281215444734997, 33.923724804785103 ], [ -118.280956182748994, 33.926386839826499 ], [ -118.280493183652993, 33.9289028405842 ], [ -118.280664183892, 33.9289018404857 ], [ -118.280440183129002, 33.929122840014799 ], [ -118.280190183003995, 33.930151840390799 ], [ -118.280377183823006, 33.931428840314297 ], [ -118.280145183935005, 33.933901840747403 ], [ -118.279822183557002, 33.9339038410752 ], [ -118.279689183578995, 33.936019841341803 ], [ -118.279812184083994, 33.937842841484702 ], [ -118.279774184161994, 33.943460842356998 ], [ -118.279362184462002, 33.947417842576897 ], [ -118.279390993277005, 33.947800822916903 ], [ -118.279429500988002, 33.948312758347001 ], [ -118.279481185248997, 33.948999842164604 ], [ -118.280678185813002, 33.954824842969401 ], [ -118.280719185406994, 33.960030843820697 ], [ -118.269503184455999, 33.960113844807601 ], [ -118.269503205101998, 33.960097732698898 ], [ -118.269543181128, 33.929188840966802 ] ] ] } },
{ "type": "Feature", "properties": { "objectid": 13, "name": "Canoga Park", "area_sqmi": 4.3288758096955835, "source_url": "https://services5.arcgis.com/7nsPwEMP38bSkCjy/arcgis/rest/services/LA_Times_Neighborhoods/FeatureServer/0", "fetched_at": "2025-12-07T08:52:51.283518" }, "geometry": { "type": "Polygon", "coordinates": [ [ [ -118.588541259945998, 34.233045855999698 ], [ -118.588529259091004, 34.224213854935101 ], [ -118.589002259587005, 34.224575854876399 ], [ -118.589075259241, 34.224575854745197 ], [ -118.588528258799002, 34.224147854897602 ], [ -118.588457256108001, 34.188350851007797 ], [ -118.598138257293002, 34.188325850930902 ], [ -118.607690258540998, 34.186548850300497 ], [ -118.608008602053999, 34.186544588215298 ], [ -118.611750801211997, 34.186494491399003 ], [ -118.614637260639995, 34.186455849899701 ], [ -118.614637345302, 34.186485195743899 ], [ -118.614653260612997, 34.191976850423202 ], [ -118.614489260881001, 34.192125850293998 ], [ -118.614492260694007, 34.192819849987998 ], [ -118.614656260792003, 34.192955850046602 ], [ -118.614730263442993, 34.219529853378397 ], [ -118.605910261252006, 34.219665853718404 ], [ -118.605825261925006, 34.226375854520697 ], [ -118.605115262211001, 34.227488854362697 ], [ -118.603221261935005, 34.228873854573102 ], [ -118.602796262007999, 34.229573855282901 ], [ -118.602694008366001, 34.230000009224298 ], [ -118.602653429483993, 34.230169126043997 ], [ -118.602623261285999, 34.230294855450502 ], [ -118.602704420254, 34.230741787149398 ], [ -118.602840261511005, 34.231489855194297 ], [ -118.602996261886005, 34.231444855321598 ], [ -118.603754262140001, 34.233235855095302 ], [ -118.605097916385006, 34.235445352594297 ], [ -118.605101262682993, 34.235450855134502 ], [ -118.588544260133006, 34.235465856347901 ], [ -118.588544229437005, 34.2354419474932 ], [ -118.588541259945998, 34.233045855999698 ] ] ] } },
{ "type": "Feature", "properties": { "objectid": 14, "name": "Carthay", "area_sqmi": 0.50413772039625582, "source_url": "https://services5.arcgis.com/7nsPwEMP38bSkCjy/arcgis/rest/services/LA_Times_Neighborhoods/FeatureServer/0", "fetched_at": "2025-12-07T08:52:51.283518" }, "geometry": { "type": "Polygon", "coordinates": [ [ [ -118.366648207801006, 34.051688849154601 ], [ -118.366651207573994, 34.051506849319402 ], [ -118.376143209198005, 34.053325848787203 ], [ -118.376175534181996, 34.059476317557497 ], [ -118.376176209611003, 34.059604848954699 ], [ -118.376018210393994, 34.059615849257703 ], [ -118.376014280750994, 34.059894011768797 ], [ -118.376013081238995, 34.059969596506001 ], [ -118.375985487639994, 34.059985977638803 ], [ -118.375940113338004, 34.060012992713503 ], [ -118.375851140481004, 34.060065919217102 ], [ -118.375814623604995, 34.0600876588503 ], [ -118.375716898703999, 34.060145745822901 ], [ -118.375582545887994, 34.060225747521798 ], [ -118.375484320647004, 34.060284170330497 ], [ -118.375448296282997, 34.0603056333536 ], [ -118.375432952371995, 34.060314749582297 ], [ -118.375313949306005, 34.060385602279297 ], [ -118.375179765016, 34.060465432614997 ], [ -118.375045550048, 34.060545483772202 ], [ -118.374917917822998, 34.060621253695601 ], [ -118.374911200354006, 34.060625259328503 ], [ -118.374895395153999, 34.060634678934498 ], [ -118.374776851142002, 34.060705199714199 ], [ -118.374642601085, 34.060785085550201 ], [ -118.374508218738995, 34.060864997791199 ], [ -118.374440056023005, 34.0609056032674 ], [ -118.374373877587999, 34.060944974664999 ], [ -118.374239651143995, 34.061024740975903 ], [ -118.374105373323999, 34.0611047029292 ], [ -118.374019685882004, 34.061155726484003 ], [ -118.373971115505995, 34.061184592548003 ], [ -118.373823296485, 34.061272460195902 ], [ -118.373702404800994, 34.0613445233977 ], [ -118.372771332105003, 34.061898408354203 ], [ -118.372753519914994, 34.061908960790902 ], [ -118.372619545543998, 34.061988618136198 ], [ -118.372619424535998, 34.061988688829203 ], [ -118.372499270302995, 34.062060191399397 ], [ -118.372497590303993, 34.062061185563699 ], [ -118.372494898330004, 34.062062856294801 ], [ -118.372256209583, 34.062204849962598 ], [ -118.372039209522001, 34.063871849990001 ], [ -118.372270209202995, 34.0642498501186 ], [ -118.372074799660993, 34.064226903287 ], [ -118.361387207898005, 34.0629718501634 ], [ -118.363767407226007, 34.058310829627302 ], [ -118.363830208278998, 34.058187849785 ], [ -118.366512207680998, 34.052364849433303 ], [ -118.366648207801006, 34.051688849154601 ] ] ] } },
{ "type": "Feature", "properties": { "objectid": 15, "name": "Central-Alameda", "area_sqmi": 2.1911793931365322, "source_url": "https://services5.arcgis.com/7nsPwEMP38bSkCjy/arcgis/rest/services/LA_Times_Neighborhoods/FeatureServer/0", "fetched_at": "2025-12-07T08:52:51.283518" }, "geometry": { "type": "Polygon", "coordinates": [ [ [ -118.246050184816994, 34.021905852091599 ], [ -118.245196185100994, 34.021425852479801 ], [ -118.245104185054004, 34.021539852782197 ], [ -118.243239184535, 34.020687852673099 ], [ -118.239545184400995, 34.019977852609202 ], [ -118.239714582464998, 34.014800804189399 ], [ -118.239717424253996, 34.014800776909297 ], [ -118.239768768068004, 34.014800284573099 ], [ -118.239769050624005, 34.014800282208803 ], [ -118.239744998288003, 34.0138712385898 ], [ -118.239757183825006, 34.013498851753603 ], [ -118.239605182442006, 34.008891851064298 ], [ -118.239549626305006, 34.008245270235101 ], [ -118.239523531123993, 34.007941575694197 ], [ -118.239523434161001, 34.007940224496501 ], [ -118.239523345861997, 34.007938875084697 ], [ -118.239523257564002, 34.007937525673 ], [ -118.239523169258007, 34.007936173556701 ], [ -118.239523079877998, 34.007934824147 ], [ -118.239522991580003, 34.007933474735196 ], [ -118.239522903273993, 34.007932122618897 ], [ -118.239522814975999, 34.0079307732072 ], [ -118.239522726676995, 34.007929423795403 ], [ -118.239522640538993, 34.007928072576298 ], [ -118.239522552232998, 34.007926720459899 ], [ -118.239522463935003, 34.007925371048103 ], [ -118.239522375636994, 34.007924021636299 ], [ -118.239522286248999, 34.007922669522202 ], [ -118.239522197951004, 34.007921320110398 ], [ -118.239522109652, 34.007919970698602 ], [ -118.239522021349003, 34.007918619483803 ], [ -118.239521930883001, 34.007917269174797 ], [ -118.239521844750001, 34.007915919758801 ], [ -118.239521756447004, 34.007914568543903 ], [ -118.239521668145997, 34.007913218230598 ], [ -118.239521579848002, 34.007911868818901 ], [ -118.239521489379996, 34.007910517608302 ], [ -118.239521399992, 34.007909165494098 ], [ -118.239521311692997, 34.007907816082401 ], [ -118.239521223395002, 34.007906466670597 ], [ -118.239521135092005, 34.007905115455799 ], [ -118.239521046790998, 34.007903765142501 ], [ -118.239520958493003, 34.007902415730797 ], [ -118.239520870190006, 34.007901064515899 ], [ -118.239520781889993, 34.007899714202601 ], [ -118.239520693586002, 34.007898362987802 ], [ -118.239520603122997, 34.007897013580298 ], [ -118.239520514822999, 34.007895663267 ], [ -118.239520425436993, 34.007894312054297 ], [ -118.239520337138998, 34.0078929626426 ], [ -118.239520246675994, 34.007891613235103 ], [ -118.239520158369999, 34.007890261118803 ], [ -118.239520070067002, 34.007888909903897 ], [ -118.239519981769007, 34.0078875604922 ], [ -118.239519893468, 34.007886210178903 ], [ -118.239519805165003, 34.007884858964097 ], [ -118.239519714701999, 34.007883509556599 ], [ -118.239519626401005, 34.007882159243302 ], [ -118.239519538097994, 34.007880808028503 ], [ -118.239519447635004, 34.007879458620998 ], [ -118.239519358254, 34.007878109211397 ], [ -118.239519269948005, 34.007876757095097 ], [ -118.239519179485001, 34.0078754076876 ], [ -118.239519091187006, 34.007874058275803 ], [ -118.239519002882005, 34.007872706159503 ], [ -118.239518912419001, 34.007871356751998 ], [ -118.239518824119997, 34.007870007340202 ], [ -118.239518735817001, 34.007868656125503 ], [ -118.239518645352007, 34.007867305816397 ], [ -118.239518557053998, 34.0078659564047 ], [ -118.239518468751001, 34.007864605189802 ], [ -118.239518378279996, 34.007863253077801 ], [ -118.239518289982001, 34.007861903666097 ], [ -118.239518199518997, 34.007860554258599 ], [ -118.239518110130007, 34.007859202144303 ], [ -118.239518019667003, 34.007857852736898 ], [ -118.239517931368994, 34.007856503325101 ], [ -118.239517840901001, 34.007855152114601 ], [ -118.239517752601003, 34.007853801801303 ], [ -118.239517662137999, 34.007852452393799 ], [ -118.239517573835002, 34.007851101179 ], [ -118.239517483368999, 34.007849750870001 ], [ -118.239517395066002, 34.007848399655202 ], [ -118.239517306767993, 34.007847050243399 ], [ -118.239517216302005, 34.007845699934499 ], [ -118.239517127998994, 34.007844348719601 ], [ -118.239517037536004, 34.007842999312103 ], [ -118.239516949237995, 34.007841649900399 ], [ -118.239516858767999, 34.007840297788299 ], [ -118.239516768304995, 34.0078389483809 ], [ -118.239516680007, 34.007837598969097 ], [ -118.239516589535995, 34.007836246857103 ], [ -118.239516500155005, 34.007834897447502 ], [ -118.239516409692001, 34.007833548039997 ], [ -118.239516319222005, 34.007832195927897 ], [ -118.239516230923996, 34.0078308465162 ], [ -118.239516140461006, 34.007829497108702 ], [ -118.239516049993, 34.007828145898202 ], [ -118.239515961692007, 34.007826795584897 ], [ -118.239515871229003, 34.007825446177399 ], [ -118.239515780760996, 34.0078240949669 ], [ -118.239515692460998, 34.007822744653602 ], [ -118.239515601993006, 34.007821393443102 ], [ -118.239515513694997, 34.007820044031298 ], [ -118.239515423228994, 34.007818693722299 ], [ -118.239515332761002, 34.0078173425118 ], [ -118.239515242297998, 34.007815993104302 ], [ -118.239515154, 34.007814643692598 ], [ -118.239515063528998, 34.007813291580497 ], [ -118.239514973061006, 34.007811940369997 ], [ -118.239514882598002, 34.007810590962499 ], [ -118.239514794298003, 34.007809240649301 ], [ -118.239514703829997, 34.007807889438702 ], [ -118.239514613367007, 34.007806540031197 ], [ -118.239514522901004, 34.007805189722198 ], [ -118.239514432432998, 34.007803838511698 ], [ -118.239514344135003, 34.007802489100001 ], [ -118.239514252589998, 34.0078011396946 ], [ -118.239514162118994, 34.007799787582599 ], [ -118.239514071656998, 34.0077984381752 ], [ -118.239513981193994, 34.007797088767703 ], [ -118.239513890723003, 34.007795736655602 ], [ -118.239513800259999, 34.007794387248197 ], [ -118.239513709796995, 34.007793037840699 ], [ -118.239513621493998, 34.0077916866259 ], [ -118.239513531029004, 34.007790336316901 ], [ -118.239513440566, 34.007788986909397 ], [ -118.239513350102996, 34.007787637501899 ], [ -118.239513259632005, 34.007786285389898 ], [ -118.239513169169996, 34.0077849359824 ], [ -118.239513078707006, 34.007783586575002 ], [ -118.239512988236001, 34.007782234462901 ], [ -118.239512897772997, 34.007780885055503 ], [ -118.239512807310007, 34.007779535647998 ], [ -118.239512716842, 34.007778184437498 ], [ -118.239512626377007, 34.007776834128499 ], [ -118.239512535914002, 34.007775484721002 ], [ -118.239512445445996, 34.007774133510502 ], [ -118.239512354981002, 34.007772783201503 ], [ -118.239512264517998, 34.007771433793998 ], [ -118.239512174050006, 34.007770082583498 ], [ -118.239512083584003, 34.007768732274499 ], [ -118.239511993115997, 34.007767381063999 ], [ -118.239511902654002, 34.007766031656601 ], [ -118.239511812187999, 34.007764681347503 ], [ -118.239511719554997, 34.007763330141302 ], [ -118.239511629091993, 34.007761980733903 ], [ -118.239511538629003, 34.007760631326398 ], [ -118.239511448159007, 34.007759279214298 ], [ -118.239511357696003, 34.0077579298069 ], [ -118.239511267232999, 34.007756580399402 ], [ -118.239511176763003, 34.007755228287401 ], [ -118.239511086299999, 34.007753878879903 ], [ -118.239510993671999, 34.007752529476697 ], [ -118.239510903204007, 34.007751178266197 ], [ -118.239510812738999, 34.007749827957198 ], [ -118.239510722275995, 34.007748478549701 ], [ -118.239510631808002, 34.0077471273393 ], [ -118.239510539177999, 34.007745777034501 ], [ -118.239510448714995, 34.007744427627102 ], [ -118.239510358247003, 34.007743076416503 ], [ -118.239510267781, 34.007741726107497 ], [ -118.239510177314003, 34.007740374897097 ], [ -118.239510084691005, 34.0077390272969 ], [ -118.239509994220001, 34.007737675184899 ], [ -118.239509903758005, 34.007736325777401 ], [ -118.239509811130006, 34.007734976374202 ], [ -118.239509720661999, 34.007733625163702 ], [ -118.239509630197006, 34.007732274854703 ], [ -118.239509539734001, 34.007730925447298 ], [ -118.239509447101, 34.007729574241097 ], [ -118.239509356636006, 34.007728223932098 ], [ -118.239509266168, 34.007726872721499 ], [ -118.23950917354, 34.007725523318399 ], [ -118.239509083075006, 34.0077241730094 ], [ -118.239508992607, 34.0077228217989 ], [ -118.239508901061001, 34.007721472393499 ], [ -118.239508810599006, 34.007720122986001 ], [ -118.239508717963005, 34.007718770878299 ], [ -118.239508627500001, 34.0077174214709 ], [ -118.239508537038006, 34.007716072063403 ], [ -118.239508444402006, 34.007714719955601 ], [ -118.239508353944998, 34.007713372351198 ], [ -118.239508261311997, 34.007712021144997 ], [ -118.239508170845994, 34.007710670836097 ], [ -118.239508078214001, 34.007709319629797 ], [ -118.239507987750997, 34.007707970222299 ], [ -118.239507895120994, 34.007706619917599 ], [ -118.239507804653002, 34.007705268707099 ], [ -118.239507714189998, 34.007703919299601 ], [ -118.239507621561998, 34.007702569896502 ], [ -118.239507528927007, 34.0077012177887 ], [ -118.239507436298993, 34.0076998683856 ], [ -118.239507345836003, 34.007698518978103 ], [ -118.239507253200998, 34.007697166870301 ], [ -118.239507162737993, 34.007695817462903 ], [ -118.239507070111003, 34.007694468059697 ], [ -118.239506979645, 34.007693117750698 ], [ -118.239506887011999, 34.007691766544497 ], [ -118.239506796550003, 34.007690417136999 ], [ -118.239506703922004, 34.007689067733899 ], [ -118.239506612368999, 34.007687715624002 ], [ -118.239506521905994, 34.007686366216497 ], [ -118.239506429279004, 34.007685016813298 ], [ -118.239506338807999, 34.007683664701297 ], [ -118.239506246180994, 34.007682315298197 ], [ -118.239506153552995, 34.007680965894998 ], [ -118.239506063082999, 34.007679613782898 ], [ -118.239505970454999, 34.007678264379798 ], [ -118.239505877827, 34.007676914976599 ], [ -118.239505787362006, 34.007675564667601 ], [ -118.239505694729004, 34.007674213461399 ], [ -118.239505602102, 34.0076728640582 ], [ -118.239505509474, 34.007671514655101 ], [ -118.239505416838995, 34.007670162547299 ], [ -118.239505326376005, 34.007668813139802 ], [ -118.239505233748005, 34.007667463736603 ], [ -118.239505141113, 34.007666111629 ], [ -118.239505050649996, 34.007664762221502 ], [ -118.239504958023005, 34.007663412818303 ], [ -118.239504866475002, 34.0076620625115 ], [ -118.239504773842, 34.007660711305299 ], [ -118.239504681214001, 34.0076593619021 ], [ -118.239504590752006, 34.007658012494602 ], [ -118.239504498117, 34.0076566603868 ], [ -118.239504405489001, 34.007655310983601 ], [ -118.239504312861001, 34.007653961580502 ], [ -118.239504220225996, 34.0076526094728 ], [ -118.239504127597996, 34.007651260069601 ], [ -118.239504034971006, 34.007649910666402 ], [ -118.239503942339994, 34.007648560361702 ], [ -118.239503849708001, 34.0076472091555 ], [ -118.239503759244997, 34.007645859748003 ], [ -118.239503666614993, 34.007644509443402 ], [ -118.239503575065001, 34.007643158234998 ], [ -118.239503482437001, 34.007641808831799 ], [ -118.239503389809997, 34.0076404594286 ], [ -118.239503297173997, 34.007639107320898 ], [ -118.239503204551994, 34.007637759720801 ], [ -118.239503111919007, 34.0076364085146 ], [ -118.239503019289003, 34.0076350582099 ], [ -118.239502926656002, 34.007633707003698 ], [ -118.239502834028997, 34.0076323576005 ], [ -118.239502741397999, 34.007631007295799 ], [ -118.239502648766006, 34.007629656089598 ], [ -118.239502557221002, 34.007628306684303 ], [ -118.239502464593002, 34.007626957281097 ], [ -118.239502371962999, 34.007625606976397 ], [ -118.239502279334999, 34.007624257573198 ], [ -118.239502186703007, 34.007622906366997 ], [ -118.239502094073003, 34.007621556062297 ], [ -118.239501999275006, 34.007620204860402 ], [ -118.239501906647007, 34.007618855457203 ], [ -118.239501814017004, 34.007617505152602 ], [ -118.239501721389999, 34.007616155749403 ], [ -118.239501628762, 34.007614806346197 ], [ -118.239501537208994, 34.007613454236299 ], [ -118.239501444582004, 34.0076121048332 ], [ -118.239501351954004, 34.007610755430001 ], [ -118.239501259321997, 34.0076094042238 ], [ -118.239501166690999, 34.0076080539191 ], [ -118.239501071898999, 34.0076067045202 ], [ -118.239500979271, 34.0076053551171 ], [ -118.239500886635994, 34.007604003009298 ], [ -118.239500794009004, 34.007602653606099 ], [ -118.239500699215995, 34.007601304207199 ], [ -118.239500607663004, 34.007599952097401 ], [ -118.239500515035999, 34.007598602694202 ], [ -118.239500422408, 34.007597253291003 ], [ -118.239500329777997, 34.007595902986402 ], [ -118.239500234980994, 34.0075945517844 ], [ -118.239500142352995, 34.007593202381301 ], [ -118.239500047560995, 34.007591852982401 ], [ -118.239499954924995, 34.007590500874599 ], [ -118.239499862298004, 34.0075891514715 ], [ -118.239499770753, 34.007587802066197 ], [ -118.239499675958001, 34.007586451765803 ], [ -118.239499583324999, 34.007585100559503 ], [ -118.239499490697995, 34.007583751156403 ], [ -118.239499395902996, 34.007582400856002 ], [ -118.239499303269994, 34.007581049649801 ], [ -118.239499208482997, 34.007579702054002 ], [ -118.239499115848005, 34.007578349946201 ], [ -118.239499023220006, 34.007577000543002 ], [ -118.239498929510006, 34.007575651142098 ], [ -118.239498836877999, 34.007574299935797 ], [ -118.239498744247996, 34.007572949631097 ], [ -118.239498649455001, 34.007571600232303 ], [ -118.239498556827996, 34.007570250829097 ], [ -118.239498462027001, 34.007568898725602 ], [ -118.239498369399996, 34.007567549322502 ], [ -118.239498275689996, 34.007566199921399 ], [ -118.239498183055005, 34.007564847813697 ], [ -118.239498090427006, 34.007563498410597 ], [ -118.239497995635006, 34.007562149011697 ], [ -118.239497900840007, 34.007560798711303 ], [ -118.239497808207005, 34.007559447505102 ], [ -118.239497713415005, 34.007558098106202 ], [ -118.239497620788001, 34.007556748703102 ], [ -118.239497527075002, 34.007555398400498 ], [ -118.239497434447998, 34.007554048997299 ], [ -118.239497339650001, 34.007552697795397 ], [ -118.239497244855002, 34.007551347495003 ], [ -118.239497152222, 34.007549996288802 ], [ -118.239497057435003, 34.007548648693003 ], [ -118.239496964799997, 34.007547296585301 ], [ -118.239496871089997, 34.007545947184198 ], [ -118.239496778463007, 34.007544597780999 ], [ -118.239496683663006, 34.007543245677603 ], [ -118.239496591035007, 34.007541896274397 ], [ -118.239496496243007, 34.007540546875603 ], [ -118.239496401451007, 34.007539197476703 ], [ -118.239496306649997, 34.007537845373299 ], [ -118.239496215106001, 34.007536495967898 ], [ -118.239496120313007, 34.007535146569097 ], [ -118.239496027683003, 34.007533796264397 ], [ -118.239495930725994, 34.007532446869803 ], [ -118.239495838093006, 34.007531095663602 ], [ -118.239495743297994, 34.0075297453632 ], [ -118.239495650666001, 34.007528394156999 ], [ -118.239495556961003, 34.007527046558998 ], [ -118.239495462161003, 34.007525694455602 ], [ -118.239495369533998, 34.007524345052403 ], [ -118.239495272575994, 34.007522995657801 ], [ -118.239495179944001, 34.0075216444516 ], [ -118.239495085149002, 34.007520294151199 ], [ -118.239494991439003, 34.007518944750302 ], [ -118.239494898811998, 34.007517595347103 ], [ -118.239494804011997, 34.0075162432436 ], [ -118.239494709219002, 34.0075148938447 ], [ -118.239494614427002, 34.007513544445899 ], [ -118.239494519632004, 34.007512194145498 ], [ -118.239494425917002, 34.0075108429414 ], [ -118.239494333289997, 34.007509493538301 ], [ -118.239494238494999, 34.007508143237899 ], [ -118.239494141536994, 34.007506793843199 ], [ -118.239494048910004, 34.007505444440099 ], [ -118.239493954113001, 34.007504093238197 ], [ -118.239493860400003, 34.0075027429356 ], [ -118.239493765608003, 34.007501393536799 ], [ -118.239493670816003, 34.007500044137899 ], [ -118.239493576016002, 34.007498692034503 ], [ -118.239493481222993, 34.007497342635602 ], [ -118.239493386430993, 34.007495993236702 ], [ -118.239493292719004, 34.007494642934198 ], [ -118.239493200091005, 34.007493293530999 ], [ -118.239493105294002, 34.007491942329104 ], [ -118.239493008333994, 34.007490592033001 ], [ -118.239492913541994, 34.0074892426342 ], [ -118.239492819831995, 34.007487893233098 ], [ -118.239492725031994, 34.007486541129701 ], [ -118.239492632405003, 34.007485191726502 ], [ -118.239492535446999, 34.007483842332 ], [ -118.239492440652995, 34.007482492031599 ], [ -118.239492345854998, 34.007481140829597 ], [ -118.239492252144998, 34.0074797914287 ], [ -118.239492157352998, 34.0074784420298 ], [ -118.239492062558, 34.007477091729399 ], [ -118.239491967766, 34.007475742330499 ], [ -118.239491872968998, 34.007474391128603 ], [ -118.239491779255999, 34.007473040826 ], [ -118.239491684463999, 34.007471691427199 ], [ -118.239491589671999, 34.007470342028299 ], [ -118.239491492707003, 34.007468989929201 ], [ -118.239491397915003, 34.007467640530301 ], [ -118.239491304205004, 34.007466291129198 ], [ -118.239491209410005, 34.007464940828903 ], [ -118.239491114613003, 34.007463589627001 ], [ -118.239491017654998, 34.0074622402324 ], [ -118.239490922862998, 34.007460890833499 ], [ -118.239490829150995, 34.007459540531002 ], [ -118.239490734358995, 34.007458191132201 ], [ -118.239490639560998, 34.0074568399302 ], [ -118.239490542601004, 34.007455489634097 ], [ -118.239490447809004, 34.007454140235197 ], [ -118.239490354099999, 34.007452790834201 ], [ -118.239490259299998, 34.007451438730797 ], [ -118.239490164507004, 34.007450089331897 ], [ -118.239490067549994, 34.007448739937402 ], [ -118.239489972754996, 34.007447389637001 ], [ -118.239489879041002, 34.007446038432903 ], [ -118.239489782088995, 34.007444690841403 ], [ -118.239489687288994, 34.0074433387379 ], [ -118.239489590331004, 34.007441989343398 ], [ -118.239489495539004, 34.007440639944498 ], [ -118.239489401827001, 34.007439289642001 ], [ -118.239489307029999, 34.007437938439999 ], [ -118.239489210071994, 34.007436589045497 ], [ -118.239489115279994, 34.007435239646597 ], [ -118.239489019402995, 34.007433889348398 ], [ -118.239488924610995, 34.007432539949498 ], [ -118.239488829813993, 34.007431188747603 ], [ -118.239488732853999, 34.0074298384515 ], [ -118.239488638061999, 34.0074284890526 ], [ -118.239488542187004, 34.007427139655903 ], [ -118.239488447387004, 34.0074257875524 ], [ -118.239488350429994, 34.007424438157898 ], [ -118.239488255637994, 34.007423088758998 ], [ -118.239488159760995, 34.007421738460799 ], [ -118.239488064962998, 34.007420387258797 ], [ -118.239487970176, 34.007419039662999 ], [ -118.239487873214003, 34.007417688465402 ], [ -118.239487776253995, 34.0074163381693 ], [ -118.239487682545004, 34.007414988768303 ], [ -118.239487587753004, 34.007413639369403 ], [ -118.239487490787994, 34.007412287270299 ], [ -118.239487393830998, 34.007410937875797 ], [ -118.239487300120999, 34.007409588474701 ], [ -118.239487203161005, 34.007408238178598 ], [ -118.239487106198993, 34.007406886981002 ], [ -118.239487011406993, 34.007405537582102 ], [ -118.239486916611995, 34.007404187281701 ], [ -118.239486820737994, 34.007402837885103 ], [ -118.239486725945994, 34.007401488486202 ], [ -118.239486628986, 34.0074001381901 ], [ -118.239486532024003, 34.007398786992397 ], [ -118.239486438314003, 34.007397437591401 ], [ -118.239486341353995, 34.007396087295298 ], [ -118.239486244397, 34.007394737900803 ], [ -118.239486147440005, 34.007393388506202 ], [ -118.239486053725003, 34.007392037302097 ], [ -118.239485956766003, 34.007390687006001 ], [ -118.239485859808994, 34.0073893376114 ], [ -118.239485765016994, 34.007387988212599 ], [ -118.239485669139, 34.007386637914401 ], [ -118.239485572182005, 34.007385288519799 ], [ -118.239485475219993, 34.007383937322203 ], [ -118.239485380426004, 34.007382587021802 ], [ -118.239485284550994, 34.007381237625097 ], [ -118.239485189758994, 34.007379888226197 ], [ -118.239485090629003, 34.007378536131299 ], [ -118.239484995837003, 34.007377186732498 ], [ -118.239484899963003, 34.007375837335701 ], [ -118.239484803002995, 34.007374487039698 ], [ -118.239484706045999, 34.007373137645097 ], [ -118.239484611253999, 34.007371788246203 ], [ -118.239484515374002, 34.007370437046397 ], [ -118.239484418415003, 34.007369086750401 ], [ -118.239484321456999, 34.0073677373558 ], [ -118.239484224500004, 34.007366387961298 ], [ -118.239484128623005, 34.007365037663 ], [ -118.239484033831005, 34.0073636882641 ], [ -118.239483934703998, 34.007362337070802 ], [ -118.239483839909994, 34.007360986770401 ], [ -118.239483744034999, 34.007359637373703 ], [ -118.239483647078004, 34.007358287979201 ], [ -118.239483550117995, 34.007356937682999 ], [ -118.239483454238993, 34.0073555864833 ], [ -118.239483357281998, 34.007354237088698 ], [ -118.239483260322004, 34.007352886792603 ], [ -118.239483163364994, 34.007351537398002 ], [ -118.239483067490994, 34.007350188001297 ], [ -118.239482970531, 34.007348837705301 ], [ -118.239482873569003, 34.007347486507598 ], [ -118.239482776611993, 34.007346137112997 ], [ -118.239482680734994, 34.007344786814798 ], [ -118.239482585942994, 34.007343437415997 ], [ -118.239482486821004, 34.007342088025702 ], [ -118.239482390944005, 34.007340737727397 ], [ -118.239482293981993, 34.0073393865298 ], [ -118.239482197024998, 34.007338037135199 ], [ -118.239482100068003, 34.007336687740697 ], [ -118.239482004191004, 34.007335337442399 ], [ -118.239481907233994, 34.007333988047897 ], [ -118.239481810276999, 34.007332638653303 ], [ -118.239481714394998, 34.007331286552002 ], [ -118.239481617438003, 34.007329937157401 ], [ -118.239481518315998, 34.007328587767198 ], [ -118.239481421356004, 34.007327237471102 ], [ -118.239481325477001, 34.007325886271303 ], [ -118.239481228524994, 34.007324538679804 ], [ -118.239481131559998, 34.007323186580699 ], [ -118.239481035685998, 34.007321837183902 ], [ -118.239480938729002, 34.0073204877894 ], [ -118.239480839603999, 34.007319137497603 ], [ -118.239480742642002, 34.0073177863 ], [ -118.239480646773004, 34.007316438706297 ], [ -118.239480549811006, 34.007315087508701 ], [ -118.239480452850998, 34.007313737212499 ], [ -118.239480354812002, 34.0073123878202 ], [ -118.239480257855007, 34.007311038425598 ], [ -118.239480160895994, 34.007309688129503 ], [ -118.239480063938998, 34.007308338734902 ], [ -118.239479968059001, 34.007306987535202 ], [ -118.239479868935007, 34.007305637243398 ], [ -118.239479771977997, 34.007304287848797 ], [ -118.239479676103002, 34.007302938452099 ], [ -118.239479576978994, 34.007301588160303 ], [ -118.239479480016996, 34.0073002369626 ], [ -118.239479384142996, 34.007298887566002 ], [ -118.239479285018007, 34.007297537274198 ], [ -118.239479188060997, 34.007296187879597 ], [ -118.239479091104002, 34.007294838485002 ], [ -118.239478993061994, 34.007293488191102 ], [ -118.239478896099996, 34.007292136993499 ], [ -118.239478798066003, 34.007290789404102 ], [ -118.239478701104005, 34.007289438206499 ], [ -118.239478601979997, 34.007288087914702 ], [ -118.239478505023001, 34.007286738520101 ], [ -118.239478409149001, 34.007285389123403 ], [ -118.239478310023998, 34.0072840388316 ], [ -118.239478213067002, 34.007282689436998 ], [ -118.239478117188, 34.007281338237298 ], [ -118.239478018062997, 34.007279987945502 ], [ -118.239477921106001, 34.0072786385509 ], [ -118.239477823067006, 34.007277289158502 ], [ -118.239477726108007, 34.007275938862399 ], [ -118.239477626986002, 34.007274589472097 ], [ -118.239477531112001, 34.007273240075399 ], [ -118.239477431981996, 34.0072718879806 ], [ -118.239477335025001, 34.007270538585999 ], [ -118.239477236986005, 34.0072691891936 ], [ -118.239477140025997, 34.007267838897498 ], [ -118.239477040905001, 34.007266489507202 ], [ -118.239476942864997, 34.007265140114797 ], [ -118.239476845900995, 34.007263788015599 ], [ -118.239476746779005, 34.007262438625403 ], [ -118.239476650905004, 34.007261089228599 ], [ -118.239476551780001, 34.007259738936902 ], [ -118.239476452657996, 34.0072583895466 ], [ -118.239476356783996, 34.007257040149902 ], [ -118.239476257660002, 34.007255689858098 ], [ -118.239476160698004, 34.007254338660502 ], [ -118.239476062663996, 34.007252991071098 ], [ -118.239475965701999, 34.007251639873502 ], [ -118.239475866576996, 34.007250289581698 ], [ -118.239475768538, 34.007248940189299 ], [ -118.239475671581005, 34.007247590794698 ], [ -118.239475572456996, 34.007246240502901 ], [ -118.239475474418001, 34.007244891110503 ], [ -118.239475375295996, 34.0072435417202 ], [ -118.239475276166999, 34.007242189625401 ], [ -118.239475180292004, 34.007240840228697 ], [ -118.239475081170994, 34.007239490838401 ], [ -118.239474982046005, 34.007238140546598 ], [ -118.239474886172005, 34.0072367911499 ], [ -118.23947478705, 34.007235441759597 ], [ -118.239474687921003, 34.007234089664799 ], [ -118.239474589880999, 34.0072327402724 ], [ -118.239474490760003, 34.007231390882097 ], [ -118.239474393799995, 34.007230040586002 ], [ -118.239474295760999, 34.007228691193603 ], [ -118.239474196638994, 34.007227341803301 ], [ -118.239474097515, 34.007225991511497 ], [ -118.239474001635998, 34.007224640311698 ], [ -118.239473900354, 34.007223292728803 ], [ -118.239473803392002, 34.007221941531199 ], [ -118.239473705351003, 34.0072205912372 ], [ -118.239473606228998, 34.007219241846997 ], [ -118.239473508190002, 34.007217892454499 ], [ -118.239473409064999, 34.007216542162801 ], [ -118.239473309944003, 34.007215192772499 ], [ -118.239473211903999, 34.0072138433801 ], [ -118.239473112775002, 34.007212491285202 ], [ -118.239473013657999, 34.007211143698001 ], [ -118.239472917778997, 34.007209792498202 ], [ -118.239472816489993, 34.007208442210697 ], [ -118.239472719532998, 34.007207092816103 ], [ -118.239472621494002, 34.007205743423803 ], [ -118.239472522369994, 34.007204393132 ], [ -118.239472424325001, 34.007203041936499 ], [ -118.239472325208993, 34.007201694349298 ], [ -118.239472226079997, 34.0072003422544 ], [ -118.239472128040006, 34.007198992862001 ], [ -118.239472026754001, 34.007197643475997 ], [ -118.239471929793993, 34.007196293180002 ], [ -118.239471831754997, 34.007194943787603 ], [ -118.239471730469006, 34.007193594401599 ], [ -118.239471632426998, 34.0071922441076 ], [ -118.239471535465, 34.007190892910003 ], [ -118.239471434183997, 34.007189545327002 ], [ -118.239471336137001, 34.0071881932301 ], [ -118.239471237014996, 34.007186843839797 ], [ -118.239471137894, 34.007185494449502 ], [ -118.239471039852006, 34.007184144155602 ], [ -118.239470940730001, 34.007182794765299 ], [ -118.239470842691006, 34.0071814453729 ], [ -118.239470743566997, 34.007180095081097 ], [ -118.239470642279997, 34.0071787456951 ], [ -118.239470544241001, 34.007177396302801 ], [ -118.239470445113994, 34.007176045109397 ], [ -118.239470347072995, 34.007174694815497 ], [ -118.239470247951004, 34.007173345425201 ], [ -118.239470146664004, 34.007171996039297 ], [ -118.239470048623005, 34.007170645745298 ], [ -118.239469949501, 34.007169296355002 ], [ -118.239469850380004, 34.007167946964799 ], [ -118.239469752337996, 34.0071665966708 ], [ -118.239469651050996, 34.007165247284803 ], [ -118.239469553012, 34.007163897892397 ], [ -118.239469451717994, 34.007162545801897 ], [ -118.239469352601006, 34.007161198214597 ], [ -118.239469254556994, 34.007159847019203 ], [ -118.239469155433, 34.007158496727399 ], [ -118.239469057394004, 34.007157147335001 ], [ -118.239468956107004, 34.007155797948997 ], [ -118.239468856982995, 34.0071544476572 ], [ -118.239468758938997, 34.007153096461799 ], [ -118.239468657657994, 34.007151748878897 ], [ -118.239468559610998, 34.007150396781803 ], [ -118.239468458323998, 34.007149047395899 ], [ -118.239468359203002, 34.007147698005603 ], [ -118.239468261160994, 34.007146347711597 ], [ -118.239468159875003, 34.0071449983257 ], [ -118.239468061836007, 34.007143648933301 ], [ -118.239467960545994, 34.007142298645803 ], [ -118.239467862506999, 34.007140949253397 ], [ -118.239467763386003, 34.007139599863102 ], [ -118.239467662096999, 34.007138249575597 ], [ -118.239467564053001, 34.007136898380097 ], [ -118.239467462771003, 34.007135550797202 ], [ -118.239467364727005, 34.007134199601701 ], [ -118.239467265602997, 34.007132849309997 ], [ -118.239467164315997, 34.007131499924 ], [ -118.239467064112006, 34.007130150535801 ], [ -118.239466964987997, 34.007128800243997 ], [ -118.239466864784006, 34.007127450855897 ], [ -118.239466765662996, 34.007126101465602 ], [ -118.239466665456007, 34.007124751176001 ], [ -118.239466566334997, 34.007123401785698 ], [ -118.239466465047997, 34.007122052399801 ], [ -118.239466367001, 34.007120700302799 ], [ -118.239466265719997, 34.007119352719897 ], [ -118.239466165511004, 34.007118001528703 ], [ -118.239466066386996, 34.007116651236899 ], [ -118.239465965099996, 34.007115301851002 ], [ -118.239465867061, 34.007113952458504 ], [ -118.239465765771996, 34.007112602170999 ], [ -118.239465665568005, 34.007111252782899 ], [ -118.239465566446995, 34.007109903392603 ], [ -118.239465466240006, 34.007108553103002 ], [ -118.239465364948998, 34.007107201914003 ], [ -118.239465265833005, 34.007105854326703 ], [ -118.239465165626001, 34.007104504037102 ], [ -118.239465064333999, 34.007103152848103 ], [ -118.239464966301, 34.007101805258699 ], [ -118.239464865005999, 34.0071004531681 ], [ -118.239464764803003, 34.00709910378 ], [ -118.239464663516003, 34.007097754394003 ], [ -118.239464565475004, 34.007096404100103 ], [ -118.239464464188003, 34.0070950547141 ], [ -118.239464362901998, 34.007093705328202 ], [ -118.239464264860004, 34.007092355034302 ], [ -118.239464163573999, 34.007091005648299 ], [ -118.239464063369994, 34.007089656260099 ], [ -118.239463962081004, 34.007088305972601 ], [ -118.239463864037006, 34.007086954777201 ], [ -118.239463760589999, 34.007085607198597 ], [ -118.239463662546001, 34.007084256003097 ], [ -118.239463561256997, 34.007082905715599 ], [ -118.239463459975994, 34.007081558132697 ], [ -118.239463361931996, 34.007080206937196 ], [ -118.239463258477997, 34.007078856653997 ], [ -118.239463160439001, 34.007077507261599 ], [ -118.239463059152996, 34.007076157875602 ], [ -118.239462958946007, 34.007074807585902 ], [ -118.239462857660001, 34.007073458199997 ], [ -118.239462757455996, 34.007072108811897 ], [ -118.239462656167007, 34.007070758524399 ], [ -118.239462555963001, 34.007069409136299 ], [ -118.239462456842006, 34.007068059745997 ], [ -118.239462353388006, 34.007066709462798 ], [ -118.239462255348997, 34.007065360070399 ], [ -118.239462151897996, 34.007064010688701 ], [ -118.239462053851, 34.007062658591799 ], [ -118.239461950405001, 34.007061311013103 ], [ -118.239461852361003, 34.007059959817603 ], [ -118.239461748907004, 34.007058609534397 ], [ -118.239461650867995, 34.007057260141998 ], [ -118.239461547416994, 34.0070559107603 ], [ -118.239461449375, 34.007054560466401 ], [ -118.239461345923999, 34.007053211084802 ], [ -118.239461245719994, 34.007051861696603 ], [ -118.239461146596, 34.007050511404799 ], [ -118.239461044227994, 34.007049162020998 ], [ -118.239460942940994, 34.007047812635001 ], [ -118.239460841652004, 34.007046462347503 ], [ -118.239460741447999, 34.007045112959403 ], [ -118.239460640161994, 34.0070437635734 ], [ -118.239460539955999, 34.007042413283799 ], [ -118.239460438668999, 34.007041063897802 ], [ -118.239460338466003, 34.007039714509702 ], [ -118.239460235007002, 34.007038362423501 ], [ -118.239460136972994, 34.007037014834097 ], [ -118.239460033517005, 34.007035663649297 ], [ -118.239459933310002, 34.007034313359704 ], [ -118.239459832028999, 34.007032965776801 ], [ -118.239459731820006, 34.0070316145856 ], [ -118.239459628366006, 34.007030264302401 ], [ -118.239459528162001, 34.007028914914301 ], [ -118.239459426875996, 34.007027565528297 ], [ -118.239459326670001, 34.007026215238703 ], [ -118.239459223219001, 34.007024865856998 ], [ -118.239459123014996, 34.007023516468898 ], [ -118.239459021726006, 34.0070221661814 ], [ -118.239458921522001, 34.0070208167933 ], [ -118.239458818071, 34.007019467411602 ], [ -118.239458717865006, 34.007018117122001 ], [ -118.239458616578005, 34.007016767735998 ], [ -118.239458516374995, 34.007015418347898 ], [ -118.239458412920996, 34.007014068064699 ], [ -118.239458312712003, 34.007012716873497 ], [ -118.239458211431, 34.007011369290602 ], [ -118.239458110141996, 34.007010019003097 ], [ -118.239458007767993, 34.007008667816201 ], [ -118.239457906487004, 34.007007320233299 ], [ -118.239457806274999, 34.007005968140597 ], [ -118.239457703906993, 34.007004618756802 ], [ -118.239457600460995, 34.007003271178199 ], [ -118.239457500249003, 34.007001919085397 ], [ -118.239457398962998, 34.0070005696995 ], [ -118.239457297677006, 34.006999220313602 ], [ -118.239457195306002, 34.006997870028201 ], [ -118.239457094019002, 34.006996520642197 ], [ -118.239456991650997, 34.006995171258403 ], [ -118.239456891443993, 34.006993820968802 ], [ -118.239456787993007, 34.006992471586997 ], [ -118.239456687789001, 34.006991122198897 ], [ -118.239456584335997, 34.006989771915698 ], [ -118.239456484132006, 34.006988422527598 ], [ -118.239456380681005, 34.006987073146 ], [ -118.239456280474002, 34.0069857228563 ], [ -118.239456177023001, 34.006984373474602 ], [ -118.239456076820005, 34.006983024086502 ], [ -118.239455973366006, 34.006981673803303 ], [ -118.239455873162001, 34.006980324415203 ], [ -118.239455769711, 34.006978975033498 ], [ -118.239455669505006, 34.006977624743897 ], [ -118.239455566054005, 34.006976275362199 ], [ -118.23945546585, 34.006974925974099 ], [ -118.239455362396001, 34.0069735756909 ], [ -118.239455262193005, 34.0069722263028 ], [ -118.239455158740995, 34.006970876921102 ], [ -118.239455056370005, 34.0069695266358 ], [ -118.239454955084, 34.006968177249803 ], [ -118.239454852714999, 34.006966827865902 ], [ -118.239454749261995, 34.006965477582803 ], [ -118.239454649053002, 34.006964126391601 ], [ -118.239454545607003, 34.006962778812998 ], [ -118.239454445400995, 34.006961428523297 ], [ -118.239454341943997, 34.006960077338597 ], [ -118.239454239580994, 34.006958729757898 ], [ -118.239454137210004, 34.006957379472503 ], [ -118.239454033754001, 34.006956028287703 ], [ -118.239453933554998, 34.006954680702698 ], [ -118.239453830100999, 34.006953330419499 ], [ -118.239453727728005, 34.006951979232603 ], [ -118.239453624282007, 34.006950631654 ], [ -118.239453524072999, 34.006949280462798 ], [ -118.239453420619, 34.006947930179599 ], [ -118.239453320421006, 34.006946582594601 ], [ -118.239453214799994, 34.0069452314141 ], [ -118.239453114593005, 34.006943881124499 ], [ -118.239453011148001, 34.006942533545903 ], [ -118.239452908773998, 34.006941182359 ], [ -118.239452806402994, 34.006939832073598 ], [ -118.239452702956996, 34.006938484495002 ], [ -118.239452602748003, 34.0069371333039 ], [ -118.239452499294003, 34.006935783020701 ], [ -118.239452396931, 34.006934435439902 ], [ -118.239452293474997, 34.006933084255202 ], [ -118.239452191103993, 34.0069317339698 ], [ -118.239452087657995, 34.006930386391197 ], [ -118.239451987449002, 34.006929035200002 ], [ -118.239451883995002, 34.006927684916803 ], [ -118.239451779467004, 34.006926337340303 ], [ -118.239451679257996, 34.006924986149201 ], [ -118.239451575805006, 34.006923635866002 ], [ -118.239451473440994, 34.006922288285203 ], [ -118.239451369985005, 34.006920937100503 ], [ -118.239451267614001, 34.006919586815201 ], [ -118.239451164168003, 34.006918239236498 ], [ -118.239451061794, 34.006916888049702 ], [ -118.239450958340996, 34.006915537766403 ], [ -118.239450855976997, 34.006914190185697 ], [ -118.239450753604004, 34.006912838998801 ], [ -118.239450650150005, 34.006911488715602 ], [ -118.239450547787001, 34.006910141134803 ], [ -118.239450444330998, 34.006908789950103 ], [ -118.239450341959994, 34.006907439664801 ], [ -118.239450238513996, 34.006906092086098 ], [ -118.239450136139993, 34.006904740899301 ], [ -118.239450033769003, 34.0069033906139 ], [ -118.239449928157995, 34.006902043039602 ], [ -118.239449827949997, 34.006900691848401 ], [ -118.239449722331003, 34.0068993415696 ], [ -118.239449619967999, 34.006897993988702 ], [ -118.239449516511996, 34.006896642804001 ], [ -118.239449414141006, 34.006895292518699 ], [ -118.239449311776994, 34.0068939449379 ], [ -118.239449208321005, 34.0068925937532 ], [ -118.239449105950001, 34.006891243467898 ], [ -118.239449000338993, 34.006889895893501 ], [ -118.239448897971002, 34.0068885465097 ], [ -118.239448794512001, 34.006887194423399 ], [ -118.239448692148997, 34.0068858468426 ], [ -118.239448589779997, 34.006884497458898 ], [ -118.239448484156995, 34.006883145376896 ], [ -118.239448381792997, 34.006881797796098 ], [ -118.239448278341996, 34.006880448414499 ], [ -118.239448175966004, 34.006879096326102 ], [ -118.239448071438005, 34.006877748749602 ], [ -118.239447967987005, 34.006876399367897 ], [ -118.239447865616, 34.006875049082602 ], [ -118.239447762165, 34.006873699700897 ], [ -118.239447659796994, 34.006872350317003 ], [ -118.239447554178, 34.006871000038203 ], [ -118.239447451809994, 34.006869650654401 ], [ -118.239447347275998, 34.0068683012748 ], [ -118.239447243822994, 34.0068669509917 ], [ -118.239447141455003, 34.006865601607799 ], [ -118.239447035839007, 34.0068642522305 ], [ -118.239446933468002, 34.006862901945098 ], [ -118.239446831099002, 34.006861552561197 ], [ -118.239446725483006, 34.006860203183898 ], [ -118.239446623112002, 34.006858852898503 ], [ -118.239446517497001, 34.006857503521097 ], [ -118.239446415128, 34.006856154137402 ], [ -118.239446312756996, 34.006854803852001 ], [ -118.239446207141, 34.006853454474602 ], [ -118.239446104772995, 34.0068521050908 ], [ -118.239445999154995, 34.0068507548119 ], [ -118.239445896785995, 34.006849405428099 ], [ -118.239445793334994, 34.006848056046401 ], [ -118.239445688798995, 34.006846705765298 ], [ -118.239445586431003, 34.006845356381497 ], [ -118.239445480814993, 34.006844007004197 ], [ -118.239445378444003, 34.006842656718902 ], [ -118.239445273911002, 34.0068413073393 ], [ -118.239445168295006, 34.006839957961901 ], [ -118.239445065924002, 34.006838607676599 ], [ -118.239444960312994, 34.006837260102301 ], [ -118.239444857940001, 34.006835908915299 ], [ -118.239444755568996, 34.006834558629997 ], [ -118.239444649958998, 34.006833211055699 ], [ -118.239444545422998, 34.006831860774703 ], [ -118.239444441966995, 34.006830509589903 ], [ -118.239444337438002, 34.006829162013503 ], [ -118.239444235068007, 34.006827811728101 ], [ -118.239444129451996, 34.006826462350702 ], [ -118.239444027082996, 34.006825112966901 ], [ -118.239443922548006, 34.006823762685798 ], [ -118.239443816931995, 34.006822413308498 ], [ -118.239443714562995, 34.006821063924697 ], [ -118.239443608944995, 34.006819713645697 ], [ -118.239443504411994, 34.006818364266202 ], [ -118.239443399877999, 34.0068170148867 ], [ -118.239443296424994, 34.006815664603501 ], [ -118.239443191891993, 34.006814315223998 ], [ -118.239443087359007, 34.006812965844397 ], [ -118.239442981739998, 34.006811615565503 ], [ -118.239442879372007, 34.006810266181802 ], [ -118.239442773755997, 34.006808916804403 ], [ -118.239442669219997, 34.0068075665233 ], [ -118.239442566852006, 34.006806217139498 ], [ -118.239442461242007, 34.006804869565201 ], [ -118.239442356701005, 34.006803517481103 ], [ -118.239442252166995, 34.006802168101501 ], [ -118.239442146556996, 34.006800820527197 ], [ -118.239442044186006, 34.006799470241901 ], [ -118.239441938564994, 34.0067981190615 ], [ -118.239441834036995, 34.006796771485 ], [ -118.239441729500996, 34.006795421203897 ], [ -118.239441623885, 34.006794071826498 ], [ -118.239441519351999, 34.006792722447003 ], [ -118.239441416980995, 34.0067913721617 ], [ -118.239441311365994, 34.006790022784301 ], [ -118.239441206831998, 34.006788673404799 ], [ -118.239441102296993, 34.006787323123703 ], [ -118.239440996680997, 34.006785973746297 ], [ -118.239440894313006, 34.006784624362503 ], [ -118.239440789777007, 34.006783274081499 ], [ -118.239440682001003, 34.006781926511501 ], [ -118.239440579632998, 34.0067805771276 ], [ -118.239440474009996, 34.006779225045698 ], [ -118.239440369481997, 34.006777877469197 ], [ -118.239440264948996, 34.006776528089702 ], [ -118.239440159330002, 34.006775177810802 ], [ -118.239440054797001, 34.006773828431299 ], [ -118.239439950264, 34.006772479051698 ], [ -118.239439844646, 34.006771128772797 ], [ -118.239439740112999, 34.006769779393302 ], [ -118.239439635579004, 34.0067684300138 ], [ -118.239439529961004, 34.0067670797349 ], [ -118.239439425428003, 34.006765730355298 ], [ -118.239439320895002, 34.006764380975802 ], [ -118.239439215277002, 34.006763030696902 ], [ -118.239439108583994, 34.006761683124701 ], [ -118.239439006210006, 34.006760331937897 ], [ -118.239438898426997, 34.006758981663303 ], [ -118.239438796063993, 34.006757634082497 ], [ -118.239438689362999, 34.0067562838057 ], [ -118.239438583747997, 34.0067549344284 ], [ -118.239438479214996, 34.006753585048898 ], [ -118.239438374678997, 34.006752234767802 ], [ -118.239438269063001, 34.006750885390403 ], [ -118.239438162365005, 34.006749536015199 ], [ -118.239438059994001, 34.006748185729897 ], [ -118.239437952214004, 34.006746836356797 ], [ -118.239437849845999, 34.006745486972903 ], [ -118.239437743145004, 34.006744136696199 ], [ -118.239437637528994, 34.0067427873188 ], [ -118.239437530836, 34.006741439746698 ], [ -118.239437428461002, 34.006740087658301 ], [ -118.239437320679997, 34.0067387382852 ], [ -118.239437216151998, 34.0067373907087 ], [ -118.239437111615999, 34.006736040427697 ], [ -118.239437003836002, 34.006734691054596 ], [ -118.239436899303001, 34.006733341675002 ], [ -118.239436794767002, 34.006731991393998 ], [ -118.239436689151006, 34.006730642016599 ], [ -118.239436582452996, 34.006729292641403 ], [ -118.239436477918005, 34.0067279423603 ], [ -118.239436372301995, 34.006726592983 ], [ -118.239436265609001, 34.006725245410799 ], [ -118.239436161068994, 34.006723893326701 ], [ -118.239436056534998, 34.006722543947198 ], [ -118.239435948760004, 34.0067211963771 ], [ -118.239435844224005, 34.006719846096097 ], [ -118.239435739691004, 34.006718496716601 ], [ -118.239435631910993, 34.006717147343501 ], [ -118.239435527374994, 34.006715797062398 ], [ -118.239435422842007, 34.006714447682903 ], [ -118.239435315061996, 34.006713098309802 ], [ -118.239434338283999, 34.006700485171102 ], [ -118.239253301359994, 34.0043631579099 ], [ -118.239215011186005, 34.0039227330453 ], [ -118.238533024397, 33.996118927631301 ], [ -118.237947201595006, 33.989397945887397 ], [ -118.237993039371005, 33.989398206188397 ], [ -118.238022140810003, 33.989398521121302 ], [ -118.239010794411001, 33.989409234354099 ], [ -118.239020889244003, 33.989409352293002 ], [ -118.241006807077994, 33.9894308470843 ], [ -118.241336699970006, 33.9894344745368 ], [ -118.241338265004003, 33.989434490338901 ], [ -118.243380251022998, 33.989456364926099 ], [ -118.243602169265998, 33.989458747940297 ], [ -118.243753194326004, 33.989460365929702 ], [ -118.243893696045006, 33.989461895914602 ], [ -118.244154376528002, 33.989464666555499 ], [ -118.244484188276004, 33.989468202627599 ], [ -118.244484221826994, 33.9894682025596 ], [ -118.244814095213002, 33.9894717105594 ], [ -118.245143965574002, 33.989474544223199 ], [ -118.245473843531997, 33.989477376969802 ], [ -118.245498569695997, 33.989477813493799 ], [ -118.245597547957999, 33.989479562995399 ], [ -118.245671750276003, 33.989480876935303 ], [ -118.245696487844, 33.989481142105397 ], [ -118.247628443170001, 33.989501882307998 ], [ -118.247892340570999, 33.989499197558601 ], [ -118.252007131135997, 33.989499990110801 ], [ -118.252204334533999, 33.9894998251403 ], [ -118.255409784413999, 33.989497184305002 ], [ -118.255444177311006, 33.9894971556811 ], [ -118.256448184613006, 33.9895028487487 ], [ -118.256457853868, 33.992609561873898 ], [ -118.256493126821994, 34.003942836697298 ], [ -118.256527186219003, 34.0148858513815 ], [ -118.254284186720994, 34.020382851749503 ], [ -118.250457186237, 34.024548852598301 ], [ -118.246050184816994, 34.021905852091599 ] ] ] } },
{ "type": "Feature", "properties": { "objectid": 16, "name": "Century City", "area_sqmi": 0.6870591512262052, "source_url": "https://services5.arcgis.com/7nsPwEMP38bSkCjy/arcgis/rest/services/LA_Times_Neighborhoods/FeatureServer/0", "fetched_at": "2025-12-07T08:52:51.283518" }, "geometry": { "type": "Polygon", "coordinates": [ [ [ -118.412665202119996, 34.060732871228403 ], [ -118.412216216274999, 34.060105846898097 ], [ -118.411872467945003, 34.060276405521599 ], [ -118.411648109647999, 34.060387693251101 ], [ -118.411563190484998, 34.0604298120941 ], [ -118.41063241114, 34.059123386887201 ], [ -118.410657272647995, 34.059111030657199 ], [ -118.410714231054001, 34.059082499916599 ], [ -118.410675840452996, 34.059028436483999 ], [ -118.408696143639006, 34.056263855933601 ], [ -118.408673583538004, 34.056232352409801 ], [ -118.408533765927004, 34.0560370832942 ], [ -118.407152725806995, 34.054108346178303 ], [ -118.406958896662999, 34.053837629417004 ], [ -118.406176679845998, 34.052745091949497 ], [ -118.406113866900995, 34.052781241980199 ], [ -118.406035214864005, 34.052670846672697 ], [ -118.411287834861, 34.049642372724399 ], [ -118.417078215703995, 34.046303845340503 ], [ -118.417082197211997, 34.046308466379102 ], [ -118.421442216863994, 34.051368845585401 ], [ -118.421574217214996, 34.052497846252898 ], [ -118.422825217720998, 34.053426845679297 ], [ -118.423388218152994, 34.056479845966003 ], [ -118.424191217539999, 34.057568846329303 ], [ -118.414357118576007, 34.0643282283323 ], [ -118.414356061535003, 34.064326742622001 ], [ -118.414305818646, 34.064257829411702 ], [ -118.414295921898002, 34.064244254681398 ], [ -118.414285265798, 34.064229369919197 ], [ -118.414228843857998, 34.064150561883203 ], [ -118.414192719694995, 34.064100543267898 ], [ -118.413526609524993, 34.063170395580102 ], [ -118.413528778932999, 34.063168574263003 ], [ -118.414178216390994, 34.062845847658103 ], [ -118.414178098586007, 34.062845683081001 ], [ -118.414178601057998, 34.062845433435697 ], [ -118.413833598034998, 34.0623639772625 ], [ -118.413629863089, 34.062078364662597 ], [ -118.413628892274005, 34.062077002161303 ], [ -118.413526965868996, 34.061936192386803 ], [ -118.413424833698002, 34.061793569343401 ], [ -118.413220889147993, 34.061508817754302 ], [ -118.413016937044006, 34.061224009959901 ], [ -118.412843354876998, 34.060981667615998 ], [ -118.412665202119996, 34.060732871228403 ] ] ] } },
{ "type": "Feature", "properties": { "objectid": 17, "name": "Chatsworth", "area_sqmi": 13.232628414394204, "source_url": "https://services5.arcgis.com/7nsPwEMP38bSkCjy/arcgis/rest/services/LA_Times_Neighborhoods/FeatureServer/0", "fetched_at": "2025-12-07T08:52:51.283518" }, "geometry": { "type": "MultiPolygon", "coordinates": [ [ [ [ -118.584441419479006, 34.3032415923917 ], [ -118.583754829222997, 34.302991300594698 ], [ -118.581998307112997, 34.302350455484799 ], [ -118.581882608903996, 34.3023087947278 ], [ -118.580624555146002, 34.301850180365001 ], [ -118.580553958311, 34.301824429865903 ], [ -118.5803931871, 34.301765680378402 ], [ -118.580054348586003, 34.301641640851699 ], [ -118.580023641661001, 34.3016303842656 ], [ -118.580008603579998, 34.301624960462398 ], [ -118.579959042452003, 34.3016070614092 ], [ -118.579849630577996, 34.3015675485535 ], [ -118.579734436932, 34.3015251774289 ], [ -118.579713423702998, 34.301517529228398 ], [ -118.579678136750005, 34.301504700545102 ], [ -118.579175946213994, 34.301321563264302 ], [ -118.579059233779006, 34.301279552168602 ], [ -118.578498053180994, 34.301074977690398 ], [ -118.578257186284006, 34.3009870534732 ], [ -118.578073049083997, 34.300919866731398 ], [ -118.577586922372006, 34.300742621661101 ], [ -118.577580778797, 34.300740379967102 ], [ -118.573808177925002, 34.299364768142297 ], [ -118.573654057295997, 34.299308753196499 ], [ -118.573126634195006, 34.299116752710901 ], [ -118.572918361266005, 34.2990409382138 ], [ -118.571774262233006, 34.298623863898399 ], [ -118.571591262083004, 34.297954864026501 ], [ -118.571029262080003, 34.296935864269102 ], [ -118.570171262198997, 34.295808864214699 ], [ -118.570158261648999, 34.295359864400702 ], [ -118.568720261829995, 34.294643863790803 ], [ -118.56871934566, 34.294644275591097 ], [ -118.568718585363001, 34.294643650784899 ], [ -118.568717785561006, 34.294642967564002 ], [ -118.567751323693003, 34.295078133634298 ], [ -118.567446594979998, 34.2949632670719 ], [ -118.567432261882004, 34.294957863655902 ], [ -118.572932261594005, 34.292554863408697 ], [ -118.572479261406997, 34.291599863744601 ], [ -118.571141261690002, 34.290268863462899 ], [ -118.570717261729996, 34.289201863211403 ], [ -118.570541261467, 34.286517863277197 ], [ -118.571352261369995, 34.283079862490297 ], [ -118.571496261193005, 34.280896862519498 ], [ -118.570143259819005, 34.275544862053799 ], [ -118.568695259888997, 34.275591861503898 ], [ -118.565491259748995, 34.274845861945899 ], [ -118.560252258488006, 34.2747258618746 ], [ -118.559247258211997, 34.273949862563001 ], [ -118.558651257839003, 34.273910862471098 ], [ -118.558033258544, 34.273589862270597 ], [ -118.557324257716004, 34.272596862072703 ], [ -118.557479258182994, 34.2726128622391 ], [ -118.557120257321998, 34.272338862113301 ], [ -118.556663257935995, 34.271196862209898 ], [ -118.55666444533, 34.271093230566798 ], [ -118.556714256887005, 34.2667488615106 ], [ -118.556968257106007, 34.266187861391799 ], [ -118.556731257547, 34.265932861508702 ], [ -118.556731257492999, 34.265256861133402 ], [ -118.557621257665005, 34.264167861298397 ], [ -118.557910256767002, 34.264011860923098 ], [ -118.558532257528, 34.263052861054497 ], [ -118.557832256810997, 34.259000860991897 ], [ -118.558734257264007, 34.257264860652903 ], [ -118.558544256462, 34.257264860240902 ], [ -118.558599256364005, 34.257136860327897 ], [ -118.559956256470002, 34.2557628606272 ], [ -118.560088256502993, 34.255360859822297 ], [ -118.559777257082999, 34.253766860287399 ], [ -118.560499256735, 34.2517008594073 ], [ -118.560817256969997, 34.251123859409702 ], [ -118.561815257082003, 34.250001859833098 ], [ -118.561992256449997, 34.249519859467703 ], [ -118.563018257055006, 34.248535858974002 ], [ -118.563362256443995, 34.247589858753898 ], [ -118.563786257125003, 34.246990859127401 ], [ -118.563832256699996, 34.245935859100101 ], [ -118.564407257084994, 34.244940858794997 ], [ -118.564685257088996, 34.243769859105399 ], [ -118.564486256039999, 34.235552857783702 ], [ -118.564003255497994, 34.234865857820203 ], [ -118.562319255003004, 34.234321857455903 ], [ -118.562319255228005, 34.234054857746798 ], [ -118.571060256636997, 34.2357738572343 ], [ -118.571060256536995, 34.2318488573585 ], [ -118.580357257830997, 34.231844856413403 ], [ -118.580532131474996, 34.2318891454481 ], [ -118.580975564398997, 34.232001450701901 ], [ -118.581123257844993, 34.232038856240003 ], [ -118.581183465058999, 34.2320854177485 ], [ -118.581436036209993, 34.232280746041198 ], [ -118.581626258485002, 34.232427856788703 ], [ -118.581660469119996, 34.232494752049803 ], [ -118.581794334384995, 34.232756510704803 ], [ -118.581895258261, 34.232953856191898 ], [ -118.581897585234998, 34.233036981050901 ], [ -118.581929258415997, 34.234168856561702 ], [ -118.581977114001006, 34.234322574406903 ], [ -118.582054527178997, 34.234571235218503 ], [ -118.582094258786, 34.234698856276999 ], [ -118.582196973858998, 34.234807840517298 ], [ -118.582421370806003, 34.235045932827603 ], [ -118.582520259191995, 34.235150856619398 ], [ -118.582626407901998, 34.235193610840597 ], [ -118.582985294425001, 34.235338162917898 ], [ -118.583240258838003, 34.235440856566498 ], [ -118.583450999887006, 34.2354409001059 ], [ -118.588544229437005, 34.2354419474932 ], [ -118.605097916385006, 34.235445352594297 ], [ -118.607540262859999, 34.235445855656799 ], [ -118.607540275028001, 34.235446632729399 ], [ -118.607571263113996, 34.237423855872798 ], [ -118.608725262975994, 34.237267855825898 ], [ -118.609283263067994, 34.237399855465597 ], [ -118.610348263261997, 34.237300855523898 ], [ -118.611860264420997, 34.237711855433403 ], [ -118.613303263825998, 34.238953855802798 ], [ -118.615274264565002, 34.238279855009502 ], [ -118.615761264680998, 34.237580855229197 ], [ -118.617831265242003, 34.237275855001201 ], [ -118.617933667922998, 34.237326049674202 ], [ -118.619712264919002, 34.238197855267003 ], [ -118.620202800903996, 34.238953545184998 ], [ -118.620230265703995, 34.238995854723598 ], [ -118.620280265635998, 34.242701855258801 ], [ -118.622019266419002, 34.242394855611302 ], [ -118.624789266091994, 34.240768854915601 ], [ -118.625825266356998, 34.240326854792002 ], [ -118.629486266751002, 34.239597854074603 ], [ -118.630399266869006, 34.239210854589601 ], [ -118.630722267053002, 34.239042854130098 ], [ -118.630572267172994, 34.238866854706203 ], [ -118.630653267152994, 34.238664854553903 ], [ -118.630480266640006, 34.238583854723601 ], [ -118.630481234784, 34.238580815969797 ], [ -118.630534038616005, 34.238580684233 ], [ -118.630610832439999, 34.238580505011697 ], [ -118.630629129921005, 34.238580462864803 ], [ -118.630633195108004, 34.2385804434861 ], [ -118.630676938899001, 34.238580291278303 ], [ -118.630703938165993, 34.2385802659823 ], [ -118.630864341817997, 34.238579896990601 ], [ -118.630888925405998, 34.238579823841199 ], [ -118.630922706795005, 34.238579757733802 ], [ -118.631014687955997, 34.238579525229298 ], [ -118.631207119717004, 34.238579071735899 ], [ -118.631384755897002, 34.238578367860697 ], [ -118.631442296962007, 34.238578229946903 ], [ -118.631819484524996, 34.238577305470002 ], [ -118.631821320156007, 34.238577304001197 ], [ -118.631947630721996, 34.238577268417401 ], [ -118.632517647312994, 34.238575884713001 ], [ -118.632517668949006, 34.238596219026803 ], [ -118.632517888446998, 34.238843530669797 ], [ -118.632517898, 34.238871009818702 ], [ -118.632517907560995, 34.2388984898692 ], [ -118.632518107953004, 34.239090843213702 ], [ -118.632518274489996, 34.239283169688498 ], [ -118.632518284043996, 34.239310648837296 ], [ -118.632518327247993, 34.239338127810299 ], [ -118.632518493991, 34.23953048133 ], [ -118.632518660741994, 34.239722835750896 ], [ -118.632518670501, 34.239750341944998 ], [ -118.632518713501, 34.239777793872499 ], [ -118.632518889807002, 34.239997627441703 ], [ -118.632518933011994, 34.2400251064145 ], [ -118.632518690514999, 34.240052558932398 ], [ -118.632518821052003, 34.240093282999503 ], [ -118.632519284035993, 34.240224301723202 ], [ -118.632519129632001, 34.240396047520797 ], [ -118.632519115182006, 34.240398438503 ], [ -118.632519279129994, 34.240407038419001 ], [ -118.632548021732006, 34.241768777291497 ], [ -118.632310269526997, 34.263190856695203 ], [ -118.633254461907001, 34.269692712627901 ], [ -118.628758269919004, 34.273308858042597 ], [ -118.626875269500005, 34.274383858034703 ], [ -118.625224269059004, 34.275037858434601 ], [ -118.622583268392006, 34.275646858625599 ], [ -118.607348267020996, 34.277748859823497 ], [ -118.605996266611996, 34.277787860337597 ], [ -118.604351266308001, 34.277527860011197 ], [ -118.596220264291006, 34.274525859890502 ], [ -118.593735264391995, 34.277188861011901 ], [ -118.592647344895994, 34.277995112248497 ], [ -118.592585908551996, 34.278038726793703 ], [ -118.59258438581, 34.278041770652102 ], [ -118.592584263724007, 34.278041860502597 ], [ -118.592009264452997, 34.279189860734 ], [ -118.591711955584003, 34.280232435182199 ], [ -118.591711246757995, 34.280234633008298 ], [ -118.591711298568995, 34.2802347409406 ], [ -118.591711264666003, 34.280234861011799 ], [ -118.591712166259001, 34.280236566838397 ], [ -118.591733674137998, 34.280281789654197 ], [ -118.591734064426007, 34.2802826099567 ], [ -118.591747137051001, 34.280310108130202 ], [ -118.591760143038996, 34.280337550732099 ], [ -118.591839720592006, 34.280505004390299 ], [ -118.591918630191998, 34.280671033213899 ], [ -118.591931147322001, 34.280697371089303 ], [ -118.592182260125995, 34.282361832904598 ], [ -118.592181602476003, 34.282361907342803 ], [ -118.591026263824006, 34.282441861664203 ], [ -118.591028931169006, 34.282486461632502 ], [ -118.590983095468005, 34.282491535652298 ], [ -118.590965828088002, 34.282493460878598 ], [ -118.590949287319006, 34.282495080538702 ], [ -118.590838432694994, 34.282506091118996 ], [ -118.590853622680001, 34.282603595796502 ], [ -118.590857284517995, 34.2826271425293 ], [ -118.590871345764995, 34.282717547630703 ], [ -118.590875250783, 34.282742764642101 ], [ -118.590923244522003, 34.283052650429902 ], [ -118.590925361231001, 34.2830664346506 ], [ -118.590927518821005, 34.283080163677297 ], [ -118.590942187977006, 34.283174950020303 ], [ -118.590954071659993, 34.283254608495902 ], [ -118.590964667416998, 34.283320338966199 ], [ -118.590967575670007, 34.283338381831001 ], [ -118.590990366073001, 34.283485338845402 ], [ -118.591013143444002, 34.283635044731703 ], [ -118.591030881360993, 34.283746275604997 ], [ -118.591043394004004, 34.283827304055897 ], [ -118.591055359351998, 34.283906964827402 ], [ -118.591066325753005, 34.283978384035599 ], [ -118.591076449583994, 34.284042938479203 ], [ -118.591087431315998, 34.284111610601201 ], [ -118.591098378305006, 34.284180281990103 ], [ -118.591108815967004, 34.284248960371897 ], [ -118.591119513362997, 34.284317657319001 ], [ -118.591130460212995, 34.284386301659197 ], [ -118.591133022780994, 34.284406898483098 ], [ -118.591176030225995, 34.2846829644864 ], [ -118.591201388423997, 34.284846396391004 ], [ -118.591203641221995, 34.284860673087699 ], [ -118.591203699277003, 34.284861048748802 ], [ -118.591207603952995, 34.284885882593997 ], [ -118.591208633205, 34.284892416479501 ], [ -118.591208979068995, 34.284894475724201 ], [ -118.591210262402996, 34.284902685244099 ], [ -118.591226326672, 34.285006036636602 ], [ -118.591226703317005, 34.285008454546102 ], [ -118.591243571001002, 34.285118344530296 ], [ -118.591260278017998, 34.285228239804397 ], [ -118.591260497123002, 34.285229577529797 ], [ -118.591268900451993, 34.2852812076856 ], [ -118.591270558375996, 34.285291389760701 ], [ -118.591271116008002, 34.285294823729899 ], [ -118.591272706523995, 34.285305149479903 ], [ -118.591273213254993, 34.285308451170401 ], [ -118.591284954434002, 34.2853847727866 ], [ -118.591296755203999, 34.2854616837216 ], [ -118.591308579933994, 34.285537221484503 ], [ -118.591320380753004, 34.285614133318298 ], [ -118.591325447825994, 34.2856471105544 ], [ -118.591332281511001, 34.285691043761503 ], [ -118.591345878840997, 34.285778526458202 ], [ -118.591391875604998, 34.286074499239 ], [ -118.591624167231998, 34.287570171922397 ], [ -118.590887210830999, 34.290155695381102 ], [ -118.590874349106997, 34.290200328740397 ], [ -118.590861943107001, 34.290243668861798 ], [ -118.590172033190996, 34.292652119001701 ], [ -118.589784577572999, 34.294012191787402 ], [ -118.588641617139004, 34.298024103139603 ], [ -118.588244611072994, 34.2994173559781 ], [ -118.587822086566007, 34.300900174436698 ], [ -118.587651064474002, 34.301500354183602 ], [ -118.587195342304, 34.303099707263598 ], [ -118.586892211347006, 34.303154944574104 ], [ -118.586890265083994, 34.303154863849997 ], [ -118.586561270768996, 34.303215249955102 ], [ -118.585182708454994, 34.303466456650803 ], [ -118.585100795269, 34.303481745888199 ], [ -118.584441419479006, 34.3032415923917 ] ] ], [ [ [ -118.570011259338997, 34.278202857679702 ], [ -118.570244260470005, 34.278152861738697 ], [ -118.570647261096994, 34.279441862472503 ], [ -118.570540260773001, 34.279464862018202 ], [ -118.570806260620003, 34.279825862577198 ], [ -118.569662260464, 34.279922862134498 ], [ -118.569847260523005, 34.279516861862199 ], [ -118.569475260752995, 34.278317861784203 ], [ -118.570011259338997, 34.278202857679702 ] ] ], [ [ [ -118.631475226568, 34.237022896047698 ], [ -118.631475267501997, 34.237022854362898 ], [ -118.632307330873999, 34.237079904664 ], [ -118.632211399081996, 34.237073984992399 ], [ -118.632105896640994, 34.237066676359703 ], [ -118.632000300852994, 34.237060083050402 ], [ -118.631894892245001, 34.237052115613501 ], [ -118.631789359170995, 34.237045054790798 ], [ -118.631683887752004, 34.237037388615398 ], [ -118.631570473161005, 34.237029516774903 ], [ -118.631475226568, 34.237022896047698 ] ] ], [ [ [ -118.632516347766, 34.237094312800302 ], [ -118.632500834683995, 34.237093172275799 ], [ -118.633110543656002, 34.237134977929898 ], [ -118.633029423327997, 34.2371294484266 ], [ -118.632996120884002, 34.237127177609302 ], [ -118.632963252029001, 34.237125397662297 ], [ -118.632731423959001, 34.2371091333615 ], [ -118.632549651440002, 34.237096749628002 ], [ -118.632516347766, 34.237094312800302 ] ] ], [ [ [ -118.63379021659, 34.237181580026302 ], [ -118.634959385730994, 34.237261744377498 ], [ -118.634915154785006, 34.237258840836098 ], [ -118.634832464544999, 34.237253596649801 ], [ -118.634764218821005, 34.237249428828797 ], [ -118.634749807936004, 34.237248491069202 ], [ -118.634584285732998, 34.237236773445098 ], [ -118.634367252448996, 34.237221341658099 ], [ -118.634319649600997, 34.237217966933699 ], [ -118.634319614844998, 34.237217964411201 ], [ -118.634087589648999, 34.237202114844798 ], [ -118.634054883491004, 34.237199896188898 ], [ -118.634021448138995, 34.237197570453702 ], [ -118.63379021659, 34.237181580026302 ] ] ], [ [ [ -118.63379021659, 34.237181580026302 ], [ -118.633558953561007, 34.237165863393102 ], [ -118.633525485671996, 34.237163537691401 ], [ -118.633492745469994, 34.237161263165902 ], [ -118.633361281033999, 34.237152169414401 ], [ -118.63379021659, 34.237181580026302 ] ] ], [ [ [ -118.635163036980998, 34.237275753271398 ], [ -118.635146616097003, 34.237274581787901 ], [ -118.635550410042995, 34.237302268129199 ], [ -118.635487985612997, 34.237298064737203 ], [ -118.635163036980998, 34.237275753271398 ] ] ], [ [ [ -118.642504987376, 34.237779111734802 ], [ -118.643146954181006, 34.2378231289102 ], [ -118.642976024179006, 34.237811480337299 ], [ -118.642797227624996, 34.237799295410802 ], [ -118.642504987376, 34.237779111734802 ] ] ], [ [ [ -118.642504987376, 34.237779111734802 ], [ -118.642277522347001, 34.237763665652203 ], [ -118.642212770417999, 34.237759255394202 ], [ -118.642121998388006, 34.237753005156499 ], [ -118.641920556711, 34.237739097214103 ], [ -118.641628309986004, 34.237719002514297 ], [ -118.642504987376, 34.237779111734802 ] ] ], [ [ [ -118.641628309986004, 34.237719002514297 ], [ -118.641336100561006, 34.2376990809109 ], [ -118.641043853688004, 34.237678928906 ], [ -118.641628309986004, 34.237719002514297 ] ] ], [ [ [ -118.641043853688004, 34.237678928906 ], [ -118.641019954075006, 34.237677425490801 ], [ -118.639209218567004, 34.237553343273497 ], [ -118.637504487455999, 34.237436481280703 ], [ -118.637487968024999, 34.2374353494003 ], [ -118.637454963905995, 34.237433086351103 ], [ -118.637421825153993, 34.237430677049701 ], [ -118.637223336475998, 34.237417033338801 ], [ -118.637190493069994, 34.237414775682304 ], [ -118.636999879786998, 34.237401682460103 ], [ -118.636966577120006, 34.237399411833799 ], [ -118.636933639388005, 34.237397167225801 ], [ -118.636685292671004, 34.237380221188701 ], [ -118.636684796449998, 34.237380203063601 ], [ -118.636437310459996, 34.237363231254498 ], [ -118.636404106388994, 34.2373609320071 ], [ -118.636371002608996, 34.237358688119301 ], [ -118.636315189601007, 34.237354859693298 ], [ -118.636233356285999, 34.237349272073999 ], [ -118.636137118473997, 34.237342590803202 ], [ -118.635725678434994, 34.2373142857452 ], [ -118.641043853688004, 34.237678928906 ] ] ], [ [ [ -118.643504967805001, 34.237847799954899 ], [ -118.64330395879, 34.237833893815299 ], [ -118.643769404991005, 34.2378658144859 ], [ -118.643504967805001, 34.237847799954899 ] ] ], [ [ [ -118.644247301397002, 34.237898699163999 ], [ -118.644131318758994, 34.237890621955003 ], [ -118.645281012956005, 34.237969451547201 ], [ -118.645243482951997, 34.237967064191402 ], [ -118.645143805274003, 34.237960176715703 ], [ -118.645092526542001, 34.2379567401711 ], [ -118.644827788390998, 34.237938420551899 ], [ -118.644793294096004, 34.237936103431302 ], [ -118.644571991505003, 34.237921039030198 ], [ -118.644563086554001, 34.2379204301279 ], [ -118.644540945055994, 34.237918887391402 ], [ -118.644540740866006, 34.237918873152402 ], [ -118.64429834885, 34.237902137297503 ], [ -118.644247301397002, 34.237898699163999 ] ] ], [ [ [ -118.646094866520997, 34.238025367392197 ], [ -118.645396325818993, 34.237977358129697 ], [ -118.646879265292995, 34.238079036182 ], [ -118.646094866520997, 34.238025367392197 ] ] ], [ [ [ -118.646993272879001, 34.238086841838303 ], [ -118.647773779689999, 34.234952524326097 ], [ -118.647759729035997, 34.2350093142011 ], [ -118.647752971470993, 34.235036964828097 ], [ -118.647740241188998, 34.235089055068997 ], [ -118.647666876043999, 34.235382884009603 ], [ -118.647403154063994, 34.236441697973 ], [ -118.646993423810997, 34.238086847342302 ], [ -118.646993272879001, 34.238086841838303 ] ] ], [ [ [ -118.648706774264994, 34.231205853165797 ], [ -118.648816181759003, 34.230766502341801 ], [ -118.648809695298993, 34.230793053491503 ], [ -118.648711942611996, 34.231186228479999 ], [ -118.648710662902005, 34.231191260576601 ], [ -118.648706949021005, 34.231205853130497 ], [ -118.648706847919001, 34.2312062521573 ], [ -118.648701444519006, 34.231227476550103 ], [ -118.648345008291997, 34.232658613016902 ], [ -118.648706774264994, 34.231205853165797 ] ] ], [ [ [ -118.648970326712998, 34.2301474941411 ], [ -118.648983198612996, 34.230095805092603 ], [ -118.648971969288993, 34.230141391759403 ], [ -118.648970326712998, 34.2301474941411 ] ] ], [ [ [ -118.649003927897994, 34.2300125593394 ], [ -118.649141872406005, 34.229458608851999 ], [ -118.649122374274, 34.229538086762098 ], [ -118.649097940787996, 34.229637680368903 ], [ -118.649029028401998, 34.229914546198202 ], [ -118.649016402827002, 34.229963845726303 ], [ -118.649003927897994, 34.2300125593394 ] ] ], [ [ [ -118.649233736916997, 34.2290897077471 ], [ -118.649289136462997, 34.228867236260498 ], [ -118.649252300615004, 34.229015434968701 ], [ -118.649233736916997, 34.2290897077471 ] ] ], [ [ [ -118.649798409742004, 34.227119733871596 ], [ -118.652495592110995, 34.227115451645403 ], [ -118.652190706287996, 34.227117935434499 ], [ -118.652176282507995, 34.227118068164202 ], [ -118.652175290504999, 34.227118073510397 ], [ -118.652091034004002, 34.227118775491 ], [ -118.651903070770004, 34.227120310202103 ], [ -118.651786263288002, 34.227121268459399 ], [ -118.651315096798996, 34.227120948275001 ], [ -118.649798409742004, 34.227119733871596 ] ] ], [ [ [ -118.652813531085002, 34.227114946796497 ], [ -118.652873270136993, 34.227114851705501 ], [ -118.652873272329998, 34.227115548591598 ], [ -118.652813531085002, 34.227114946796497 ] ] ], [ [ [ -118.653303269684002, 34.227114851652701 ], [ -118.653306726615, 34.227114847414697 ], [ -118.653308432247002, 34.227561000769199 ], [ -118.652878363119001, 34.227562112814198 ], [ -118.652877594684995, 34.227356828670999 ], [ -118.653304270421998, 34.227353851605201 ], [ -118.653303269684002, 34.227114851652701 ] ] ], [ [ [ -118.653252268792002, 34.212950850073 ], [ -118.653252439162003, 34.212950849153202 ], [ -118.653041854216994, 34.213795673379302 ], [ -118.653252268792002, 34.212950850073 ] ] ], [ [ [ -118.654059269881998, 34.227113852132099 ], [ -118.654059316703993, 34.227109299052401 ], [ -118.654059319069006, 34.227113896042198 ], [ -118.654039978377, 34.227113877062301 ], [ -118.654059269881998, 34.227113852132099 ] ] ], [ [ [ -118.662753270319996, 34.212903850004899 ], [ -118.662776230526006, 34.209353898477801 ], [ -118.662776284204995, 34.209381718225302 ], [ -118.662777560118002, 34.210046051086401 ], [ -118.662783034659, 34.212927831383197 ], [ -118.662783037929003, 34.212928243373803 ], [ -118.661298592500998, 34.2129311170766 ], [ -118.658417064388004, 34.212937462302598 ], [ -118.658186354969004, 34.212937975583202 ], [ -118.657646149075006, 34.212939127073 ], [ -118.657427346003999, 34.212939436252398 ], [ -118.657385107291006, 34.212939526915797 ], [ -118.656816985036997, 34.2129407452381 ], [ -118.655146720100007, 34.212944580003999 ], [ -118.654875191743997, 34.212945086207903 ], [ -118.654608625956996, 34.212945582984503 ], [ -118.654231955815007, 34.2129462833093 ], [ -118.654141547644002, 34.212946451180201 ], [ -118.662753270319996, 34.212903850004899 ] ] ] ] } },
{ "type": "Feature", "properties": { "objectid": 18, "name": "Chatsworth Reservoir", "area_sqmi": 1.7974494095762203, "source_url": "https://services5.arcgis.com/7nsPwEMP38bSkCjy/arcgis/rest/services/LA_Times_Neighborhoods/FeatureServer/0", "fetched_at": "2025-12-07T08:52:51.283518" }, "geometry": { "type": "Polygon", "coordinates": [ [ [ -118.620200265422994, 34.238830854813301 ], [ -118.619712264919002, 34.238197855267003 ], [ -118.618080264808995, 34.237308855070701 ], [ -118.617933667922998, 34.237326049674202 ], [ -118.615761264680998, 34.237580855229197 ], [ -118.615274264565002, 34.238279855009502 ], [ -118.613303263825998, 34.238953855802798 ], [ -118.611860264420997, 34.237711855433403 ], [ -118.610348263261997, 34.237300855523898 ], [ -118.609283263067994, 34.237399855465597 ], [ -118.608725262975994, 34.237267855825898 ], [ -118.607571263113996, 34.237423855872798 ], [ -118.607540275028001, 34.235446632729399 ], [ -118.607540262859999, 34.235445855656799 ], [ -118.610231263448, 34.235227855151003 ], [ -118.610565263617005, 34.234991854839798 ], [ -118.610804263046006, 34.234464854728202 ], [ -118.611335263176997, 34.233893855282403 ], [ -118.612531264031006, 34.233168854462399 ], [ -118.614073264273998, 34.231720854849499 ], [ -118.614976263653006, 34.231390854117102 ], [ -118.615853263695001, 34.227768854158597 ], [ -118.616252264311996, 34.227153853463399 ], [ -118.617290263637997, 34.226805854115199 ], [ -118.624967264784004, 34.227566853399999 ], [ -118.625494265699004, 34.226077853559303 ], [ -118.629305265959999, 34.2251438527299 ], [ -118.631392265813005, 34.224793853133399 ], [ -118.631418902616005, 34.224793992726198 ], [ -118.633864266540002, 34.224806852856098 ], [ -118.642016267342996, 34.2237278519151 ], [ -118.642710268209001, 34.223699852175102 ], [ -118.643231267950995, 34.224036851620198 ], [ -118.646766268853995, 34.224081851700497 ], [ -118.646709269317, 34.227384851864798 ], [ -118.646926268665993, 34.230482852824998 ], [ -118.647343268873996, 34.230921852950601 ], [ -118.647865268884999, 34.230954852896403 ], [ -118.647743269320003, 34.2312078523452 ], [ -118.648706774264994, 34.231205853165797 ], [ -118.648706949021005, 34.231205853130497 ], [ -118.648706847919001, 34.2312062521573 ], [ -118.648701444519006, 34.231227476550103 ], [ -118.648345008291997, 34.232658613016902 ], [ -118.647923049054, 34.234352835911899 ], [ -118.647921189990996, 34.234360296269202 ], [ -118.647911808876998, 34.234397731944199 ], [ -118.647909635638001, 34.2344062505992 ], [ -118.647909626176002, 34.234406290317999 ], [ -118.647807589151995, 34.2348155350371 ], [ -118.647786300353999, 34.234902242809902 ], [ -118.647786288784999, 34.234902290653999 ], [ -118.647780157726999, 34.234926744641101 ], [ -118.647773779689999, 34.234952524326097 ], [ -118.647759729035997, 34.2350093142011 ], [ -118.647752971470993, 34.235036964828097 ], [ -118.646993272879001, 34.238086841838303 ], [ -118.646879265292995, 34.238079036182 ], [ -118.645396325818993, 34.237977358129697 ], [ -118.645343159614001, 34.237973677519399 ], [ -118.645293303936, 34.237970233471799 ], [ -118.645281012956005, 34.237969451547201 ], [ -118.644131318758994, 34.237890621955003 ], [ -118.644117531657997, 34.237889662155801 ], [ -118.644115710243994, 34.237889534813903 ], [ -118.644072077882996, 34.237886497099097 ], [ -118.644070419368006, 34.237886378806699 ], [ -118.644070291198005, 34.237886368670203 ], [ -118.644033875242997, 34.237883869529803 ], [ -118.643811926419005, 34.237868723335097 ], [ -118.64330395879, 34.237833893815299 ], [ -118.643240494335998, 34.237829503408001 ], [ -118.643146954181006, 34.2378231289102 ], [ -118.642504987376, 34.237779111734802 ], [ -118.641628309986004, 34.237719002514297 ], [ -118.641043853688004, 34.237678928906 ], [ -118.635725678434994, 34.2373142857452 ], [ -118.635578457980998, 34.237304157437002 ], [ -118.635578366746003, 34.2373041507038 ], [ -118.635550410042995, 34.237302268129199 ], [ -118.635146616097003, 34.237274581787901 ], [ -118.635113677673999, 34.2372722330107 ], [ -118.634997882275002, 34.237264271391098 ], [ -118.634959385730994, 34.237261744377498 ], [ -118.63379021659, 34.237181580026302 ], [ -118.633361281033999, 34.237152169414401 ], [ -118.633260819002004, 34.237145220370998 ], [ -118.633110543656002, 34.237134977929898 ], [ -118.632500834683995, 34.237093172275799 ], [ -118.632478739709001, 34.237091548656998 ], [ -118.632422519000997, 34.237087588040602 ], [ -118.632316957396995, 34.2370804989772 ], [ -118.632307330873999, 34.237079904664 ], [ -118.631475267501997, 34.237022854362898 ], [ -118.631475226568, 34.237022896047698 ], [ -118.631474868156999, 34.237022870871201 ], [ -118.631414487431996, 34.237084300067501 ], [ -118.631347303563999, 34.237152029582496 ], [ -118.631280056953997, 34.237220089353599 ], [ -118.631212781616, 34.237288671233202 ], [ -118.631145894889997, 34.237356262049502 ], [ -118.631078777631004, 34.2374241010546 ], [ -118.631010840651996, 34.237492796258998 ], [ -118.630944149122001, 34.237559973035097 ], [ -118.630876965786001, 34.237627730230002 ], [ -118.630809784411994, 34.237695761447497 ], [ -118.630742602723998, 34.237763765582301 ], [ -118.630675452041004, 34.237831577487803 ], [ -118.630608204124002, 34.237899608938399 ], [ -118.630541022108005, 34.2379676129611 ], [ -118.630474593803996, 34.238034816050899 ], [ -118.630398249473004, 34.238111990490303 ], [ -118.630321807678996, 34.238189358319801 ], [ -118.630108664429997, 34.2384046138759 ], [ -118.630107535959993, 34.238405828727402 ], [ -118.630105380743998, 34.2384079288355 ], [ -118.629933251931007, 34.238582135807903 ], [ -118.629962732378999, 34.238582063504403 ], [ -118.630165188692004, 34.238581560390898 ], [ -118.630255086131001, 34.238581395208797 ], [ -118.630259254425994, 34.238581373502598 ], [ -118.630417209878999, 34.238580962858002 ], [ -118.630460156295996, 34.238580876187299 ], [ -118.630469652193, 34.238580826721503 ], [ -118.630473358279005, 34.238580835363599 ], [ -118.630481234784, 34.238580815969797 ], [ -118.630480266640006, 34.238583854723601 ], [ -118.630653267152994, 34.238664854553903 ], [ -118.630572267172994, 34.238866854706203 ], [ -118.630722267053002, 34.239042854130098 ], [ -118.630399266869006, 34.239210854589601 ], [ -118.629486266751002, 34.239597854074603 ], [ -118.625825266356998, 34.240326854792002 ], [ -118.624789266091994, 34.240768854915601 ], [ -118.622019266419002, 34.242394855611302 ], [ -118.620280265635998, 34.242701855258801 ], [ -118.620202800903996, 34.238953545184998 ], [ -118.620200265422994, 34.238830854813301 ] ] ] } },
{ "type": "Feature", "properties": { "objectid": 19, "name": "Chesterfield Square", "area_sqmi": 0.63656117134991697, "source_url": "https://services5.arcgis.com/7nsPwEMP38bSkCjy/arcgis/rest/services/LA_Times_Neighborhoods/FeatureServer/0", "fetched_at": "2025-12-07T08:52:51.283518" }, "geometry": { "type": "Polygon", "coordinates": [ [ [ -118.308979174274, 33.974575462059903 ], [ -118.308979191614995, 33.974567844108797 ], [ -118.317738314723002, 33.974589801455203 ], [ -118.317755193452996, 33.974589843550099 ], [ -118.317657194850995, 33.9888178451627 ], [ -118.317611193947997, 33.989103844559203 ], [ -118.317143194560003, 33.989106845134302 ], [ -118.317135194751998, 33.9932208453329 ], [ -118.308941193818001, 33.993260845993397 ], [ -118.308941237748002, 33.993239018972702 ], [ -118.308977191845003, 33.9753758441027 ], [ -118.308979174274, 33.974575462059903 ] ] ] } },
{ "type": "Feature", "properties": { "objectid": 20, "name": "Cheviot Hills", "area_sqmi": 1.5374375178879045, "source_url": "https://services5.arcgis.com/7nsPwEMP38bSkCjy/arcgis/rest/services/LA_Times_Neighborhoods/FeatureServer/0", "fetched_at": "2025-12-07T08:52:51.283518" }, "geometry": { "type": "Polygon", "coordinates": [ [ [ -118.398882212771994, 34.0442608462915 ], [ -118.398787212065002, 34.043724846469303 ], [ -118.398637212829996, 34.043739846543197 ], [ -118.398341211844993, 34.041455845803704 ], [ -118.398840211649997, 34.039801845571802 ], [ -118.398609212588994, 34.039805845790802 ], [ -118.399086211864002, 34.039696846072502 ], [ -118.399091546753993, 34.039113124923603 ], [ -118.399093212565006, 34.0389308454996 ], [ -118.398873790555996, 34.038337614828102 ], [ -118.398526434497001, 34.037398500857002 ], [ -118.398317211982004, 34.036832845954102 ], [ -118.398075212107003, 34.035746845197203 ], [ -118.400588212103997, 34.029644844447802 ], [ -118.398446211183995, 34.029329844607297 ], [ -118.409395995042004, 34.030342381803301 ], [ -118.409563213083004, 34.030357843924399 ], [ -118.412170213824993, 34.0311878437752 ], [ -118.412346633062995, 34.031262264314698 ], [ -118.414844214734003, 34.0323158443301 ], [ -118.416123214031003, 34.033214844122398 ], [ -118.418286215652998, 34.036231844415802 ], [ -118.421185216137005, 34.0371448439858 ], [ -118.424223216852994, 34.041083844638997 ], [ -118.424666216583006, 34.041944844461298 ], [ -118.417082197211997, 34.046308466379102 ], [ -118.411287834861, 34.049642372724399 ], [ -118.406655214048001, 34.052307846379897 ], [ -118.401502213238004, 34.051839846729003 ], [ -118.402565212831007, 34.046357846234599 ], [ -118.3989012129, 34.045484846885003 ], [ -118.398882212771994, 34.0442608462915 ] ] ] } },
{ "type": "Feature", "properties": { "objectid": 21, "name": "Chinatown", "area_sqmi": 0.92093086517351186, "source_url": "https://services5.arcgis.com/7nsPwEMP38bSkCjy/arcgis/rest/services/LA_Times_Neighborhoods/FeatureServer/0", "fetched_at": "2025-12-07T08:52:51.283518" }, "geometry": { "type": "Polygon", "coordinates": [ [ [ -118.224734185114997, 34.067577859113598 ], [ -118.227028729267005, 34.061955147343603 ], [ -118.227076184962002, 34.061838858119103 ], [ -118.227087975038998, 34.061637830812501 ], [ -118.227124747713006, 34.061010816947601 ], [ -118.227135185513006, 34.060832857831798 ], [ -118.226625184851997, 34.056627857885502 ], [ -118.226809184363006, 34.0557038573155 ], [ -118.227279184229005, 34.055019857555799 ], [ -118.231107185794002, 34.056390857057302 ], [ -118.237388187093003, 34.058184857330801 ], [ -118.239552186896006, 34.058268856838801 ], [ -118.240367186970005, 34.058618856845499 ], [ -118.243502188022006, 34.06037385682 ], [ -118.243589187577001, 34.060845857001603 ], [ -118.243897188004993, 34.060628857307996 ], [ -118.249223189595995, 34.065208857525498 ], [ -118.248942189275994, 34.065526856946803 ], [ -118.248239189125997, 34.065417857318401 ], [ -118.247706066757004, 34.065723997358802 ], [ -118.247680189063004, 34.065738857166203 ], [ -118.245920188797001, 34.068933857578699 ], [ -118.245647189541998, 34.070987857657499 ], [ -118.242064187783001, 34.067721857777897 ], [ -118.241555187700001, 34.067701857595203 ], [ -118.240172188241999, 34.067262858306201 ], [ -118.239970187755006, 34.067653857824801 ], [ -118.239274187779003, 34.067843857712901 ], [ -118.239248187938003, 34.067261857663901 ], [ -118.238950188160999, 34.067177857859903 ], [ -118.237681187522995, 34.067588857755197 ], [ -118.237286187237004, 34.067274857806503 ], [ -118.235866186853997, 34.066758857907502 ], [ -118.234026187083003, 34.068382858614598 ], [ -118.230059186391998, 34.071071859151701 ], [ -118.227085186511005, 34.071779859282898 ], [ -118.225175167591999, 34.071946337898602 ], [ -118.225169185625006, 34.071946859316 ], [ -118.224609185104001, 34.068968858912001 ], [ -118.224734185114997, 34.067577859113598 ] ] ] } },
{ "type": "Feature", "properties": { "objectid": 22, "name": "Cypress Park", "area_sqmi": 0.66241968660579476, "source_url": "https://services5.arcgis.com/7nsPwEMP38bSkCjy/arcgis/rest/services/LA_Times_Neighborhoods/FeatureServer/0", "fetched_at": "2025-12-07T08:52:51.283518" }, "geometry": { "type": "Polygon", "coordinates": [ [ [ -118.219031185692998, 34.089022861835304 ], [ -118.218227186237002, 34.088679861632798 ], [ -118.216596185675996, 34.088813861207299 ], [ -118.216094185922998, 34.089157862035599 ], [ -118.215630185200993, 34.088528861791701 ], [ -118.212130185327993, 34.0903468624197 ], [ -118.211463859584995, 34.090908080364898 ], [ -118.211461805119995, 34.090909811293798 ], [ -118.21110318497, 34.091211862550203 ], [ -118.211207741563001, 34.089688965459601 ], [ -118.211218184586997, 34.089536861667597 ], [ -118.211324154162, 34.089326118442401 ], [ -118.211663372459, 34.088651504180199 ], [ -118.212726185075994, 34.086537861292598 ], [ -118.212727078640995, 34.086537719981898 ], [ -118.214916216432997, 34.086191482929102 ], [ -118.215293185609994, 34.086131861550598 ], [ -118.217415335935996, 34.085400232837003 ], [ -118.219056750684004, 34.084834342033197 ], [ -118.219261185780994, 34.084763860930103 ], [ -118.221778186069997, 34.083239860849503 ], [ -118.226349187067996, 34.079914860396599 ], [ -118.226446401597002, 34.080089393961501 ], [ -118.227165186628994, 34.081379860528799 ], [ -118.22738818693, 34.082958859892798 ], [ -118.226936186738001, 34.082818860044902 ], [ -118.226902186410001, 34.083542860397003 ], [ -118.227284187261006, 34.089693860664902 ], [ -118.230704187981999, 34.093405861184998 ], [ -118.229044146923997, 34.092140798600198 ], [ -118.228943188103997, 34.092063861250097 ], [ -118.228423605322007, 34.091431553296502 ], [ -118.227442703074999, 34.090237839218602 ], [ -118.227150187052004, 34.089881861029703 ], [ -118.226864836244999, 34.089346219690597 ], [ -118.226666035606002, 34.088973044335503 ], [ -118.226564187088002, 34.088781861067403 ], [ -118.226172186726004, 34.087556860457397 ], [ -118.226018187196999, 34.0862028607295 ], [ -118.226081130015004, 34.085512218949397 ], [ -118.226110951552997, 34.085185002980197 ], [ -118.226127186553995, 34.085006860739 ], [ -118.226725187149995, 34.082763860757403 ], [ -118.226382186281995, 34.082683860259799 ], [ -118.225850187245001, 34.084824860357898 ], [ -118.225725187440005, 34.086231860838801 ], [ -118.225938186856993, 34.087809861297501 ], [ -118.226429187407007, 34.0891458611937 ], [ -118.226513067427007, 34.0892771751354 ], [ -118.227391187897993, 34.090651861573299 ], [ -118.237081189861996, 34.102213862112002 ], [ -118.233230189563002, 34.104258862118201 ], [ -118.233211149754993, 34.104227363288103 ], [ -118.232987189498004, 34.103856861917599 ], [ -118.233789189853994, 34.103362862077297 ], [ -118.234083189866993, 34.102949862011798 ], [ -118.234079280930004, 34.102847332982002 ], [ -118.234040189417996, 34.101821862394601 ], [ -118.233097189158997, 34.101230862349198 ], [ -118.232178189682003, 34.100312862149501 ], [ -118.229992189290996, 34.099540862009903 ], [ -118.227492188710997, 34.097767862248404 ], [ -118.225373187711995, 34.096780861926099 ], [ -118.223891188031004, 34.096525862130598 ], [ -118.222546186947994, 34.095613861611099 ], [ -118.222488359386006, 34.095540500529403 ], [ -118.221016186762, 34.0936728616118 ], [ -118.221086186552, 34.092087861769997 ], [ -118.220860186061998, 34.0910438613436 ], [ -118.219031185692998, 34.089022861835304 ] ] ] } },
{ "type": "Feature", "properties": { "objectid": 23, "name": "Del Rey", "area_sqmi": 2.4463158743135427, "source_url": "https://services5.arcgis.com/7nsPwEMP38bSkCjy/arcgis/rest/services/LA_Times_Neighborhoods/FeatureServer/0", "fetched_at": "2025-12-07T08:52:51.283518" }, "geometry": { "type": "Polygon", "coordinates": [ [ [ -118.409743325275002, 34.000553247096398 ], [ -118.409654812889997, 34.000496539178897 ], [ -118.409548378910998, 34.00063391978 ], [ -118.409454481905996, 34.0007550247647 ], [ -118.409432969820003, 34.000782758558103 ], [ -118.409411435148002, 34.000810524879398 ], [ -118.409380455101996, 34.000850470481801 ], [ -118.409089335966996, 34.001216683655599 ], [ -118.409089194824006, 34.001216596685403 ], [ -118.408829016924003, 34.001055216030103 ], [ -118.408523280132002, 34.000865902707403 ], [ -118.408523161267993, 34.000865722803297 ], [ -118.408504555215004, 34.000854194782697 ], [ -118.408492324530997, 34.000846615528701 ], [ -118.408491756698993, 34.000846264049997 ], [ -118.408398514566997, 34.000788441600697 ], [ -118.408319539887998, 34.000739431970203 ], [ -118.408012208627994, 34.000549192377797 ], [ -118.407882153491002, 34.000468486881203 ], [ -118.407749750643006, 34.000386415242502 ], [ -118.407645996609006, 34.000322301680598 ], [ -118.407485010797004, 34.000222519232402 ], [ -118.407260830794002, 34.000083567308799 ], [ -118.407181322149995, 34.000034216159797 ], [ -118.407119168148995, 33.9999957609337 ], [ -118.406904002841003, 33.999862396291199 ], [ -118.406826110132997, 33.999814045571902 ], [ -118.406742177390001, 33.999762092803401 ], [ -118.406595787640995, 33.999671356445504 ], [ -118.406508558303997, 33.999617213080903 ], [ -118.406416864378997, 33.999560455821097 ], [ -118.406277402040004, 33.999474014090502 ], [ -118.406217051636006, 33.999436560245101 ], [ -118.406180184076007, 33.999413755667398 ], [ -118.405901209641002, 33.9992408410195 ], [ -118.402780209344002, 34.003469841689302 ], [ -118.400187208903006, 34.002044841209901 ], [ -118.400437209348993, 34.001439841332001 ], [ -118.400675208923005, 34.001433841480498 ], [ -118.400676254386994, 34.001431541807698 ], [ -118.400697679984006, 34.001431008189002 ], [ -118.400707640679997, 34.001430783091998 ], [ -118.400765675130998, 34.001430342473 ], [ -118.400770590351996, 34.001430079131502 ], [ -118.400815120104994, 34.001427815358603 ], [ -118.400851420359999, 34.001312366322303 ], [ -118.400902216614995, 34.0011512552135 ], [ -118.400914502014004, 34.001112304284703 ], [ -118.400921367210998, 34.001057901072201 ], [ -118.400934871656005, 34.000949837357901 ], [ -118.401023834764999, 34.000794231271399 ], [ -118.40116380552, 34.000549672718499 ], [ -118.401239254347999, 34.0004177162049 ], [ -118.401322330751, 34.000314641901603 ], [ -118.401503180288003, 34.000091133015403 ], [ -118.401513773922005, 34.000078017445396 ], [ -118.401605893123005, 33.999964064728701 ], [ -118.401639294972995, 33.999922824786999 ], [ -118.401500470421993, 33.999904815219999 ], [ -118.40119061051, 33.999864486083197 ], [ -118.401282134756997, 33.999568328789302 ], [ -118.401300209075004, 33.999509841312097 ], [ -118.401739122850003, 33.998722751038301 ], [ -118.403289361079004, 33.995942755860099 ], [ -118.403380209161995, 33.995779841151297 ], [ -118.403502785270007, 33.9956575100272 ], [ -118.403946003642005, 33.995215177375002 ], [ -118.403982286333999, 33.995178967608197 ], [ -118.404085099922995, 33.995122792433897 ], [ -118.404086665226998, 33.995121937048197 ], [ -118.404155698506003, 33.995084472617002 ], [ -118.404201526422, 33.995063504567099 ], [ -118.404289982204006, 33.995023032404703 ], [ -118.404344431639998, 33.994997919023298 ], [ -118.404550902696997, 33.994903410058001 ], [ -118.404695192407004, 33.9948368485068 ], [ -118.404727299542003, 33.994822051274603 ], [ -118.404728229411006, 33.994821628042402 ], [ -118.404759097539994, 33.994807567000699 ], [ -118.404893817669006, 33.994746359049003 ], [ -118.404896236842006, 33.994745259177499 ], [ -118.404958675499003, 33.9947167037109 ], [ -118.405063545139996, 33.994668744573602 ], [ -118.405051385874998, 33.994624443548297 ], [ -118.405044560319993, 33.994599570659197 ], [ -118.405024297066007, 33.994522972411701 ], [ -118.405022112387996, 33.994514819078901 ], [ -118.404967003774999, 33.994307099992497 ], [ -118.405041312988004, 33.994173761089499 ], [ -118.405105515025994, 33.9940585570235 ], [ -118.405106233953006, 33.994057265419798 ], [ -118.405882209241, 33.993282840544097 ], [ -118.407510720350999, 33.992330826037403 ], [ -118.407532662140994, 33.992328538679999 ], [ -118.407885392021996, 33.992133540195702 ], [ -118.407867046983, 33.992122519671902 ], [ -118.407868209341999, 33.992121840495997 ], [ -118.407427842413995, 33.991858953017498 ], [ -118.407365710662006, 33.991821844771998 ], [ -118.407081405270006, 33.991652140629597 ], [ -118.405161682718997, 33.990506122169997 ], [ -118.405217329785003, 33.990448024546197 ], [ -118.405381641467997, 33.990276609928401 ], [ -118.405423325621996, 33.9902330809836 ], [ -118.405429726663996, 33.990226436827797 ], [ -118.405455839506004, 33.990199189555703 ], [ -118.406215209812004, 33.989408839653997 ], [ -118.404081208359997, 33.988111840187003 ], [ -118.404081974812996, 33.988111881795398 ], [ -118.406280209732003, 33.988232839952602 ], [ -118.407235290276006, 33.988165490110099 ], [ -118.407532985363005, 33.988144497234103 ], [ -118.407769209695999, 33.988127839473599 ], [ -118.409023209522005, 33.9878868397467 ], [ -118.409932938777004, 33.987564794458997 ], [ -118.410587098042996, 33.987333221692303 ], [ -118.410910210218006, 33.9872188390001 ], [ -118.411665618876995, 33.986795190451701 ], [ -118.412194864398998, 33.986498379196803 ], [ -118.412324210156996, 33.9864258391109 ], [ -118.413831210092994, 33.985297838976599 ], [ -118.414022210108001, 33.985453839299701 ], [ -118.419214210416001, 33.981662838546498 ], [ -118.420665211173997, 33.981121838026397 ], [ -118.423209211683997, 33.980782837987199 ], [ -118.428362211557001, 33.977369837435901 ], [ -118.432271212844, 33.9750208371076 ], [ -118.432296400542995, 33.975050289148598 ], [ -118.432379876056999, 33.975182223064003 ], [ -118.432387160304998, 33.975193229901997 ], [ -118.432394446505, 33.9752041952623 ], [ -118.432401783556003, 33.9752151586368 ], [ -118.432409119553995, 33.975226127423802 ], [ -118.432416506151995, 33.975237045543302 ], [ -118.432423894948997, 33.975247969965103 ], [ -118.432431333490996, 33.975258887897603 ], [ -118.432438827148005, 33.975269791207502 ], [ -118.432446317430006, 33.975280669286199 ], [ -118.432453862778999, 33.975291523727201 ], [ -118.432461403830004, 33.9753023835924 ], [ -118.432468995625001, 33.975313220737 ], [ -118.432476640434999, 33.975324055888002 ], [ -118.432484288265002, 33.975334846852697 ], [ -118.432491985883004, 33.9753456394414 ], [ -118.432499681343003, 33.975356432939002 ], [ -118.432507429725007, 33.975367206412699 ], [ -118.432515179066002, 33.975377955541099 ], [ -118.432522981323999, 33.9753886837441 ], [ -118.432530830114004, 33.975399411779797 ], [ -118.432538682045006, 33.975410119068599 ], [ -118.432546584711005, 33.975420801833501 ], [ -118.432554490532993, 33.975431466556103 ], [ -118.432562445044994, 33.975442130201998 ], [ -118.432570401613006, 33.975452772203298 ], [ -118.432578402548003, 33.975463414045002 ], [ -118.432586462884004, 33.975474033134901 ], [ -118.432594522041995, 33.975484633296396 ], [ -118.432602578921006, 33.975495210927299 ], [ -118.432610687757006, 33.975505791075904 ], [ -118.432618847304994, 33.975516342193103 ], [ -118.432627060884997, 33.975526878691603 ], [ -118.432635272195, 33.9755373944624 ], [ -118.432643483489002, 33.975547906626602 ], [ -118.432651750955998, 33.975558399656599 ], [ -118.432660062674998, 33.975568869989097 ], [ -118.432668379787998, 33.975579336695702 ], [ -118.432676697793994, 33.975589766435597 ], [ -118.432685114248997, 33.9756001913143 ], [ -118.432693529648006, 33.975610620703897 ], [ -118.432701949144004, 33.975621005001599 ], [ -118.432710419491997, 33.9756313873132 ], [ -118.432718889753005, 33.975641752495498 ], [ -118.432727411928994, 33.975652112081903 ], [ -118.432735982596, 33.9756624318264 ], [ -118.432744557608004, 33.9756727542593 ], [ -118.432753129245, 33.975683051460798 ], [ -118.432761806819002, 33.975693326644901 ], [ -118.432770481147998, 33.975703601840202 ], [ -118.432779157438006, 33.975713837360303 ], [ -118.432787882420001, 33.975724071803697 ], [ -118.432796609573003, 33.9757343071402 ], [ -118.432805388435995, 33.975744497214002 ], [ -118.432814171634007, 33.975754688173097 ], [ -118.432822998001996, 33.975764856438502 ], [ -118.432831881615996, 33.975775003762699 ], [ -118.432840762970002, 33.975785132162201 ], [ -118.432849697213996, 33.975795234226801 ], [ -118.432858630387003, 33.9758053380977 ], [ -118.432867561305002, 33.975815423945498 ], [ -118.432876597054005, 33.975825483271997 ], [ -118.432885632809004, 33.9758355434994 ], [ -118.432894672675999, 33.975845561339398 ], [ -118.432903760176998, 33.975855582614003 ], [ -118.432912846465996, 33.975865578649298 ], [ -118.432921984586997, 33.975875552861297 ], [ -118.432931126935998, 33.975885507223701 ], [ -118.432940316903995, 33.975895462316103 ], [ -118.432949558694006, 33.975905393782 ], [ -118.432958801354005, 33.975915283773602 ], [ -118.432968045107003, 33.975925175563702 ], [ -118.432977335375, 33.975935063580103 ], [ -118.432982761459002, 33.975940778750299 ], [ -118.432986679557999, 33.975944914439403 ], [ -118.432996010744006, 33.9759547626401 ], [ -118.433005391508999, 33.975964571896299 ], [ -118.43301478091, 33.975974376613202 ], [ -118.433024214702002, 33.975984185677603 ], [ -118.433033649335997, 33.975993947858697 ], [ -118.433043134724002, 33.976003689121697 ], [ -118.433052624460998, 33.976013433974401 ], [ -118.433062166010004, 33.976023153397598 ], [ -118.433071700873995, 33.976032834979698 ], [ -118.433081290903004, 33.976042511855297 ], [ -118.433090883112996, 33.976052191427002 ], [ -118.433100522703995, 33.976061825751302 ], [ -118.433110164461993, 33.976071460066997 ], [ -118.433119857963007, 33.976081055430498 ], [ -118.433129554687994, 33.976090646273803 ], [ -118.433139297853003, 33.9761002189191 ], [ -118.433149089598999, 33.976109768850897 ], [ -118.433158835772005, 33.976119294604203 ], [ -118.433168682602002, 33.9761288236014 ], [ -118.433178530272997, 33.976138305715203 ], [ -118.433188381216993, 33.976147792324099 ], [ -118.433198279547, 33.976157234587099 ], [ -118.433208227641003, 33.976166673965899 ], [ -118.433218128036998, 33.976176096386098 ], [ -118.433228127863003, 33.976185494107199 ], [ -118.433238132998994, 33.976194871974698 ], [ -118.433248133793995, 33.976204247152303 ], [ -118.433258188497007, 33.976213583369699 ], [ -118.433268243197006, 33.976222918684698 ], [ -118.433278345283, 33.976232209653801 ], [ -118.433288502563997, 33.976241501325298 ], [ -118.433298664063003, 33.976250771343999 ], [ -118.433308816790998, 33.9762600188551 ], [ -118.433319023524007, 33.976269246337701 ], [ -118.433329232315998, 33.976278453076901 ], [ -118.433339489679, 33.9762876352994 ], [ -118.433349751265993, 33.976296796770598 ], [ -118.433360062641, 33.976305959865201 ], [ -118.433370427899007, 33.976315079491897 ], [ -118.433380732567002, 33.976324200236903 ], [ -118.433391148460004, 33.9763332755048 ], [ -118.433401033037001, 33.976341933468298 ], [ -118.433411212517996, 33.976353836787098 ], [ -118.433428709929998, 33.976365854455601 ], [ -118.433432910975, 33.976369453604299 ], [ -118.433443376203996, 33.976378441241998 ], [ -118.433453891132999, 33.976387413374297 ], [ -118.433464461116003, 33.976396359163502 ], [ -118.433475028819998, 33.976405282421602 ], [ -118.433485650650994, 33.9764142090905 ], [ -118.433496270118994, 33.976423097001103 ], [ -118.433506888357996, 33.9764319560662 ], [ -118.433517561800002, 33.9764408176366 ], [ -118.433528283716001, 33.976449635758399 ], [ -118.433539003470003, 33.976458453886998 ], [ -118.433549729614995, 33.976467252158002 ], [ -118.433560502055997, 33.976476004283597 ], [ -118.433566811432001, 33.97648113116 ], [ -118.433571279933005, 33.976484760896398 ], [ -118.433575062618999, 33.976487812510797 ], [ -118.433582106390006, 33.976493494795299 ], [ -118.433592930550006, 33.976502202557199 ], [ -118.433603808631005, 33.976510874063003 ], [ -118.433614686685999, 33.976519540158797 ], [ -118.433625611162, 33.976528184449997 ], [ -118.43363654529, 33.976536811576402 ], [ -118.433647525834999, 33.976545415996704 ], [ -118.433658504101004, 33.976553997885901 ], [ -118.433669484435001, 33.976562560834601 ], [ -118.433680517664001, 33.976571098349297 ], [ -118.433691597324, 33.976579615862299 ], [ -118.433702630343006, 33.976588111905301 ], [ -118.433713764974996, 33.976596586846803 ], [ -118.433724901782995, 33.976605063582497 ], [ -118.433736036181003, 33.976613492544601 ], [ -118.433747168314994, 33.976621901680197 ], [ -118.433758357708996, 33.976630292578299 ], [ -118.433769595683998, 33.976638660762397 ], [ -118.433780832452996, 33.976647004608502 ], [ -118.433792069232993, 33.9766553502565 ], [ -118.433803359891996, 33.9766636515347 ], [ -118.433814701320003, 33.976671934598798 ], [ -118.433825991768998, 33.976680194405198 ], [ -118.433837382749005, 33.976688433113999 ], [ -118.433848721662997, 33.976696647667502 ], [ -118.433860116882997, 33.976704868328198 ], [ -118.433871561624997, 33.976713039225501 ], [ -118.433883005211996, 33.976721195701302 ], [ -118.433894449758, 33.9767293278314 ], [ -118.433905940700996, 33.976737433648999 ], [ -118.433917438050003, 33.976745522313401 ], [ -118.433928982902003, 33.976753589169199 ], [ -118.433940527638995, 33.9767616334859 ], [ -118.433952078763994, 33.976769657043398 ], [ -118.433963676315003, 33.976777659697603 ], [ -118.433975323509003, 33.976785636027699 ], [ -118.433986974955005, 33.976793597015302 ], [ -118.433998624116995, 33.976801534570299 ], [ -118.434010277503006, 33.976809451373597 ], [ -118.434021976230994, 33.976817347277603 ], [ -118.434033727868993, 33.976825220451801 ], [ -118.435941255396997, 33.9781022535592 ], [ -118.435782743339999, 33.978172327971599 ], [ -118.435782314739001, 33.978172522447501 ], [ -118.435785658623999, 33.978174818291599 ], [ -118.435983555823, 33.978306633054402 ], [ -118.436084854206001, 33.978375487495001 ], [ -118.436308511202995, 33.978527514728803 ], [ -118.436310193590998, 33.978528691454898 ], [ -118.436318376444007, 33.978534430766899 ], [ -118.436446929495006, 33.978625301824302 ], [ -118.43657295941, 33.9787137152844 ], [ -118.436648998441996, 33.978767094799998 ], [ -118.436684385904996, 33.978792796521098 ], [ -118.436792317888006, 33.978870549728597 ], [ -118.436873024481997, 33.9789291005238 ], [ -118.436897554691001, 33.978947319111803 ], [ -118.436919222998, 33.978963332994503 ], [ -118.436960963779995, 33.978994179209899 ], [ -118.436980516985003, 33.9790086293713 ], [ -118.436990276759005, 33.9790158432426 ], [ -118.437029419048997, 33.979044770468803 ], [ -118.437063909613997, 33.979070260763898 ], [ -118.437078145128993, 33.979080981602202 ], [ -118.437176238698001, 33.979154978266301 ], [ -118.437211260761998, 33.979181517780198 ], [ -118.437264214627007, 33.979221800164098 ], [ -118.437290826142998, 33.979242117109202 ], [ -118.437310137352, 33.979256830440697 ], [ -118.437319771236005, 33.979264171857999 ], [ -118.437329420327998, 33.979271524037799 ], [ -118.437358341524998, 33.979293558128802 ], [ -118.437367326778002, 33.979300404247802 ], [ -118.437377621251997, 33.9793082481239 ], [ -118.437381607586005, 33.979311287162297 ], [ -118.437396916197997, 33.979322949780702 ], [ -118.43740668481, 33.979330391674303 ], [ -118.437425847208004, 33.979344991032399 ], [ -118.437434473932996, 33.9793515643806 ], [ -118.437435462785999, 33.979352346029899 ], [ -118.437444961165994, 33.979359845696699 ], [ -118.437467983985997, 33.979378029066403 ], [ -118.437473397657996, 33.979382302533303 ], [ -118.437482884107993, 33.979389795929599 ], [ -118.437487721870994, 33.979393617111903 ], [ -118.437511343444996, 33.979412271606698 ], [ -118.437528376672006, 33.979425722905198 ], [ -118.437530657547995, 33.979427524008997 ], [ -118.437568243705996, 33.979457211287801 ], [ -118.437587214445003, 33.979472191762099 ], [ -118.437596696577003, 33.9794796833623 ], [ -118.437615669503998, 33.9794946665289 ], [ -118.437625166844001, 33.9795021679885 ], [ -118.437634622893, 33.979509637142002 ], [ -118.437643859432995, 33.979516931292203 ], [ -118.437653591482004, 33.979524615810803 ], [ -118.437766634007005, 33.979613918980903 ], [ -118.437776246086997, 33.979621628266301 ], [ -118.437781421270998, 33.979625816939297 ], [ -118.437884840660004, 33.979710629224499 ], [ -118.437897998921002, 33.979721421491803 ], [ -118.437905207892996, 33.979727338227597 ], [ -118.437916632677997, 33.979736711462003 ], [ -118.437927547727, 33.979745663727002 ], [ -118.437948169302999, 33.979762582758298 ], [ -118.437963243677004, 33.979774948449403 ], [ -118.437981873110004, 33.979790234819298 ], [ -118.438027451682999, 33.9798276262866 ], [ -118.438086570356006, 33.979876174619598 ], [ -118.438177635298999, 33.979951906205997 ], [ -118.438220546283006, 33.979988017196497 ], [ -118.438341648478996, 33.980091486988499 ], [ -118.438435284031002, 33.980171347978199 ], [ -118.438469530231998, 33.980200840665603 ], [ -118.438504212311997, 33.980230903330799 ], [ -118.438544842113998, 33.9802665555044 ], [ -118.438552721009003, 33.9802734984154 ], [ -118.438649436809001, 33.9803589303325 ], [ -118.438667358366999, 33.9803747627954 ], [ -118.438748665627998, 33.980446634813198 ], [ -118.438783898576006, 33.980477905252101 ], [ -118.438792620515997, 33.980485671786802 ], [ -118.438794838739994, 33.9804876903641 ], [ -118.438810409816995, 33.980501862617999 ], [ -118.438836787957996, 33.980526025110002 ], [ -118.438854396148002, 33.980542139061903 ], [ -118.438871997871999, 33.980558256640798 ], [ -118.438889547857002, 33.980574412269704 ], [ -118.438907102178007, 33.980590567880299 ], [ -118.438924602415995, 33.980606727291303 ], [ -118.438942101791, 33.980622927271902 ], [ -118.438945984083006, 33.980626533701603 ], [ -118.438959465734001, 33.9806393017384 ], [ -118.438976800852004, 33.980655750232899 ], [ -118.439011479832004, 33.9806886598044 ], [ -118.439020097194998, 33.980696906318499 ], [ -118.439037378446002, 33.980713396470897 ], [ -118.439054667373995, 33.980729904623701 ], [ -118.439063285814001, 33.980738148426198 ], [ -118.439071903301993, 33.980746416572998 ], [ -118.439089245950001, 33.980763054346099 ], [ -118.439093581666995, 33.980767069318198 ], [ -118.439097439980003, 33.980770640670698 ], [ -118.439216498232994, 33.9808817917799 ], [ -118.439233151430997, 33.980897368234302 ], [ -118.439249098843007, 33.980912286432698 ], [ -118.439276603349001, 33.980938014297301 ], [ -118.439284583592993, 33.980945480582399 ], [ -118.439294849790997, 33.9809550814864 ], [ -118.439320107509005, 33.980978708837497 ], [ -118.439328063820994, 33.980986149963996 ], [ -118.439340558378007, 33.980997837911303 ], [ -118.439355818503998, 33.981012111298398 ], [ -118.439383932091999, 33.981038409394003 ], [ -118.439416224192001, 33.981069483008099 ], [ -118.439425631535997, 33.981078536192697 ], [ -118.439461212816994, 33.981112775717101 ], [ -118.439476232602004, 33.981127229369399 ], [ -118.439492533668002, 33.981142913452103 ], [ -118.439506229751998, 33.9811560926479 ], [ -118.439522693997006, 33.981171936604902 ], [ -118.439536213885006, 33.981184946049702 ], [ -118.439551219562006, 33.9811993871228 ], [ -118.439566213264996, 33.981213813813099 ], [ -118.439581230911998, 33.9812282656573 ], [ -118.439599854232, 33.981246186080497 ], [ -118.439642405783999, 33.981287797229299 ], [ -118.439684833379005, 33.981329494460603 ], [ -118.439713030559005, 33.9813580694466 ], [ -118.439743489657999, 33.981388934188402 ], [ -118.439777706662994, 33.981423605919503 ], [ -118.439787160137996, 33.981433185403098 ], [ -118.439801716247004, 33.9814479346052 ], [ -118.439816273462, 33.9814626874076 ], [ -118.439831656454999, 33.981478275623203 ], [ -118.439845379188995, 33.981492181319098 ], [ -118.439873515531005, 33.981520690678302 ], [ -118.439914102836994, 33.981561824770999 ], [ -118.439948742441004, 33.9815971908967 ], [ -118.439976503495004, 33.981625731351301 ], [ -118.440004343935001, 33.981654547379001 ], [ -118.440119081665003, 33.981775037015197 ], [ -118.440132904040993, 33.981789557160702 ], [ -118.440147135570996, 33.9818045040398 ], [ -118.440160173349, 33.981818197634603 ], [ -118.440175623673994, 33.981834423846301 ], [ -118.440189860662997, 33.9818493770114 ], [ -118.440233780658005, 33.981895505950597 ], [ -118.440260167833003, 33.981923900798002 ], [ -118.440314259475997, 33.981982375140198 ], [ -118.440394337236995, 33.982069501776202 ], [ -118.440414123823999, 33.982091038384098 ], [ -118.440428072065004, 33.982106218860103 ], [ -118.440432849193002, 33.9821114185903 ], [ -118.440442001809998, 33.982121379568397 ], [ -118.440455922856003, 33.982136531291602 ], [ -118.440469862422006, 33.982151705483901 ], [ -118.440482861559005, 33.9821658508532 ], [ -118.440497709968, 33.982182012508503 ], [ -118.440512416882996, 33.982198019615097 ], [ -118.440521350146, 33.982207834438299 ], [ -118.440525160972996, 33.982212023469003 ], [ -118.440537863706993, 33.982225982395903 ], [ -118.440552916708995, 33.982242973608898 ], [ -118.440566529410006, 33.982258339207 ], [ -118.440571795284995, 33.982264280911401 ], [ -118.440580142116005, 33.982273704803497 ], [ -118.440593739576997, 33.982289051522102 ], [ -118.440607363181002, 33.9823044296974 ], [ -118.440620969375999, 33.982319789002503 ], [ -118.440634570127003, 33.982335141113801 ], [ -118.440648191563, 33.982350515686299 ], [ -118.440651646996002, 33.982354414815902 ], [ -118.440661803216997, 33.982365881277701 ], [ -118.440675399645002, 33.982381231597202 ], [ -118.440689002628005, 33.982396592709598 ], [ -118.440779421494994, 33.982498698150501 ], [ -118.440784572289999, 33.9825045645374 ], [ -118.440808783574994, 33.982532351469402 ], [ -118.440824526982993, 33.982550547278798 ], [ -118.440917544536006, 33.98265942986 ], [ -118.441036700100994, 33.982798976218398 ], [ -118.441050282198006, 33.982815072116203 ], [ -118.441074325144996, 33.982843739507103 ], [ -118.441109135876999, 33.982885511871501 ], [ -118.441180523781995, 33.982972169414403 ], [ -118.441258247644996, 33.983066527173797 ], [ -118.441283824026002, 33.983097824996896 ], [ -118.441309408951994, 33.983129303090003 ], [ -118.441318442493994, 33.9831404490522 ], [ -118.441322067680005, 33.983144922719902 ], [ -118.441348352212998, 33.983177516146199 ], [ -118.441480228505, 33.9833431275324 ], [ -118.441492201347003, 33.983358164559903 ], [ -118.441506977537998, 33.983360962943102 ], [ -118.444313215795006, 33.986735837034097 ], [ -118.447842216672001, 33.990440837662199 ], [ -118.447190216609002, 33.990763838062598 ], [ -118.447035216497994, 33.990523837357301 ], [ -118.446963040457007, 33.990558698339399 ], [ -118.446961813705002, 33.990557389349497 ], [ -118.446850349675003, 33.990613127430699 ], [ -118.442011669194997, 33.992950176586199 ], [ -118.441957786792997, 33.992892720897203 ], [ -118.441779616022998, 33.992981690163603 ], [ -118.441708874387004, 33.993017011539003 ], [ -118.441638132695999, 33.9930523337745 ], [ -118.441567423557998, 33.9930876828953 ], [ -118.441496649273006, 33.9931230042653 ], [ -118.441425907403001, 33.993158326376701 ], [ -118.441283699121996, 33.9932293292296 ], [ -118.441210898996999, 33.993266192248598 ], [ -118.441137311928003, 33.993302436042498 ], [ -118.440995432687004, 33.993373327364701 ], [ -118.440924722863997, 33.9934086490642 ], [ -118.440853980653998, 33.993443997886502 ], [ -118.440783270710995, 33.993479319503201 ], [ -118.440712528381994, 33.993514668242703 ], [ -118.440641819543998, 33.993550016818297 ], [ -118.440499642545007, 33.993621045676001 ], [ -118.440427366549002, 33.9936580902203 ], [ -118.440353321085993, 33.993694151294797 ], [ -118.440210682602995, 33.9937654023704 ], [ -118.440139939790001, 33.993800750774902 ], [ -118.44006926294, 33.993836098897198 ], [ -118.439998487395002, 33.993871420291903 ], [ -118.439927776873006, 33.993906768453897 ], [ -118.439857033531993, 33.993942061700402 ], [ -118.439714888899999, 33.99401311746 ], [ -118.439636560248999, 33.9940552150386 ], [ -118.439557534607999, 33.994096511838997 ], [ -118.439494358505002, 33.994128040455003 ], [ -118.439423615083996, 33.994163388440398 ], [ -118.439352903924998, 33.994198708319203 ], [ -118.439282160383996, 33.994234056221799 ], [ -118.439211416641001, 33.994269377037597 ], [ -118.439140705308006, 33.994304697693899 ], [ -118.439069961588004, 33.994340045472299 ], [ -118.438999217661006, 33.994375365262499 ], [ -118.438928539843999, 33.9944107127181 ], [ -118.438857762249995, 33.994446033449002 ], [ -118.438787191100005, 33.994481723917602 ], [ -118.438716774083005, 33.994517715798203 ], [ -118.438637935054999, 33.994556994586702 ], [ -118.438567124309998, 33.994592232326099 ], [ -118.438496379533007, 33.9946274706856 ], [ -118.438425535258006, 33.994662735509401 ], [ -118.438354757886998, 33.994697973002502 ], [ -118.438283947049996, 33.994733238522997 ], [ -118.438213168477006, 33.9947684759371 ], [ -118.438142389844998, 33.9948037133098 ], [ -118.438065524711007, 33.994841995575101 ], [ -118.437980873233002, 33.994884673076001 ], [ -118.437895702898004, 33.994926669038101 ], [ -118.437818213160995, 33.994965393359799 ], [ -118.437747468181996, 33.995000713319101 ], [ -118.437676755609999, 33.995036032217698 ], [ -118.437606010511999, 33.9950713520942 ], [ -118.437535297965994, 33.9951066988571 ], [ -118.437464552744004, 33.995142017749302 ], [ -118.437393807754006, 33.995177392494099 ], [ -118.437323094741998, 33.995212684140398 ], [ -118.437245801971002, 33.995251297392599 ], [ -118.437226998485997, 33.9952611408415 ], [ -118.437186214804996, 33.995280839238703 ], [ -118.432475213318, 33.991457839042397 ], [ -118.430886213747002, 33.989196838144899 ], [ -118.429729213154005, 33.989760838960599 ], [ -118.429828497523999, 33.989839625471497 ], [ -118.429759129960999, 33.9898734194554 ], [ -118.429869903997997, 33.989963127647499 ], [ -118.429993730960007, 33.990063395756799 ], [ -118.430108182395003, 33.9901561134673 ], [ -118.430210059266997, 33.990238604742402 ], [ -118.430210228812996, 33.990238742072499 ], [ -118.431114213575995, 33.996385838982 ], [ -118.430900291938997, 33.996399887075199 ], [ -118.430835422727, 33.996402464464801 ], [ -118.430752784684998, 33.996405806636197 ], [ -118.430670179084998, 33.996409144127398 ], [ -118.430631814232996, 33.9964106720969 ], [ -118.430587574420997, 33.9964124545128 ], [ -118.430504968785002, 33.996415787383498 ], [ -118.430422355467996, 33.996419101292702 ], [ -118.430339750803, 33.996422415114502 ], [ -118.430257178578998, 33.996425724256497 ], [ -118.430148146500997, 33.996430113932902 ], [ -118.430058994115001, 33.9964342018772 ], [ -118.429970095461002, 33.996439433798301 ], [ -118.429861500100003, 33.996448146312297 ], [ -118.429779418734995, 33.996454731351797 ], [ -118.429697304887, 33.996461316451096 ], [ -118.429615223496, 33.996467901378999 ], [ -118.429533109622, 33.996474486366701 ], [ -118.429450994513005, 33.996481044256697 ], [ -118.429368914305002, 33.996487656058697 ], [ -118.429286799447993, 33.996494267928099 ], [ -118.429204717993002, 33.996500852576801 ], [ -118.429096123560001, 33.996509565299696 ], [ -118.429007321309996, 33.996516105193798 ], [ -118.428918736013998, 33.996523797311703 ], [ -118.428798169779, 33.996533459257002 ], [ -118.428716055913995, 33.996540070734198 ], [ -118.428633974369006, 33.996546654994702 ], [ -118.428548265060002, 33.996553530655397 ], [ -118.428510251638997, 33.9965560682217 ], [ -118.428484545594003, 33.996558519707001 ], [ -118.428449213207998, 33.996560839480999 ], [ -118.428406755609998, 33.996565936917797 ], [ -118.428381109057, 33.996568381859099 ], [ -118.428251822899, 33.9965824700841 ], [ -118.428235072657003, 33.996584315459003 ], [ -118.428053511642005, 33.996604152313303 ], [ -118.427914048671994, 33.996619280579601 ], [ -118.427825912231995, 33.996628853604903 ], [ -118.427760461098003, 33.9966360102881 ], [ -118.427596909223993, 33.996653843422799 ], [ -118.427367916793003, 33.996678811131503 ], [ -118.427138921907996, 33.9967037486633 ], [ -118.426754258494, 33.996745613574703 ], [ -118.426625606708001, 33.996759613068299 ], [ -118.426496970193, 33.9967736439243 ], [ -118.426446027603006, 33.996779182657001 ], [ -118.426364354628006, 33.996788071852301 ], [ -118.426282678530995, 33.996796988950798 ], [ -118.426207467023005, 33.996805168248102 ], [ -118.426201004301006, 33.996805850993901 ], [ -118.426119297862996, 33.996814768088797 ], [ -118.426037622791995, 33.996823684116102 ], [ -118.425955915901, 33.996832519062501 ], [ -118.425874239574995, 33.996841407937602 ], [ -118.425792567551994, 33.996850294939101 ], [ -118.425710859812, 33.996859185617403 ], [ -118.425330877904997, 33.996900507485499 ], [ -118.425068872965994, 33.996929019306002 ], [ -118.425016083553004, 33.996934755965903 ], [ -118.424934309614002, 33.996943644547898 ], [ -118.424852602756005, 33.996952531035198 ], [ -118.424770861267007, 33.996961422096803 ], [ -118.424689120829001, 33.996970310394701 ], [ -118.424607347903006, 33.996979198751397 ], [ -118.424525639902001, 33.996988086824203 ], [ -118.424443899430003, 33.996996978562102 ], [ -118.424362158937001, 33.997005869342999 ], [ -118.424280453047999, 33.997014757242297 ], [ -118.423903830965997, 33.997055727430499 ], [ -118.423725150129997, 33.997075306940303 ], [ -118.423546104227, 33.997094629628201 ], [ -118.423491928776997, 33.997100507517899 ], [ -118.423261280573001, 33.997125580519103 ], [ -118.423161504186993, 33.997136454906297 ], [ -118.423030698393006, 33.997150679893601 ], [ -118.422800017442995, 33.997175752126999 ], [ -118.422569401296002, 33.997200823692303 ], [ -118.422338752675998, 33.997225921976003 ], [ -118.422107839822999, 33.997251021644097 ], [ -118.421981584739996, 33.997264735536397 ], [ -118.421774517640003, 33.997288486334398 ], [ -118.421714213357006, 33.997294566954402 ], [ -118.421672636916, 33.9972987601125 ], [ -118.421508390016001, 33.997316644212397 ], [ -118.421385273146996, 33.997330035490698 ], [ -118.421263162676993, 33.997343388871897 ], [ -118.421066903408999, 33.997364654870097 ], [ -118.420877865996005, 33.997385099309902 ], [ -118.420681609412995, 33.997406722579903 ], [ -118.420492571946994, 33.997427193461697 ], [ -118.420296279956005, 33.997448486266897 ], [ -118.420294651871998, 33.997448670440299 ], [ -118.420293019476006, 33.997448858234897 ], [ -118.420291391400994, 33.997449044211301 ], [ -118.420289763344002, 33.997449233793802 ], [ -118.420288133122, 33.997449423383799 ], [ -118.420286505074003, 33.997449614769302 ], [ -118.420284877021004, 33.997449805253098 ], [ -118.420283248990998, 33.997450000244598 ], [ -118.420281620948003, 33.997450192531602 ], [ -118.420279994008993, 33.997450389322303 ], [ -118.420278365984004, 33.997450585215198 ], [ -118.420276737972003, 33.997450783812702 ], [ -118.420275109955, 33.997450981508599 ], [ -118.420273484112997, 33.997451181 ], [ -118.420271856119001, 33.997451383203398 ], [ -118.420270230284999, 33.997451584497902 ], [ -118.420268604461, 33.997451787595203 ], [ -118.420266978635993, 33.997451990692603 ], [ -118.420265350665005, 33.997452197403597 ], [ -118.420263724848994, 33.9974524023039 ], [ -118.420262097964994, 33.9974526099126 ], [ -118.420260474331997, 33.997452818411503 ], [ -118.420258848534999, 33.997453026917803 ], [ -118.420257222754998, 33.9974532390302 ], [ -118.420255599135999, 33.9974534502336 ], [ -118.420253973366002, 33.9974536641489 ], [ -118.420252349755998, 33.997453877155301 ], [ -118.420250726158997, 33.997454092866199 ], [ -118.420249102566999, 33.997454309478499 ], [ -118.420247477893, 33.9974545260946 ], [ -118.420245854314004, 33.997454745411503 ], [ -118.420244230739996, 33.9974549656298 ], [ -118.420242609330998, 33.9974551858406 ], [ -118.420240985766, 33.997455407861899 ], [ -118.420239364365997, 33.997455629875702 ], [ -118.420237739727, 33.997455853703798 ], [ -118.420236118345002, 33.997456079323598 ], [ -118.420234496958997, 33.997456304041897 ], [ -118.420232875585995, 33.997456531464699 ], [ -118.420231253138994, 33.997456760694199 ], [ -118.420229631775001, 33.997456989920003 ], [ -118.420228010415997, 33.997457220047302 ], [ -118.420226391235005, 33.9974574528716 ], [ -118.420224768810996, 33.997457686608698 ], [ -118.420223147460007, 33.997457918538899 ], [ -118.420221528297006, 33.997458154969202 ], [ -118.420219909129003, 33.997458390497897 ], [ -118.420218288887995, 33.997458627833403 ], [ -118.420216669729996, 33.9974588651651 ], [ -118.420215050579998, 33.997459104299899 ], [ -118.420213430356995, 33.997459345241403 ], [ -118.420211813391006, 33.997459587974603 ], [ -118.420210193176999, 33.997459830719102 ], [ -118.420208576218997, 33.997460075255297 ], [ -118.420206959260994, 33.9974603197915 ], [ -118.420205339060999, 33.997460565240502 ], [ -118.420203724277002, 33.997460811572097 ], [ -118.420202104099005, 33.997461061528597 ], [ -118.420200489319996, 33.9974613087618 ], [ -118.420198871316003, 33.997461560513798 ], [ -118.420197256554005, 33.997461811352899 ], [ -118.420195638555001, 33.997462064006299 ], [ -118.420194021642004, 33.997462317557499 ], [ -118.420192406908001, 33.997462573805699 ], [ -118.420190793255998, 33.997462830050097 ], [ -118.420189175266003, 33.9974630845064 ], [ -118.420187562706005, 33.997463342550098 ], [ -118.420185946906997, 33.997463602407997 ], [ -118.420184354957001, 33.997463869395098 ], [ -118.420182761920003, 33.997464135484499 ], [ -118.420181169979003, 33.997464404274602 ], [ -118.420179576951, 33.997464672166899 ], [ -118.420177986102004, 33.997464942756203 ], [ -118.420176396339002, 33.997465214243299 ], [ -118.420174803329004, 33.997465485741699 ], [ -118.420173213574998, 33.997465759031797 ], [ -118.420171622739005, 33.997466032325498 ], [ -118.420170031916996, 33.997466308323901 ], [ -118.420168442180994, 33.997466585219897 ], [ -118.420166853531995, 33.997466863013699 ], [ -118.420165262723998, 33.997467141716598 ], [ -118.420163674079006, 33.997467420411802 ], [ -118.420162084371, 33.997467702716897 ], [ -118.420160495744994, 33.997467985018197 ], [ -118.420158907114001, 33.997468266417897 ], [ -118.420157318506, 33.997468552325302 ], [ -118.420155733132006, 33.997468835516699 ], [ -118.420154144533001, 33.997469123226999 ], [ -118.420152558094003, 33.997469410028202 ], [ -118.420150969503993, 33.997469699541497 ], [ -118.420149383074005, 33.997469988145802 ], [ -118.420147796652998, 33.997470278553003 ], [ -118.420146211323996, 33.997470570759504 ], [ -118.420144624911998, 33.997470862969699 ], [ -118.420143038513999, 33.997471157884398 ], [ -118.420141452115999, 33.997471452799203 ], [ -118.420139867887002, 33.9974717486079 ], [ -118.420138283658005, 33.997472044416597 ], [ -118.420136699446999, 33.997472343831198 ], [ -118.420135115235993, 33.997472643245999 ], [ -118.420133531035006, 33.997472944463702 ], [ -118.420131946827993, 33.997473244779897 ], [ -118.420130364800002, 33.997473547793 ], [ -118.420128780602994, 33.997473849912197 ], [ -118.420127198592994, 33.997474156531403 ], [ -118.420125616570004, 33.997474460446 ], [ -118.420124034563997, 33.9974747679667 ], [ -118.420122452563007, 33.997475076388902 ], [ -118.420120870567004, 33.997475385712498 ], [ -118.420119288570007, 33.997475695036201 ], [ -118.420117708747995, 33.997476006155203 ], [ -118.420116128933998, 33.9974763190774 ], [ -118.420114549120996, 33.997476631999497 ], [ -118.420112967150999, 33.997476946732199 ], [ -118.420111387356002, 33.997477263260301 ], [ -118.420109808643005, 33.9974775797847 ], [ -118.420108228846999, 33.997477896312702 ], [ -118.42010665123, 33.997478215537797 ], [ -118.420105073616995, 33.997478535664399 ], [ -118.420103493835001, 33.997478854896997 ], [ -118.420101915158, 33.997479178633299 ], [ -118.420100337549997, 33.997479499661402 ], [ -118.420098762129001, 33.997479825189401 ], [ -118.420097184539003, 33.997480149823502 ], [ -118.42009560804, 33.997480476256797 ], [ -118.420094032623993, 33.997480802686297 ], [ -118.420092455060995, 33.997481132729497 ], [ -118.420090878574996, 33.997481461867203 ], [ -118.420089305350999, 33.997481793698199 ], [ -118.420087729952996, 33.997482123733803 ], [ -118.420086153485002, 33.997482456477599 ], [ -118.42008458027, 33.997482790111498 ], [ -118.420083005980999, 33.997483125552399 ], [ -118.420081432775007, 33.997483460989301 ], [ -118.420079859577001, 33.997483798229297 ], [ -118.420078285301997, 33.997484136374602 ], [ -118.420076714277997, 33.997484475409998 ], [ -118.420075140012003, 33.997484815358298 ], [ -118.420073569005993, 33.997485157999797 ], [ -118.420071996914004, 33.997485499743497 ], [ -118.420070425912996, 33.997485843286398 ], [ -118.420068853828994, 33.9974861868331 ], [ -118.420067282841998, 33.997486533080597 ], [ -118.420065719467004, 33.997486886513798 ], [ -118.420064153932003, 33.997487240856003 ], [ -118.420062588397002, 33.997487595198301 ], [ -118.420061025039999, 33.997487952237499 ], [ -118.420059459523003, 33.997488310185702 ], [ -118.420057897248995, 33.997488667221099 ], [ -118.420056333906004, 33.9974890269648 ], [ -118.420054772732001, 33.997489387602499 ], [ -118.420053209393004, 33.997489748247702 ], [ -118.420051646076999, 33.997490113400403 ], [ -118.420050084912006, 33.997490475841097 ], [ -118.420048523765004, 33.997490841887803 ], [ -118.420046962610002, 33.9974912061314 ], [ -118.420045401471995, 33.997491573981101 ], [ -118.420043842498998, 33.997491941823199 ], [ -118.420042281370002, 33.997492311475902 ], [ -118.420040722414996, 33.997492682923998 ], [ -118.420039161282006, 33.9974930516751 ], [ -118.420037602335995, 33.997493424926198 ], [ -118.420036044480995, 33.997493799976702 ], [ -118.420034485531005, 33.997494172326199 ], [ -118.420032926603, 33.997494549183401 ], [ -118.420031369835002, 33.997494925131498 ], [ -118.420029813081001, 33.997495303784099 ], [ -118.420028256321999, 33.997495681535199 ], [ -118.420026699581996, 33.997496062892303 ], [ -118.420025143919005, 33.997496443344097 ], [ -118.420023589351999, 33.997496826496601 ], [ -118.420022032621006, 33.9974972096567 ], [ -118.420020476971999, 33.997497592812998 ], [ -118.420018922422997, 33.997497979571598 ], [ -118.420017370029996, 33.9974983645196 ], [ -118.420015815490004, 33.997498753081203 ], [ -118.420014259862995, 33.997499140744999 ], [ -118.420012709652994, 33.997499529291503 ], [ -118.420011155130993, 33.997499921459003 ], [ -118.420009601692001, 33.997500313622901 ], [ -118.420008051495003, 33.9975007048739 ], [ -118.420006498074002, 33.997501100643703 ], [ -118.420004947886, 33.997501493697598 ], [ -118.420003396634002, 33.997501890361399 ], [ -118.420001846469006, 33.997502287922899 ], [ -118.420000295226004, 33.997502686389602 ], [ -118.419998747229997, 33.997503084845 ], [ -118.419997198160999, 33.997503485107302 ], [ -118.419995650182997, 33.997503887168698 ], [ -118.419994098963002, 33.997504290142999 ], [ -118.419992553159005, 33.9975046939999 ], [ -118.419991004102997, 33.997505096966599 ], [ -118.419989457225995, 33.997505502630297 ], [ -118.419987909274994, 33.997505910100799 ], [ -118.419986362415997, 33.997506319370501 ], [ -118.419984816630006, 33.9975067268334 ], [ -118.419983271939003, 33.9975071369971 ], [ -118.419981725089002, 33.997507548069699 ], [ -118.419980180408004, 33.997507960036401 ], [ -118.419978636813994, 33.997508372900803 ], [ -118.419977092142005, 33.997508786670402 ], [ -118.419975547478998, 33.997509202243101 ], [ -118.419974002819998, 33.997509618717203 ], [ -118.419972461412996, 33.9975100360816 ], [ -118.419970918923994, 33.997510453449699 ], [ -118.419969376452997, 33.997510874423902 ], [ -118.419967836137005, 33.997511293587401 ], [ -118.419966291509994, 33.997511716372102 ], [ -118.419964751213001, 33.997512139141698 ], [ -118.419963210925005, 33.997512563714203 ], [ -118.419961670635999, 33.9975129882868 ], [ -118.419960130351996, 33.997513413760899 ], [ -118.419958592238004, 33.997513840129002 ], [ -118.419957051975999, 33.997514270110599 ], [ -118.419955513866, 33.997514697380097 ], [ -118.419953975778, 33.9975151291572 ], [ -118.419952437676997, 33.997515558229701 ], [ -118.419950899599002, 33.997515991809799 ], [ -118.419949363689, 33.997516426283902 ], [ -118.419947827770997, 33.997516858954803 ], [ -118.419946291871, 33.997517295231802 ], [ -118.419944755974996, 33.997517732410401 ], [ -118.419943221156998, 33.997518168683598 ], [ -118.419941685275006, 33.9975186085667 ], [ -118.419940060515003, 33.997519024417599 ], [ -118.419938435747, 33.997519438465503 ], [ -118.419936811000994, 33.997519857020897 ], [ -118.419935186258996, 33.9975202764778 ], [ -118.419933565847998, 33.997520695919597 ], [ -118.419931941114996, 33.997521117179502 ], [ -118.419930318547003, 33.997521538431897 ], [ -118.419928697071001, 33.9975219614835 ], [ -118.419927074512003, 33.997522384538797 ], [ -118.419925454131999, 33.997522810291201 ], [ -118.419923833747006, 33.997523235141998 ], [ -118.419922213380005, 33.997523663598798 ], [ -118.419920591926001, 33.997524091157899 ], [ -118.419918973733004, 33.997524521410199 ], [ -118.419917355536001, 33.997524950760997 ], [ -118.419915734103995, 33.997525382827497 ], [ -118.419914118090006, 33.997525815776797 ], [ -118.419912499915, 33.997526249635101 ], [ -118.419910882826002, 33.997526684391097 ], [ -118.419909266820994, 33.9975271191433 ], [ -118.419907649750002, 33.9975275575053 ], [ -118.419906033754003, 33.997527994060597 ], [ -118.419904418857001, 33.997528434217998 ], [ -118.419902805042994, 33.997528874371802 ], [ -118.419901189073997, 33.997529316335999 ], [ -118.419899576351, 33.997529758288898 ], [ -118.419897961472998, 33.997530202052403 ], [ -118.419896349845999, 33.997530646706103 ], [ -118.419894734977007, 33.997531092272503 ], [ -118.419893123362996, 33.9975315396307 ], [ -118.419891512828002, 33.997531986083601 ], [ -118.419889900141996, 33.997532435248601 ], [ -118.419888290706993, 33.997532885303599 ], [ -118.419886680193997, 33.997533336264098 ], [ -118.419885069686003, 33.997533788125899 ], [ -118.419883459185996, 33.997534241790802 ], [ -118.419881851933994, 33.997534695444401 ], [ -118.419880243609001, 33.997535150904802 ], [ -118.419878635288001, 33.997535607266599 ], [ -118.419877026970994, 33.997536064530003 ], [ -118.419875420823999, 33.997536522687199 ], [ -118.419873814680997, 33.997536981746102 ], [ -118.419872208548, 33.9975374426079 ], [ -118.419870603505998, 33.997537905268999 ], [ -118.419868999545997, 33.997538367926197 ], [ -118.419867393424994, 33.997538831492598 ], [ -118.419865789484007, 33.9975392977559 ], [ -118.419864185536994, 33.997539763117601 ], [ -118.419768507162999, 33.997572203125799 ], [ -118.419767984231001, 33.997572392463397 ], [ -118.419736404949006, 33.997584211403201 ], [ -118.419651456067996, 33.997618763254103 ], [ -118.419623593739004, 33.997631019104098 ], [ -118.419619176645, 33.997632998901601 ], [ -118.419591537190996, 33.997645668674103 ], [ -118.419591319065006, 33.9976457722072 ], [ -118.419561704079001, 33.997659925551403 ], [ -118.419532397425996, 33.997674482604701 ], [ -118.419532072446998, 33.997674646911697 ], [ -118.419462778590002, 33.997711444917599 ], [ -118.419461428283, 33.997712198784399 ], [ -118.419460076888996, 33.9977129517533 ], [ -118.419458727663994, 33.997713705616299 ], [ -118.419457379530996, 33.997714461278498 ], [ -118.419456030320006, 33.997715217845901 ], [ -118.419454683273997, 33.9977159744058 ], [ -118.419453337323006, 33.9977167336665 ], [ -118.419451990295002, 33.997717493832504 ], [ -118.419450645422003, 33.997718252187902 ], [ -118.419449300568004, 33.997719014149297 ], [ -118.419447955712997, 33.997719776110699 ], [ -118.419446613022998, 33.997720538064598 ], [ -118.419445270341996, 33.9977213018215 ], [ -118.419443929834998, 33.9977220673739 ], [ -118.419442589328, 33.9977228329263 ], [ -118.419441248829997, 33.997723600281603 ], [ -118.419439910497005, 33.997724367629502 ], [ -118.419438572171998, 33.997725136780403 ], [ -118.419437233842999, 33.997725905029696 ], [ -118.419435896601001, 33.997726674176803 ], [ -118.419434558294995, 33.997727446933702 ], [ -118.419433224314005, 33.9977282187741 ], [ -118.419431889254, 33.997728991519601 ], [ -118.419430555282005, 33.997729765163001 ], [ -118.419429223479, 33.9977305397002 ], [ -118.419427888433006, 33.997731315150297 ], [ -118.419426558807999, 33.997732092384602 ], [ -118.419425225935996, 33.997732869630198 ], [ -118.419423896316005, 33.997733647765997 ], [ -118.419422567781993, 33.997734426799497 ], [ -118.419421238175005, 33.997735207639799 ], [ -118.419419911814998, 33.997735988468797 ], [ -118.419418583291005, 33.997736769305298 ], [ -118.419417258031004, 33.997737553736698 ], [ -118.419415931689997, 33.9977383381717 ], [ -118.419414605347995, 33.997739122606703 ], [ -118.419413281171003, 33.997739907034202 ], [ -118.419411959163, 33.997740692355599 ], [ -118.419410636094995, 33.997741482188403 ], [ -118.419409315183003, 33.997742270210701 ], [ -118.419407994267004, 33.997743057331299 ], [ -118.419406674455004, 33.9977438489558 ], [ -118.419405354638997, 33.9977446396788 ], [ -118.419404034828005, 33.997745431303301 ], [ -118.419402716102994, 33.997746223825501 ], [ -118.419401398464998, 33.997747017245402 ], [ -118.419400083005996, 33.997747813362402 ], [ -118.419398767537004, 33.9977486076763 ], [ -118.419397454242002, 33.997749403785697 ], [ -118.419396137700005, 33.997750199906399 ], [ -118.419394824422994, 33.9977509996218 ], [ -118.419393513307, 33.997751798428197 ], [ -118.419392201112004, 33.997752598139897 ], [ -118.419390892173993, 33.997753399643301 ], [ -118.419389579983999, 33.997754200256402 ], [ -118.419388271054004, 33.997755003562801 ], [ -118.419386961043003, 33.997755806873002 ], [ -118.419385654286998, 33.9977566119749 ], [ -118.419384346448993, 33.9977574170805 ], [ -118.419383041854005, 33.997758221273301 ], [ -118.419381736198005, 33.997759029977402 ], [ -118.419380430538993, 33.997759837780102 ], [ -118.419379128130998, 33.997760646472898 ], [ -118.419377824644997, 33.997761456070997 ], [ -118.419376521163002, 33.997762266570597 ], [ -118.419375201495001, 33.997763087043303 ], [ -118.419373881832001, 33.997763908417497 ], [ -118.419372562174004, 33.997764730693198 ], [ -118.419371244697999, 33.997765556567401 ], [ -118.419369927212998, 33.997766380638502 ], [ -118.419368609732004, 33.997767205611197 ], [ -118.419367293338993, 33.997768031481598 ], [ -118.419365978032005, 33.997768858249799 ], [ -118.419364664903995, 33.997769687715 ], [ -118.419363351770997, 33.997770516278599 ], [ -118.419362039719999, 33.997771344838497 ], [ -118.419360728775004, 33.997772177902199 ], [ -118.419359416733002, 33.997773008265 ], [ -118.419358107948, 33.997773840419597 ], [ -118.419356798088998, 33.997774674380999 ], [ -118.419355489311997, 33.997775508338599 ], [ -118.419354181627, 33.997776344095499 ], [ -118.419352875024998, 33.997777179848597 ], [ -118.419351569512997, 33.997778017400996 ], [ -118.419350264002006, 33.997778854953303 ], [ -118.419348959581995, 33.997779694304903 ], [ -118.419347656252995, 33.997780535455803 ], [ -118.419346352925004, 33.997781376606603 ], [ -118.419345051755997, 33.9977822168484 ], [ -118.419343750601996, 33.997783059794699 ], [ -118.419342452703006, 33.997783904532803 ], [ -118.419341153708004, 33.997784746569998 ], [ -118.419339854735995, 33.997785593114898 ], [ -118.419338557923993, 33.997786438750701 ], [ -118.419337260039001, 33.997787286193201 ], [ -118.419335963240997, 33.997788134533501 ], [ -118.419334668602005, 33.997788981964803 ], [ -118.419333373973004, 33.997789831199 ], [ -118.419332081522001, 33.997790683130297 ], [ -118.419330789067004, 33.9977915341601 ], [ -118.419329497703004, 33.997792386989097 ], [ -118.419328205257003, 33.997793239821803 ], [ -118.419326917148993, 33.997794094442497 ], [ -118.419325625794002, 33.997794949074603 ], [ -118.419324339859998, 33.997795805490803 ], [ -118.419323050678003, 33.997796661918301 ], [ -118.419321764749, 33.997797519235903 ], [ -118.419320479906006, 33.997798377451403 ], [ -118.419319196154007, 33.997799237466097 ], [ -118.419317911319993, 33.9978000974846 ], [ -118.419316626490996, 33.997800958404603 ], [ -118.419315344913002, 33.997801820214697 ], [ -118.419314064423006, 33.997802682922597 ], [ -118.419312783945003, 33.997803548335099 ], [ -118.419311503453997, 33.997804411042999 ], [ -118.419310222982006, 33.997805277357003 ], [ -118.419308946843003, 33.997806144557302 ], [ -118.419307668534998, 33.997807010863802 ], [ -118.419306392400003, 33.997807878965602 ], [ -118.419305116274998, 33.997808748870597 ], [ -118.419303842318996, 33.997809619669503 ], [ -118.419302568358006, 33.997810489566803 ], [ -118.419301296571007, 33.9978113612597 ], [ -118.419300024793003, 33.9978122347556 ], [ -118.419298753015994, 33.997813108251499 ], [ -118.419297482315002, 33.997813980842103 ], [ -118.419296214875999, 33.997814856125899 ], [ -118.419294945280996, 33.9978157332203 ], [ -118.419272866146997, 33.9978312378528 ], [ -118.419264335974006, 33.997837338406903 ], [ -118.419247930267005, 33.997849281203798 ], [ -118.419238498577002, 33.997856271995801 ], [ -118.419221631324007, 33.997868992611998 ], [ -118.419215123998001, 33.997873980857001 ], [ -118.419195753161006, 33.997889083901001 ], [ -118.419193619576006, 33.997890779882198 ], [ -118.419191057968007, 33.997892813621696 ], [ -118.419170332687003, 33.997909576579801 ], [ -118.419169546855997, 33.997910223904903 ], [ -118.419145322006997, 33.997930416723001 ], [ -118.419139171156004, 33.997935695822299 ], [ -118.419079060008997, 33.997989571898998 ], [ -118.419063712869004, 33.998004548257697 ], [ -118.419063284200007, 33.998004973466401 ], [ -118.419048625330007, 33.998019706724101 ], [ -118.419047793946007, 33.9980205525437 ], [ -118.419019501457996, 33.998050281445899 ], [ -118.419014463284995, 33.998055773043397 ], [ -118.418994521363999, 33.9980763836964 ], [ -118.418993678267, 33.998077268322199 ], [ -118.418991871472997, 33.998079163305398 ], [ -118.418975259735006, 33.998096888307998 ], [ -118.418970881608004, 33.99810168794 ], [ -118.418953563947994, 33.9981208902974 ], [ -118.418953408955005, 33.998121064831103 ], [ -118.418913507625007, 33.9981676746335 ], [ -118.418896653575999, 33.998188464775097 ], [ -118.418785492357998, 33.998324760186101 ], [ -118.418674101725998, 33.998461139231402 ], [ -118.418563072110004, 33.998597488974298 ], [ -118.418451679805997, 33.998733894866 ], [ -118.418340320556993, 33.998870273494298 ], [ -118.418229257522995, 33.999006650993202 ], [ -118.418122488707994, 33.9991375177705 ], [ -118.418120952454004, 33.999139408197301 ], [ -118.418065212269994, 33.9992068402941 ], [ -118.416070211751006, 34.0005038401627 ], [ -118.414372475112998, 34.003666350292299 ], [ -118.414335929578996, 34.0036016131941 ], [ -118.414246255807996, 34.003442738306603 ], [ -118.414243260386002, 34.003437444871601 ], [ -118.414239420716001, 34.003435012192298 ], [ -118.414116525192, 34.0033562406079 ], [ -118.414108415588004, 34.003351047658199 ], [ -118.413985785240001, 34.003272439111001 ], [ -118.413977410718005, 34.003267082080903 ], [ -118.413855044605995, 34.0031886654237 ], [ -118.413846406111006, 34.003183116361697 ], [ -118.413724305179002, 34.003104863644502 ], [ -118.413715401904994, 34.003099178447897 ], [ -118.413593566284007, 34.003021116716504 ], [ -118.413584397823996, 34.003015212445298 ], [ -118.413462827242, 34.002937286707898 ], [ -118.413453426616002, 34.0029312741366 ], [ -118.413368845641003, 34.002877098672499 ], [ -118.413322426419001, 34.0028473303773 ], [ -118.411653211046996, 34.001776840888297 ], [ -118.411451067936, 34.001648149485 ], [ -118.411384144493994, 34.001605240198401 ], [ -118.411357931655999, 34.001588457367198 ], [ -118.411266251488001, 34.001529663551601 ], [ -118.411226932169996, 34.0015044617681 ], [ -118.411148358689005, 34.001454085888597 ], [ -118.411095965553002, 34.001420492962197 ], [ -118.411030466108997, 34.001378509012198 ], [ -118.410964999203003, 34.001336524916198 ], [ -118.410912606213998, 34.001302931910502 ], [ -118.410834000638005, 34.001252555937498 ], [ -118.410794714054006, 34.001227353903097 ], [ -118.410703035758999, 34.001168559657401 ], [ -118.410572103880995, 34.001084617216101 ], [ -118.410558963938001, 34.001076199232699 ], [ -118.410441072417001, 34.001000620880902 ], [ -118.410323181113, 34.000925043315902 ], [ -118.410310074771004, 34.0009166242898 ], [ -118.41020532249, 34.000849464624103 ], [ -118.410179109992995, 34.0008326544922 ], [ -118.410087432561994, 34.000773859780303 ], [ -118.410048113005004, 34.000748684663101 ], [ -118.409917149701997, 34.000664687532897 ], [ -118.409820861148006, 34.000602955763902 ], [ -118.409743325275002, 34.000553247096398 ] ] ] } },
{ "type": "Feature", "properties": { "objectid": 24, "name": "Downtown", "area_sqmi": 5.8299571542074604, "source_url": "https://services5.arcgis.com/7nsPwEMP38bSkCjy/arcgis/rest/services/LA_Times_Neighborhoods/FeatureServer/0", "fetched_at": "2025-12-07T08:52:51.283518" }, "geometry": { "type": "Polygon", "coordinates": [ [ [ -118.244496972256002, 34.061310655737103 ], [ -118.243758972872996, 34.060687657383603 ], [ -118.243450971870004, 34.060904656725299 ], [ -118.243363973032999, 34.060432656442899 ], [ -118.239413971543996, 34.058327658248402 ], [ -118.237249971449998, 34.058243658965999 ], [ -118.230968970888, 34.056449659608603 ], [ -118.227140968913005, 34.055078661131397 ], [ -118.228821969170994, 34.053105661492403 ], [ -118.229011969378007, 34.0531336616583 ], [ -118.228831969452997, 34.053082661649597 ], [ -118.230206970108995, 34.047637665483002 ], [ -118.223966966232993, 34.020038681540598 ], [ -118.223620965639, 34.017547682662197 ], [ -118.223234965192006, 34.017442683042098 ], [ -118.222586071088003, 34.015007080442601 ], [ -118.222585966105001, 34.015006684865398 ], [ -118.222807429617006, 34.015005832739298 ], [ -118.222856981045993, 34.015005831419799 ], [ -118.222894029318994, 34.015005830629697 ], [ -118.223071261607004, 34.015005063291198 ], [ -118.223105974285005, 34.0150049170987 ], [ -118.223135968663001, 34.015083464961599 ], [ -118.223268965607005, 34.015432683664002 ], [ -118.223269315275004, 34.015432676706602 ], [ -118.223269335989002, 34.015432730759898 ], [ -118.223299944367, 34.015432084543001 ], [ -118.223578965366997, 34.015426684491203 ], [ -118.223566969467996, 34.015038207734001 ], [ -118.223565975368004, 34.015005684256003 ], [ -118.225569966085999, 34.015000684002402 ], [ -118.225580965386996, 34.015382684060299 ], [ -118.227374965676006, 34.015344684157597 ], [ -118.227532720881996, 34.014984557380998 ], [ -118.227631825649993, 34.014984068521002 ], [ -118.227676239526005, 34.014983874772099 ], [ -118.227734579903995, 34.014983572694597 ], [ -118.227983152259995, 34.014982388565201 ], [ -118.228114121402996, 34.0149817841302 ], [ -118.228245749777003, 34.014981149457803 ], [ -118.228377378226995, 34.014980543490601 ], [ -118.228509009847002, 34.014979909426401 ], [ -118.228640635044997, 34.014979303178201 ], [ -118.228772262407006, 34.0149786967824 ], [ -118.228903890623002, 34.014978007300897 ], [ -118.229035519137, 34.014977427661698 ], [ -118.229167115020999, 34.0149767929476 ], [ -118.229298742374993, 34.014976185977702 ], [ -118.229430368568003, 34.014975550919097 ], [ -118.229555399560994, 34.0149749562067 ], [ -118.229557282223993, 34.014974952626403 ], [ -118.229561999165995, 34.014974943656 ], [ -118.229611495669005, 34.014974656588301 ], [ -118.230073496158994, 34.014971825092502 ], [ -118.230337478449002, 34.014970249737402 ], [ -118.230983131246006, 34.014962036356401 ], [ -118.230997385543006, 34.014961844099801 ], [ -118.231360287887, 34.014957218423497 ], [ -118.232186633813001, 34.014946700334299 ], [ -118.232285624862996, 34.014945437967199 ], [ -118.232780547597002, 34.014939126779602 ], [ -118.233418017760997, 34.014930997290499 ], [ -118.233945246060998, 34.014924837023003 ], [ -118.234105908805006, 34.014922959585597 ], [ -118.234616111235994, 34.014916994386198 ], [ -118.234814093807003, 34.014914685557699 ], [ -118.235060912736998, 34.014911815224401 ], [ -118.235555835523002, 34.014906040785696 ], [ -118.236494208462005, 34.014895081615002 ], [ -118.237018565382002, 34.014888969443199 ], [ -118.237409087036994, 34.014884409279396 ], [ -118.237986315960995, 34.014877664215398 ], [ -118.238062430054001, 34.014876773973803 ], [ -118.239303154081, 34.014862256411 ], [ -118.239576367636005, 34.014859635541903 ], [ -118.239579209427006, 34.014859608265098 ], [ -118.239406969555006, 34.020036680162299 ], [ -118.243100968934996, 34.020746679954797 ], [ -118.244965969350005, 34.0215986794976 ], [ -118.245057969650006, 34.021484679300201 ], [ -118.250318971468005, 34.024607677334501 ], [ -118.258966972498996, 34.0286246741911 ], [ -118.259121972572004, 34.0285386746989 ], [ -118.263379973528998, 34.030670673180097 ], [ -118.263466973660002, 34.030554673785502 ], [ -118.265614973723999, 34.031532672254002 ], [ -118.265528973773996, 34.031650672402797 ], [ -118.267365974553002, 34.032476671055399 ], [ -118.267423774091, 34.032392790041399 ], [ -118.267447973878006, 34.032357671442497 ], [ -118.268214973921005, 34.032702671227803 ], [ -118.268135974754003, 34.0328236715076 ], [ -118.274156976376005, 34.035461669746098 ], [ -118.273777975819002, 34.038119668568498 ], [ -118.273988976300998, 34.038131668029699 ], [ -118.273602124384993, 34.040646629640001 ], [ -118.273537976664997, 34.0410636668705 ], [ -118.2730019758, 34.042562665079501 ], [ -118.272009671177003, 34.044064601876599 ], [ -118.271860976107007, 34.0442896639005 ], [ -118.271610681964006, 34.044506124726396 ], [ -118.270557737093, 34.045416734339099 ], [ -118.269907976675, 34.0459786644141 ], [ -118.268733716819, 34.046666694345703 ], [ -118.266513375404003, 34.047967653326097 ], [ -118.260882974262998, 34.051266660971898 ], [ -118.261352975226004, 34.051549661031601 ], [ -118.260092975258999, 34.052358660503501 ], [ -118.260018903529996, 34.052435515003502 ], [ -118.259533974286001, 34.052938660072897 ], [ -118.259894975099996, 34.053239660190798 ], [ -118.259696974251, 34.053150659735003 ], [ -118.255129973722006, 34.058002657516703 ], [ -118.254075974483001, 34.059216657281901 ], [ -118.251924974071997, 34.0625696550605 ], [ -118.249084973861002, 34.0652676537849 ], [ -118.244496972256002, 34.061310655737103 ] ] ] } },
{ "type": "Feature", "properties": { "objectid": 25, "name": "Eagle Rock", "area_sqmi": 4.2771425353865808, "source_url": "https://services5.arcgis.com/7nsPwEMP38bSkCjy/arcgis/rest/services/LA_Times_Neighborhoods/FeatureServer/0", "fetched_at": "2025-12-07T08:52:51.283518" }, "geometry": { "type": "Polygon", "coordinates": [ [ [ -118.198203232663005, 34.151601645226499 ], [ -118.198207187158005, 34.149049869449499 ], [ -118.198180888474994, 34.149049935098503 ], [ -118.198180889471004, 34.149049898134002 ], [ -118.198180899899, 34.1490488081648 ], [ -118.198107890884003, 34.149049037803202 ], [ -118.197570784660002, 34.149050569399499 ], [ -118.196957585470003, 34.149052318154801 ], [ -118.195466259428997, 34.149056580222798 ], [ -118.194892796041003, 34.149058203771901 ], [ -118.183902932245999, 34.149085837664003 ], [ -118.183890201685998, 34.149085728108297 ], [ -118.183892606995002, 34.149065619389901 ], [ -118.184225184867998, 34.1462848694039 ], [ -118.184278966777001, 34.146149024875797 ], [ -118.184333656657003, 34.1460109828082 ], [ -118.184361692829995, 34.145940264479201 ], [ -118.184364169269998, 34.145933814750997 ], [ -118.184553946647, 34.1454544638678 ], [ -118.184571854142007, 34.145409857590003 ], [ -118.184572960553993, 34.145407101721503 ], [ -118.184572756372006, 34.145406951477398 ], [ -118.184573184453001, 34.145405869887298 ], [ -118.182313184281995, 34.1437388699606 ], [ -118.182312764689001, 34.143735899145 ], [ -118.182323890397996, 34.143478868315498 ], [ -118.182324041090993, 34.143475379160797 ], [ -118.182271874522002, 34.143446219348 ], [ -118.182218184402998, 34.143065869257399 ], [ -118.181176183831994, 34.142203869899397 ], [ -118.180774000569997, 34.141315508619599 ], [ -118.180771137961003, 34.141305399518899 ], [ -118.180445729016995, 34.141015806161803 ], [ -118.180444642680996, 34.1410148395383 ], [ -118.180534274918998, 34.140797761163 ], [ -118.180552356261998, 34.140802484329697 ], [ -118.180633667546005, 34.140819712839097 ], [ -118.180716028364003, 34.140830900364897 ], [ -118.180798988608998, 34.1408359880771 ], [ -118.180882099320002, 34.1408349459942 ], [ -118.181219628782998, 34.140828478674202 ], [ -118.181277916783003, 34.140828460703197 ], [ -118.181889725722002, 34.140701800629103 ], [ -118.181909328051006, 34.1406899619722 ], [ -118.181922960822007, 34.140682246885802 ], [ -118.182034437694, 34.140619613759 ], [ -118.183140183822005, 34.1402648687761 ], [ -118.184221766272003, 34.139504911134203 ], [ -118.184223834174006, 34.139505036000401 ], [ -118.184330590488997, 34.139510835998102 ], [ -118.184340174815006, 34.139511206337701 ], [ -118.184577076509001, 34.139520352417001 ], [ -118.184692328026003, 34.139526249111199 ], [ -118.184703942336995, 34.139521359489798 ], [ -118.184728452406006, 34.139511040071298 ], [ -118.184905184667997, 34.139557868599297 ], [ -118.185695184897995, 34.139037868613499 ], [ -118.185685483876995, 34.138880020821198 ], [ -118.185685744618993, 34.138879770696498 ], [ -118.185686543068996, 34.138879003168199 ], [ -118.185685116019002, 34.138874026201101 ], [ -118.185684184611006, 34.138858869279098 ], [ -118.185407184857993, 34.138845868820702 ], [ -118.185538184793003, 34.138570869281999 ], [ -118.185536184067004, 34.137339868827603 ], [ -118.185808183937993, 34.1373728690318 ], [ -118.185799711439003, 34.137318486342899 ], [ -118.185897466220993, 34.137311621450003 ], [ -118.185897421251994, 34.137288965128803 ], [ -118.185897414378005, 34.1372853869605 ], [ -118.185896759409005, 34.136964572545203 ], [ -118.185896752535001, 34.136960994376899 ], [ -118.185896601118003, 34.136878289004301 ], [ -118.185896594243999, 34.136874710836103 ], [ -118.185900107679998, 34.136759954888099 ], [ -118.185899942559999, 34.136539471171403 ], [ -118.185899940012007, 34.136539300785998 ], [ -118.185899937854003, 34.136535892999902 ], [ -118.185898069836, 34.136476927594202 ], [ -118.185899184196003, 34.136475868383897 ], [ -118.185899184416996, 34.136187868715702 ], [ -118.185218308501007, 34.136072889452301 ], [ -118.185230525319, 34.136022106393298 ], [ -118.185237841434997, 34.135992280632898 ], [ -118.185248680588998, 34.135947529126099 ], [ -118.185259912945995, 34.135901155160603 ], [ -118.185290535646004, 34.135776904225501 ], [ -118.185342137700005, 34.135561474476802 ], [ -118.185370430516002, 34.135444673744701 ], [ -118.185385303681002, 34.135386203745298 ], [ -118.185411598274996, 34.135277237672803 ], [ -118.185442143426002, 34.135148535056501 ], [ -118.185452068938005, 34.135109888302097 ], [ -118.185491066148998, 34.134946491690499 ], [ -118.185497850483998, 34.134921393460502 ], [ -118.185530196195003, 34.134784884402798 ], [ -118.185543427050007, 34.134731005700502 ], [ -118.185631514440999, 34.134576659889603 ], [ -118.185681317803002, 34.134489310640497 ], [ -118.185687901332997, 34.134477814114597 ], [ -118.185694813821002, 34.134465548076598 ], [ -118.185702516020996, 34.134452016877901 ], [ -118.185773419632994, 34.134327291935797 ], [ -118.185814959449004, 34.134254189612101 ], [ -118.185849884326998, 34.134192610903497 ], [ -118.185909736111, 34.134087136146 ], [ -118.186109184263998, 34.133736868229498 ], [ -118.186109038739005, 34.133736756663602 ], [ -118.186109166169004, 34.133736531986102 ], [ -118.185762757559999, 34.133470466626299 ], [ -118.185722208222003, 34.1334392854572 ], [ -118.185697745979994, 34.133420499962298 ], [ -118.185491292346995, 34.133261797601897 ], [ -118.185340482794004, 34.133145876508102 ], [ -118.185248759436007, 34.133075368592799 ], [ -118.185018110528006, 34.132898072356703 ], [ -118.184833671369006, 34.132756289382897 ], [ -118.184823608605996, 34.132748556106002 ], [ -118.184484522985997, 34.1324879436931 ], [ -118.184363970562998, 34.132395304135301 ], [ -118.184168677209001, 34.1322452110631 ], [ -118.184150339438006, 34.132231114707302 ], [ -118.184136999382005, 34.132220885517903 ], [ -118.183955699576003, 34.132081548594599 ], [ -118.183772994042997, 34.1319411289954 ], [ -118.183636124312997, 34.1318359010967 ], [ -118.18350488083, 34.131734786304598 ], [ -118.183392969319002, 34.131648755315197 ], [ -118.183275464258003, 34.131558417974396 ], [ -118.183273909806999, 34.131557514292197 ], [ -118.183217407529995, 34.131514101055501 ], [ -118.183107580951003, 34.131429357636101 ], [ -118.183024203414007, 34.131365650976299 ], [ -118.182967667971994, 34.131321825673801 ], [ -118.182934038168995, 34.1312959368096 ], [ -118.182830035413005, 34.131215849750603 ], [ -118.182829972427996, 34.131215801163201 ], [ -118.182834693163002, 34.130911686745002 ], [ -118.182835560414006, 34.130854667178198 ], [ -118.182835993105996, 34.1308259788931 ], [ -118.182843570006995, 34.1303318443859 ], [ -118.182847590806006, 34.130069588232899 ], [ -118.182852365477999, 34.129758471546502 ], [ -118.182852418647997, 34.129755024911603 ], [ -118.182813497205998, 34.129670773470203 ], [ -118.185459183202994, 34.128875867527903 ], [ -118.185567183532996, 34.128641867969101 ], [ -118.187442183914996, 34.128173867643198 ], [ -118.189258184877005, 34.132088868355197 ], [ -118.190199184894993, 34.131400867908603 ], [ -118.190101184742005, 34.131189868059202 ], [ -118.190735761084994, 34.131325052868199 ], [ -118.190850870816007, 34.131349574947301 ], [ -118.190899184472002, 34.1313598680727 ], [ -118.191040151650995, 34.1312861507108 ], [ -118.191444184583005, 34.1310748677395 ], [ -118.191331184511, 34.130562867653502 ], [ -118.191807443865002, 34.1303537563047 ], [ -118.191848184912004, 34.130335867469903 ], [ -118.191989973643999, 34.130167358865101 ], [ -118.192177185359995, 34.129944867201502 ], [ -118.192215154199999, 34.129937407059401 ], [ -118.193826185603001, 34.1296208671099 ], [ -118.194150184630999, 34.127647867347498 ], [ -118.194425185390003, 34.127103866724497 ], [ -118.194421185371993, 34.126561867008597 ], [ -118.198204185682002, 34.126449866829702 ], [ -118.198624185797001, 34.127180866724203 ], [ -118.199671186158, 34.126928866607898 ], [ -118.200163186393993, 34.127228866911501 ], [ -118.200887185713, 34.126159866518996 ], [ -118.200794185443996, 34.1252278662338 ], [ -118.200484185975995, 34.124735866013197 ], [ -118.203592186091001, 34.125332866006097 ], [ -118.204055186535996, 34.123655865695099 ], [ -118.208304187026997, 34.124473866165197 ], [ -118.209020186668994, 34.121888865532597 ], [ -118.216015187945999, 34.123227865809199 ], [ -118.216676188421999, 34.120841865082397 ], [ -118.215736188546003, 34.1207428653452 ], [ -118.214267187445998, 34.120325865111496 ], [ -118.213751188196994, 34.1199438649179 ], [ -118.213350187819003, 34.119366864736101 ], [ -118.213072187058003, 34.118835865283998 ], [ -118.212890187054001, 34.117714864566899 ], [ -118.213056187369006, 34.1171228652927 ], [ -118.213670292418996, 34.116294468124501 ], [ -118.213675187910994, 34.116287864765702 ], [ -118.214883188166993, 34.116556864916497 ], [ -118.216731187492002, 34.117467865110001 ], [ -118.218387188791993, 34.117787865053302 ], [ -118.220951188388995, 34.1197468645626 ], [ -118.221892189076002, 34.120850864934297 ], [ -118.221945278781007, 34.1208697474056 ], [ -118.223638190022996, 34.121471864826397 ], [ -118.224381189469995, 34.122315865069503 ], [ -118.225222189896996, 34.121907865000402 ], [ -118.225997189577996, 34.123030864954004 ], [ -118.226067189567999, 34.123569864616201 ], [ -118.226811190194994, 34.123784864591002 ], [ -118.227607189957993, 34.124800865288002 ], [ -118.228462190387006, 34.1252528653024 ], [ -118.228412190390003, 34.126300864677098 ], [ -118.229637732917993, 34.133393892432103 ], [ -118.229693191134004, 34.133714865997902 ], [ -118.229657166172004, 34.1343124448303 ], [ -118.229579218020007, 34.135605555260803 ], [ -118.22957919177, 34.135605866339397 ], [ -118.228821247772999, 34.135605866386598 ], [ -118.228650532561005, 34.135605803557297 ], [ -118.228561308712997, 34.135605752316501 ], [ -118.228523773259994, 34.1356057358322 ], [ -118.228325228158994, 34.135605649422402 ], [ -118.228322815856004, 34.135605648569502 ], [ -118.228262341299995, 34.135605626645997 ], [ -118.227982939075005, 34.1356055255442 ], [ -118.227928676838999, 34.1356054908359 ], [ -118.227928672402001, 34.135605851907997 ], [ -118.227763191826, 34.135605865854799 ], [ -118.227889191057997, 34.138088866794 ], [ -118.229141551501002, 34.1380839435935 ], [ -118.229143680323006, 34.138355823700799 ], [ -118.229145812114993, 34.138627199847399 ], [ -118.229148795693007, 34.139004010400498 ], [ -118.229149335873998, 34.139072117446403 ], [ -118.228785802965007, 34.139073003425601 ], [ -118.228789837226003, 34.140646216759201 ], [ -118.228790479306994, 34.140784131076003 ], [ -118.228791422236, 34.140923419660901 ], [ -118.228792127505997, 34.141024210555599 ], [ -118.228792454989005, 34.141059080309603 ], [ -118.228793223810001, 34.141143081845499 ], [ -118.228790870224003, 34.142781416914801 ], [ -118.228775863641005, 34.142881942746001 ], [ -118.228775908811997, 34.142910328312297 ], [ -118.228776488514001, 34.1432670843569 ], [ -118.228776731867001, 34.1434043124681 ], [ -118.228776942769997, 34.143541568588702 ], [ -118.228777152511995, 34.143678796764199 ], [ -118.228777395945002, 34.143816052824 ], [ -118.228777639303999, 34.1439532818383 ], [ -118.228777816519994, 34.144090510076502 ], [ -118.228778061038994, 34.144227766135401 ], [ -118.228778238255998, 34.144364994374499 ], [ -118.228778243823996, 34.144367028221303 ], [ -118.228778490454005, 34.144493567759802 ], [ -118.228778481617994, 34.144502223390198 ], [ -118.228778576066006, 34.144546629097199 ], [ -118.228778598293005, 34.144557125598197 ], [ -118.228778723850994, 34.1446390395067 ], [ -118.228778780843996, 34.144684022265402 ], [ -118.228778806568002, 34.1446934197917 ], [ -118.228778933976997, 34.144776405619098 ], [ -118.22877899097, 34.144821388377899 ], [ -118.228779022710995, 34.144832983829097 ], [ -118.228779134228006, 34.1449065991578 ], [ -118.228779145261001, 34.144913798775598 ], [ -118.228779334503997, 34.144970651763103 ], [ -118.228779620034004, 34.145051192335501 ], [ -118.228779847598005, 34.1451101611474 ], [ -118.228780062349998, 34.145188612101599 ], [ -118.228780248210001, 34.145244229094601 ], [ -118.228780504520003, 34.145325977776402 ], [ -118.228780688574005, 34.145380934851197 ], [ -118.228781127736994, 34.145517201563997 ], [ -118.228781570961999, 34.145654951290602 ], [ -118.228782294466001, 34.145846366916103 ], [ -118.228782523372004, 34.145907012576998 ], [ -118.22864300242, 34.145801945063198 ], [ -118.228591536848995, 34.145887663633303 ], [ -118.228589191986003, 34.145885866804903 ], [ -118.228249191969994, 34.1464518674467 ], [ -118.228695192534005, 34.146739867524303 ], [ -118.228614369241001, 34.1468905366523 ], [ -118.228225348473998, 34.1467670079995 ], [ -118.228096192820999, 34.146725866889 ], [ -118.228096126973, 34.1467259751971 ], [ -118.228089593676003, 34.146723900475202 ], [ -118.227778350248002, 34.147245882299501 ], [ -118.227478002924002, 34.147737271851199 ], [ -118.227131124492004, 34.147624004556597 ], [ -118.227051692542005, 34.147598067911403 ], [ -118.227057663598998, 34.147644623557802 ], [ -118.227016192662006, 34.147632867918801 ], [ -118.226951192463005, 34.148614867976399 ], [ -118.226243192178003, 34.149793867786101 ], [ -118.224979192451997, 34.1493678677747 ], [ -118.223864713997003, 34.149319508350899 ], [ -118.222791872434001, 34.149272588232598 ], [ -118.222494872493002, 34.1492596157752 ], [ -118.222466808191996, 34.149258375521697 ], [ -118.222076191019994, 34.148928579217703 ], [ -118.221999671204998, 34.148863979798698 ], [ -118.221999191623993, 34.1488638679877 ], [ -118.219448191094997, 34.148279867772899 ], [ -118.219191190939995, 34.147518868172 ], [ -118.216805190279999, 34.147530867676998 ], [ -118.216584569944004, 34.147418123499101 ], [ -118.216216487460002, 34.147229472262303 ], [ -118.216200599353002, 34.147229701716903 ], [ -118.211626445210001, 34.147180871259302 ], [ -118.210983048995004, 34.146222938583797 ], [ -118.210705454733002, 34.146259392029599 ], [ -118.210476195230001, 34.146289550946598 ], [ -118.210091176708005, 34.146334928501702 ], [ -118.20983661004, 34.146368620010698 ], [ -118.209392531038006, 34.146427370188697 ], [ -118.209384237693001, 34.146428483519799 ], [ -118.209156135298002, 34.146458637927999 ], [ -118.208823396854996, 34.146502684986999 ], [ -118.208757318398995, 34.146511399719301 ], [ -118.208753359916003, 34.146514154424302 ], [ -118.208610865514999, 34.146614312681699 ], [ -118.208517299768005, 34.146680120958798 ], [ -118.208330529170993, 34.146811406712402 ], [ -118.208171999691999, 34.146922831482598 ], [ -118.208113174920001, 34.146964178753201 ], [ -118.208103045480001, 34.146971284936598 ], [ -118.207941480284006, 34.147084858472503 ], [ -118.207710300444006, 34.1472472152157 ], [ -118.207517987181006, 34.147263538641099 ], [ -118.207398931062997, 34.147273662492204 ], [ -118.207276042570001, 34.1472840948095 ], [ -118.207030495441003, 34.147304987524798 ], [ -118.207009678413996, 34.147306727065697 ], [ -118.206779199020005, 34.147326301574502 ], [ -118.206556452466003, 34.147345230458697 ], [ -118.206292732052006, 34.147367636643999 ], [ -118.206275094746999, 34.147369135333001 ], [ -118.205444188461001, 34.1474358688317 ], [ -118.205441426253003, 34.147440112529502 ], [ -118.205414697679004, 34.1474424171845 ], [ -118.204960121013002, 34.148156811738801 ], [ -118.204907340755994, 34.148238678280201 ], [ -118.204369462266001, 34.149086676379703 ], [ -118.204364639093001, 34.149094229454803 ], [ -118.204241188994004, 34.149283868891999 ], [ -118.203585188456998, 34.149696869080401 ], [ -118.202713188469005, 34.150637869550202 ], [ -118.201253436453996, 34.150839014874599 ], [ -118.201036527208004, 34.150864642974298 ], [ -118.200881530811003, 34.150885482572299 ], [ -118.200849580218005, 34.150889794490503 ], [ -118.199067364385996, 34.151129499616196 ], [ -118.198892608340998, 34.151153006175903 ], [ -118.198203232663005, 34.151601645226499 ] ] ] } },
{ "type": "Feature", "properties": { "objectid": 26, "name": "East Hollywood", "area_sqmi": 2.3975475673175137, "source_url": "https://services5.arcgis.com/7nsPwEMP38bSkCjy/arcgis/rest/services/LA_Times_Neighborhoods/FeatureServer/0", "fetched_at": "2025-12-07T08:52:51.283518" }, "geometry": { "type": "Polygon", "coordinates": [ [ [ -118.287404197902006, 34.098360858718401 ], [ -118.287403198622002, 34.098167858262499 ], [ -118.287112198095997, 34.098168858407497 ], [ -118.286200992345996, 34.097567551307002 ], [ -118.286077198358001, 34.097485858185799 ], [ -118.284139197293001, 34.095816858454597 ], [ -118.284597197123006, 34.095818858366698 ], [ -118.284422678146996, 34.077900737195797 ], [ -118.284411196025005, 34.076721856134 ], [ -118.286223155027002, 34.076696784381298 ], [ -118.286290195945995, 34.076695856507101 ], [ -118.286819196826002, 34.076478856003398 ], [ -118.286821196157007, 34.076335856563603 ], [ -118.309160199958995, 34.0762518552595 ], [ -118.309160202114995, 34.076252438545502 ], [ -118.309192113286997, 34.083513777280402 ], [ -118.309192113419996, 34.083513813341398 ], [ -118.309272202520006, 34.101737858188997 ], [ -118.309271351782002, 34.101737858563503 ], [ -118.292978199660993, 34.101765858465697 ], [ -118.292884887038994, 34.1017348754092 ], [ -118.292204199143995, 34.1015088583612 ], [ -118.287404197902006, 34.098360858718401 ] ] ] } },
{ "type": "Feature", "properties": { "objectid": 27, "name": "Echo Park", "area_sqmi": 2.393318274881763, "source_url": "https://services5.arcgis.com/7nsPwEMP38bSkCjy/arcgis/rest/services/LA_Times_Neighborhoods/FeatureServer/0", "fetched_at": "2025-12-07T08:52:51.283518" }, "geometry": { "type": "Polygon", "coordinates": [ [ [ -118.244873191473005, 34.095690861151901 ], [ -118.244535190636995, 34.095676860642499 ], [ -118.244792191309998, 34.095990861188 ], [ -118.244226328671999, 34.095651778167003 ], [ -118.244011191132998, 34.095522861076603 ], [ -118.244317174393998, 34.095546845545599 ], [ -118.244432191306998, 34.095555860831197 ], [ -118.243432190179007, 34.094479860681901 ], [ -118.243633190308003, 34.094194860960897 ], [ -118.243087190477993, 34.093682860326098 ], [ -118.243308190841006, 34.093488860271201 ], [ -118.244235190612997, 34.093937860323997 ], [ -118.244596190788997, 34.093756860698001 ], [ -118.244907190418999, 34.093212860495399 ], [ -118.245228190896, 34.092012860501498 ], [ -118.245594190909003, 34.091425860140099 ], [ -118.243719190308994, 34.090514860354901 ], [ -118.243691189708002, 34.089055860337901 ], [ -118.244653190134997, 34.088354859644497 ], [ -118.246199190810003, 34.087746860007201 ], [ -118.248262190576, 34.085932859085197 ], [ -118.248835190562005, 34.085280859313102 ], [ -118.248846190429006, 34.083926859148697 ], [ -118.249995190549996, 34.082502858554001 ], [ -118.248937190609993, 34.081276859316098 ], [ -118.248248190282993, 34.080751858629 ], [ -118.249035189668007, 34.078006858672097 ], [ -118.248814189570993, 34.076642858455799 ], [ -118.248632189743006, 34.075725858620899 ], [ -118.247071188906006, 34.072424857686102 ], [ -118.246970093870004, 34.072322838936699 ], [ -118.246101265728996, 34.0714460794076 ], [ -118.245647189541998, 34.070987857657499 ], [ -118.245920188797001, 34.068933857578699 ], [ -118.247706066757004, 34.065723997358802 ], [ -118.247736189381996, 34.065669857262797 ], [ -118.248239189125997, 34.065417857318401 ], [ -118.248942189275994, 34.065526856946803 ], [ -118.252063189854994, 34.062510856446302 ], [ -118.254214189714006, 34.059157856201303 ], [ -118.255268189459002, 34.0579438561278 ], [ -118.256795190475998, 34.058978855781199 ], [ -118.259659190693995, 34.062008855922798 ], [ -118.259891191392001, 34.064359856717402 ], [ -118.261226191217006, 34.069621856478697 ], [ -118.263802191550994, 34.070560857081801 ], [ -118.269175193109007, 34.0728888565041 ], [ -118.269094193515002, 34.073033857180199 ], [ -118.272086193427995, 34.074424856775003 ], [ -118.273003969678996, 34.074771705798803 ], [ -118.274224194702001, 34.0752328565152 ], [ -118.274185366127, 34.075296450345903 ], [ -118.271877194550001, 34.079076857302198 ], [ -118.270260194048006, 34.080652857961503 ], [ -118.268511193844006, 34.0836658583003 ], [ -118.266643193679997, 34.086456858571303 ], [ -118.264440193198993, 34.085457858583197 ], [ -118.263341193133002, 34.087258859191998 ], [ -118.259919193152996, 34.0857758584796 ], [ -118.259201192461006, 34.089786859692701 ], [ -118.258533193199995, 34.090998859733197 ], [ -118.258473193382002, 34.091544859308499 ], [ -118.255716192901005, 34.0939528601454 ], [ -118.255542193018002, 34.093828860162603 ], [ -118.255159017587005, 34.094243861641402 ], [ -118.254627192296994, 34.094819859787698 ], [ -118.251651192197997, 34.098521860505699 ], [ -118.251844192102993, 34.098614860703201 ], [ -118.250614192447998, 34.1004348613261 ], [ -118.250811192373007, 34.100738861142901 ], [ -118.250778261321003, 34.100804339240597 ], [ -118.250725192109996, 34.100909860990498 ], [ -118.249917862602999, 34.099506319310898 ], [ -118.249899191848002, 34.099473861308503 ], [ -118.246329191586, 34.0970328606452 ], [ -118.245561191256002, 34.096085861114602 ], [ -118.245400842685001, 34.095993800630602 ], [ -118.245134461351995, 34.095840863711103 ], [ -118.244873191473005, 34.095690861151901 ] ] ] } },
{ "type": "Feature", "properties": { "objectid": 28, "name": "El Sereno", "area_sqmi": 4.126464032068351, "source_url": "https://services5.arcgis.com/7nsPwEMP38bSkCjy/arcgis/rest/services/LA_Times_Neighborhoods/FeatureServer/0", "fetched_at": "2025-12-07T08:52:51.283518" }, "geometry": { "type": "Polygon", "coordinates": [ [ [ -118.178008179632997, 34.098732864599299 ], [ -118.178006179934997, 34.098599864753901 ], [ -118.156694029942997, 34.098672145864001 ], [ -118.156685536821001, 34.098672057709202 ], [ -118.156287510308005, 34.098672188230097 ], [ -118.156122354518004, 34.098672236754297 ], [ -118.155859755757007, 34.098672328743397 ], [ -118.155529444175997, 34.098672424396803 ], [ -118.155370349007001, 34.098672196337603 ], [ -118.155370836922003, 34.0986542498513 ], [ -118.155372508680003, 34.098592797604198 ], [ -118.155379429064993, 34.098317450583899 ], [ -118.155386240948005, 34.098196605233397 ], [ -118.155399776007997, 34.098076327314203 ], [ -118.155419992649996, 34.097956991012701 ], [ -118.155446828677995, 34.097838966934297 ], [ -118.155480201304997, 34.097722621202301 ], [ -118.155520003893002, 34.097608316363598 ], [ -118.155566115705994, 34.097496406868601 ], [ -118.155618392156995, 34.097387240886697 ], [ -118.155676671308001, 34.097281158495498 ], [ -118.155752485296006, 34.097159338903701 ], [ -118.155833670899995, 34.0970410310088 ], [ -118.155920067085006, 34.096926473011798 ], [ -118.156011498710001, 34.096815892313202 ], [ -118.156107785209997, 34.096709511812598 ], [ -118.156208731915996, 34.096607543609601 ], [ -118.156314138729002, 34.096510191697199 ], [ -118.156423792533005, 34.096417651070098 ], [ -118.156537475863004, 34.096330107713598 ], [ -118.156654960397006, 34.096247735006102 ], [ -118.158551266990997, 34.094953884606397 ], [ -118.159279947512999, 34.094454611781799 ], [ -118.159538176834999, 34.094281865187199 ], [ -118.159365176367004, 34.094534865394202 ], [ -118.160685176938003, 34.093745865027103 ], [ -118.160508721878003, 34.075193358427804 ], [ -118.160509789071, 34.075135230900599 ], [ -118.160562612494004, 34.075114518381099 ], [ -118.160667511192003, 34.075080714896004 ], [ -118.160813596763006, 34.075033725720303 ], [ -118.161049086572007, 34.074957802522697 ], [ -118.161156497714003, 34.074923107256502 ], [ -118.161158036260005, 34.074922612067297 ], [ -118.161159576966995, 34.074922113269103 ], [ -118.161161113345003, 34.074921617181303 ], [ -118.161162651881, 34.0749211165829 ], [ -118.161164190421999, 34.074920618688999 ], [ -118.161165728954003, 34.074920116287601 ], [ -118.161167268575994, 34.074919616589199 ], [ -118.161168804940999, 34.0749191141906 ], [ -118.161170341304995, 34.0749186108903 ], [ -118.161171877669005, 34.074918107590101 ], [ -118.161173412950006, 34.0749176042914 ], [ -118.161174949306996, 34.074917097384997 ], [ -118.161176483499005, 34.074916591383001 ], [ -118.161178017688997, 34.074916084479497 ], [ -118.161179552958998, 34.074915575771499 ], [ -118.161181068741996, 34.0749150743017 ], [ -118.161182582354002, 34.074914571031698 ], [ -118.161184098134001, 34.074914067758797 ], [ -118.161185612824994, 34.0749135617828 ], [ -118.161187126434001, 34.074913056709597 ], [ -118.161188640039001, 34.074912549833499 ], [ -118.161190154728004, 34.074912042955901 ], [ -118.161191666164001, 34.074911534279501 ], [ -118.161193177599003, 34.0749110256031 ], [ -118.161194690114002, 34.074910515122198 ], [ -118.161196203713004, 34.074910004639797 ], [ -118.161197712977994, 34.074909494163201 ], [ -118.161199225491004, 34.074908982780599 ], [ -118.161200734752995, 34.074908470501001 ], [ -118.161202245094003, 34.074907956416702 ], [ -118.161203754352002, 34.074907442334002 ], [ -118.161205264692001, 34.074906927348202 ], [ -118.161206771775994, 34.074906409662098 ], [ -118.161208282114998, 34.074905894676299 ], [ -118.161209789199006, 34.074905376990202 ], [ -118.161211297365, 34.074904858401098 ], [ -118.161212804445995, 34.0749043389119 ], [ -118.161214312607996, 34.074903818519701 ], [ -118.161215817520002, 34.0749032981319 ], [ -118.161217323515999, 34.074902777742601 ], [ -118.161218829505998, 34.074902254648698 ], [ -118.161220334410999, 34.074901730654702 ], [ -118.161221840400003, 34.074901206659199 ], [ -118.161223344221, 34.074900682666602 ], [ -118.161224850210004, 34.074900158670999 ], [ -118.161226352941, 34.074899631073698 ], [ -118.161227854591999, 34.074899105280899 ], [ -118.161229360570005, 34.074898575876198 ], [ -118.161230862218005, 34.074898048280303 ], [ -118.161232362779003, 34.0748975188828 ], [ -118.161233864422002, 34.074896988582204 ], [ -118.161235366062996, 34.074896457380099 ], [ -118.161236867702996, 34.074895926178002 ], [ -118.161238369341007, 34.074895393172802 ], [ -118.161239868812999, 34.074894861072003 ], [ -118.161241368277004, 34.0748943244636 ], [ -118.161242867745003, 34.074893790559699 ], [ -118.161244367208994, 34.074893253951302 ], [ -118.161245865593997, 34.074892720048801 ], [ -118.161247363971, 34.074892181638702 ], [ -118.161248861261996, 34.074891642328502 ], [ -118.161250358556998, 34.074891104821297 ], [ -118.161251855849002, 34.074890565511097 ], [ -118.161253353134995, 34.074890023496202 ], [ -118.161254848255993, 34.0748894823858 ], [ -118.161256345544004, 34.074888941272398 ], [ -118.161257840665002, 34.074888400161903 ], [ -118.161259333611994, 34.074887855448203 ], [ -118.161260828726, 34.074887310731597 ], [ -118.161262322756997, 34.074886766016398 ], [ -118.161263817871003, 34.074886221299799 ], [ -118.161265310811999, 34.074885672979903 ], [ -118.161266801585001, 34.074885124662799 ], [ -118.161268294528995, 34.074884578145898 ], [ -118.161269788550996, 34.074884028923002 ], [ -118.161271277154, 34.074883478805802 ], [ -118.161272770091003, 34.074882928682698 ], [ -118.161274261941998, 34.074882377659598 ], [ -118.161275750539005, 34.074881823936202 ], [ -118.161277241307005, 34.074881272914403 ], [ -118.161278730983, 34.074880717386499 ], [ -118.161280219581002, 34.074880164564597 ], [ -118.161281709253004, 34.074879607233498 ], [ -118.161283195680994, 34.074879052611401 ], [ -118.161284684272005, 34.074878496183302 ], [ -118.161286171773995, 34.074877937052101 ], [ -118.161287658193999, 34.0748773788238 ], [ -118.161289145698007, 34.074876820594 ], [ -118.161290631032003, 34.074876260563997 ], [ -118.161292117448994, 34.074875700532601 ], [ -118.161293602778997, 34.074875138699603 ], [ -118.161295087026005, 34.074874576867998 ], [ -118.161296572352995, 34.074874013231899 ], [ -118.161298055513001, 34.074873449598599 ], [ -118.161299539751994, 34.074872884160897 ], [ -118.161301022909001, 34.074872318724601 ], [ -118.161302506064999, 34.0748717532882 ], [ -118.161303988135998, 34.074871186951697 ], [ -118.161305469121999, 34.074870619715199 ], [ -118.161306952268006, 34.074870048869599 ], [ -118.161308433252003, 34.0748694807315 ], [ -118.161309913151001, 34.074868911693301 ], [ -118.161311396293002, 34.074868339044599 ], [ -118.161312881601006, 34.074867765491497 ], [ -118.161314363661006, 34.074867193745803 ], [ -118.161315846796001, 34.074866617490898 ], [ -118.161317329937006, 34.074866043940602 ], [ -118.161318810907005, 34.074865468590197 ], [ -118.161320292957001, 34.074864891435197 ], [ -118.161321773921998, 34.074864313380097 ], [ -118.161323254888998, 34.074863736226497 ], [ -118.161324735852006, 34.074863157269903 ], [ -118.161326214648, 34.0748625783162 ], [ -118.161327692358, 34.074861997560703 ], [ -118.161329171150001, 34.074861416803898 ], [ -118.161330649939998, 34.074860834243999 ], [ -118.161332128729001, 34.074860251684001 ], [ -118.161333605349995, 34.0748596682254 ], [ -118.161335084135999, 34.0748590838624 ], [ -118.161336560755004, 34.074858499502199 ], [ -118.161338037370001, 34.074857913339002 ], [ -118.161339513987002, 34.0748573280773 ], [ -118.161340988432997, 34.074856740113802 ], [ -118.161342462874003, 34.074856150347301 ], [ -118.161343937321007, 34.074855563285404 ], [ -118.161345411759001, 34.074854971715801 ], [ -118.161346884036007, 34.074854382853701 ], [ -118.161348358474001, 34.074853791284099 ], [ -118.161349831826996, 34.074853198814303 ], [ -118.161351304096996, 34.074852606345999 ], [ -118.161352774197994, 34.0748520129791 ], [ -118.161354246464001, 34.074851418707702 ], [ -118.161355717643005, 34.074850822634701 ], [ -118.161357187741999, 34.074850228366202 ], [ -118.161358657837994, 34.074849632294601 ], [ -118.161360125762997, 34.074849034422797 ], [ -118.161361596939003, 34.074848436546702 ], [ -118.161363064861007, 34.074847836871797 ], [ -118.161364532782997, 34.074847237196899 ], [ -118.161366001787997, 34.074846637520601 ], [ -118.161367467535996, 34.074846034242498 ], [ -118.161368936537997, 34.074845432762999 ], [ -118.161370400121001, 34.074844830389303 ], [ -118.161371866951995, 34.074844227109601 ], [ -118.161373332696996, 34.074843622028403 ], [ -118.161374797357993, 34.074843016948499 ], [ -118.161376260937999, 34.074842412771702 ], [ -118.161377727759003, 34.074841804082801 ], [ -118.161379189168002, 34.074841198105702 ], [ -118.161380653821993, 34.074840589419701 ], [ -118.161382115227994, 34.074839981639499 ], [ -118.161383577711007, 34.074839371153402 ], [ -118.161385040192997, 34.074838759765598 ], [ -118.161386501595999, 34.074838150182401 ], [ -118.161387961911004, 34.074837538797503 ], [ -118.161389422221006, 34.074836924708002 ], [ -118.161390882532999, 34.074836311520002 ], [ -118.161392341756994, 34.0748356965304 ], [ -118.161393799902001, 34.074835083345299 ], [ -118.161395258040002, 34.074834466554002 ], [ -118.161396718345003, 34.074833849759898 ], [ -118.161398176483004, 34.074833232968601 ], [ -118.161399632449999, 34.074832614377101 ], [ -118.161401088413996, 34.074831993982599 ], [ -118.161402545464995, 34.074831375389699 ], [ -118.161403999263996, 34.074830755899498 ], [ -118.161405455224994, 34.074830133701902 ], [ -118.161406911186006, 34.074829511504198 ], [ -118.161408364978996, 34.074828889309501 ], [ -118.161409818771006, 34.074828266213203 ], [ -118.161411272562006, 34.074827642215297 ], [ -118.161412724182995, 34.074827017318803 ], [ -118.161414177970002, 34.074826391517803 ], [ -118.161415630671002, 34.074825764816801 ], [ -118.161417082287997, 34.074825137215598 ], [ -118.161418531739002, 34.074824510518901 ], [ -118.161419981183997, 34.074823880216002 ], [ -118.161421432796004, 34.074823250811797 ], [ -118.161422883323993, 34.074822620507398 ], [ -118.161424332767993, 34.074821990204498 ], [ -118.161425780041995, 34.074821358101403 ], [ -118.161427227315997, 34.0748207259983 ], [ -118.161428675669995, 34.074820092090597 ], [ -118.161430122940999, 34.0748194581844 ], [ -118.161431570207995, 34.074818822475102 ], [ -118.161433016394994, 34.074818188570397 ], [ -118.161434461490998, 34.074817551060903 ], [ -118.161435907671006, 34.074816913550002 ], [ -118.161437352768004, 34.074816276040501 ], [ -118.161438795693996, 34.074815636730797 ], [ -118.161440239704007, 34.074814997419701 ], [ -118.161514547362003, 34.074780790525601 ], [ -118.161515960962006, 34.074780113389899 ], [ -118.161517375648003, 34.074779437154397 ], [ -118.161518788158006, 34.074778756414098 ], [ -118.161520202839995, 34.074778078375402 ], [ -118.161521615349997, 34.074777397635103 ], [ -118.161523027862003, 34.074776717796198 ], [ -118.161524440369007, 34.074776035252803 ], [ -118.161525852877006, 34.074775353610903 ], [ -118.161527263219, 34.074774671971902 ], [ -118.161528673551004, 34.074773985825097 ], [ -118.161530083889005, 34.074773302383001 ], [ -118.161531492056994, 34.074772617140702 ], [ -118.161532900224998, 34.074771931898397 ], [ -118.161534308388994, 34.074771244852997 ], [ -118.161535716553004, 34.074770557807597 ], [ -118.161537124714002, 34.074769868959102 ], [ -118.161538531790995, 34.074769180112 ], [ -118.161539937784994, 34.074768491266397 ], [ -118.161541343774999, 34.074767800617799 ], [ -118.161542747599, 34.074767109971901 ], [ -118.161544154669002, 34.074766417518703 ], [ -118.161545558488996, 34.074765725069803 ], [ -118.161546960139006, 34.0747650308207 ], [ -118.161548365040005, 34.074764337468899 ], [ -118.161549766690001, 34.074763643219796 ], [ -118.161551168336004, 34.074762947167599 ], [ -118.161552571067006, 34.074762252015503 ], [ -118.161553970542997, 34.074761554163103 ], [ -118.161555373271, 34.074760857207998 ], [ -118.161556832274002, 34.074760128624 ], [ -118.161558290193, 34.074759400041401 ], [ -118.161559748108999, 34.0747586696558 ], [ -118.161561208194001, 34.074757940168702 ], [ -118.161562666110001, 34.074757209783002 ], [ -118.161564121854994, 34.074756477597198 ], [ -118.161565577599006, 34.074755744509801 ], [ -118.161567033341001, 34.074755010520803 ], [ -118.161568488002004, 34.074754277434799 ], [ -118.161569943740005, 34.074753541642799 ], [ -118.161571397314006, 34.0747528067552 ], [ -118.161572850881996, 34.074752069162997 ], [ -118.161574303365001, 34.074751330670701 ], [ -118.161575756934994, 34.0747505939799 ], [ -118.161577208335004, 34.074749855489003 ], [ -118.161578614270994, 34.074749136892599 ], [ -118.161580018045001, 34.074748421003598 ], [ -118.161581422897001, 34.074747702408501 ], [ -118.161582826664002, 34.074746982913403 ], [ -118.161584228264999, 34.074746263421197 ], [ -118.161585633113006, 34.074745543022999 ], [ -118.161587034709996, 34.074744821727698 ], [ -118.161588436306999, 34.074744100432298 ], [ -118.161589838983005, 34.074743377332503 ], [ -118.161591238409997, 34.0747426542369 ], [ -118.161592638919998, 34.074741931139897 ], [ -118.161594038342997, 34.074741206241299 ], [ -118.161595438849005, 34.074740481341102 ], [ -118.161596836102007, 34.074739754642302 ], [ -118.161598234438003, 34.074739027942101 ], [ -118.161599632770006, 34.0747382994387 ], [ -118.161601027852001, 34.074737570939703 ], [ -118.161602424015996, 34.0747368415377 ], [ -118.161603820178001, 34.074736111234103 ], [ -118.161605215256998, 34.074735380931997 ], [ -118.161606609250995, 34.074734649729699 ], [ -118.161608005408993, 34.074733917623099 ], [ -118.161609397231004, 34.074733183719196 ], [ -118.161610790137004, 34.074732450715302 ], [ -118.161612181954993, 34.074731715008298 ], [ -118.161613573778993, 34.074730982005804 ], [ -118.161614965595007, 34.074730245397198 ], [ -118.161616357409002, 34.074729507887099 ], [ -118.161617747058997, 34.0747287712814 ], [ -118.161619136704999, 34.074728032872599 ], [ -118.161620526348997, 34.074727293562297 ], [ -118.161621913828, 34.074726555156403 ], [ -118.161623301302996, 34.074725814947399 ], [ -118.161624688779, 34.074725074738403 ], [ -118.161626074083998, 34.074724332729197 ], [ -118.161627461555995, 34.074723590717099 ], [ -118.161628846857994, 34.074722846904898 ], [ -118.161630233243002, 34.074722103091098 ], [ -118.161631616378003, 34.074721359281703 ], [ -118.161632999508996, 34.074720613669299 ], [ -118.161634382637004, 34.074719866253702 ], [ -118.161635766847994, 34.074719118836697 ], [ -118.161637149978006, 34.0747183723227 ], [ -118.161638530939001, 34.0747176249101 ], [ -118.161639912976, 34.074716873889798 ], [ -118.161641293935006, 34.074716125575499 ], [ -118.161642672723005, 34.074715374559602 ], [ -118.161644052593005, 34.074714623542199 ], [ -118.161645429212001, 34.074713871627601 ], [ -118.161646809079002, 34.074713118807097 ], [ -118.161648185694006, 34.074712365089503 ], [ -118.161649563395997, 34.074711613173399 ], [ -118.161650940005998, 34.074710856750997 ], [ -118.161652315533999, 34.074710101231702 ], [ -118.161653691062, 34.0747093457124 ], [ -118.161655065500995, 34.074708587489901 ], [ -118.161656438858998, 34.074707830170297 ], [ -118.161669742686996, 34.074700441461303 ], [ -118.161671099789999, 34.074699682360297 ], [ -118.161672455810006, 34.074698923260797 ], [ -118.161673810742997, 34.074698162359603 ], [ -118.161675164593007, 34.074697401459801 ], [ -118.161676521692002, 34.0746966405557 ], [ -118.161677873372, 34.074695877855703 ], [ -118.161679228297999, 34.074695113348398 ], [ -118.161680581056999, 34.074694348843899 ], [ -118.161681932731994, 34.074693584340899 ], [ -118.161683283323001, 34.074692818937699 ], [ -118.161684636082001, 34.0746920544332 ], [ -118.161685986666996, 34.074691286325503 ], [ -118.161687336170999, 34.074690519120701 ], [ -118.161688684588995, 34.074689751015804 ], [ -118.161690033004007, 34.074688981107897 ], [ -118.161691383588007, 34.0746882120986 ], [ -118.161692729836005, 34.0746874421935 ], [ -118.161694078248999, 34.074686671384001 ], [ -118.161695424491, 34.074685898774298 ], [ -118.161696770736, 34.074685127066097 ], [ -118.161698114811998, 34.074684354459301 ], [ -118.161699458883007, 34.074683579147901 ], [ -118.161700802954996, 34.074682804738003 ], [ -118.161702147024002, 34.074682028525103 ], [ -118.161703488930002, 34.074681254117998 ], [ -118.161704830831994, 34.074680477907897 ], [ -118.161706172731002, 34.074679699894801 ], [ -118.161707515713005, 34.0746789218801 ], [ -118.161708855442996, 34.074678142968303 ], [ -118.161710195173001, 34.074677364056498 ], [ -118.161711534901002, 34.0746765842431 ], [ -118.161712873542001, 34.0746758026281 ], [ -118.161714213267004, 34.0746750210117 ], [ -118.161715548657995, 34.074674239400998 ], [ -118.161716887295995, 34.074673455982897 ], [ -118.161718222684001, 34.0746726725691 ], [ -118.161719559152999, 34.074671888252396 ], [ -118.161720894536998, 34.074671103035598 ], [ -118.161722228833995, 34.074670316017098 ], [ -118.161723562052998, 34.0746695317046 ], [ -118.161724896346996, 34.074668742883098 ], [ -118.161726229562007, 34.074667956767598 ], [ -118.161727561686007, 34.074667166145801 ], [ -118.161728892731006, 34.074666378230098 ], [ -118.161730224853997, 34.074665587608401 ], [ -118.161731554808995, 34.074664796088001 ], [ -118.161732884767005, 34.074664006370597 ], [ -118.161734213635995, 34.074663213950103 ], [ -118.161735543587994, 34.074662420626701 ], [ -118.161736871372, 34.074661627306 ], [ -118.161738199156005, 34.074660833985398 ], [ -118.161739525854003, 34.0746600388632 ], [ -118.161740851467997, 34.074659243742403 ], [ -118.161742177079006, 34.074658446818503 ], [ -118.161743502689006, 34.074657649894597 ], [ -118.161744826130999, 34.074656852072103 ], [ -118.161746151740005, 34.074656054246702 ], [ -118.161764558507997, 34.074644845224803 ], [ -118.161771636487003, 34.074640466934703 ], [ -118.161773174814996, 34.074639863554403 ], [ -118.161773136267996, 34.074639538153903 ], [ -118.161773184962001, 34.074639508338201 ], [ -118.161772659440999, 34.074635546820303 ], [ -118.161574956726994, 34.072982402027698 ], [ -118.161574426025993, 34.072974627046897 ], [ -118.161701475715006, 34.072349736872901 ], [ -118.161708859344998, 34.072330400904299 ], [ -118.161729654789994, 34.0722599924717 ], [ -118.161744931040005, 34.072188184138803 ], [ -118.161754595774994, 34.072115407863997 ], [ -118.1617566014, 34.072078604751297 ], [ -118.161758174629, 34.072070863015398 ], [ -118.161757435233994, 34.072063297469903 ], [ -118.161758590269002, 34.072042100968901 ], [ -118.161757759878, 34.071986918569799 ], [ -118.161753641793993, 34.071931883015097 ], [ -118.161746251569994, 34.071877190816899 ], [ -118.161735515936002, 34.071822484165601 ], [ -118.161732856564996, 34.071811972288501 ], [ -118.161688580206004, 34.071359236668698 ], [ -118.161689831461999, 34.071345780570702 ], [ -118.161691529604994, 34.071335971461998 ], [ -118.162178167356004, 34.070342378331702 ], [ -118.162204335531996, 34.0703045240422 ], [ -118.162658514213007, 34.069876729965998 ], [ -118.162666798467001, 34.069871743269999 ], [ -118.162677418521994, 34.069865161327101 ], [ -118.162687904951994, 34.069858387537401 ], [ -118.162698226502002, 34.069851503982399 ], [ -118.162708416594, 34.069844428577902 ], [ -118.162718440720994, 34.069837242507901 ], [ -118.162728364860001, 34.069829892493601 ], [ -118.162738091565004, 34.069822404810402 ], [ -118.162747652255007, 34.0698147812192 ], [ -118.162757048006995, 34.069807019014 ], [ -118.162766311273003, 34.069799092908198 ], [ -118.162775408575001, 34.069791057038799 ], [ -118.162784308496995, 34.0697829114482 ], [ -118.162793042347005, 34.069774601100903 ], [ -118.162796535878996, 34.069771161566102 ], [ -118.162801611315999, 34.069766180988701 ], [ -118.162807806508994, 34.069759879964401 ], [ -118.162672174828003, 34.0697602285816 ], [ -118.162672175520001, 34.069699862182603 ], [ -118.162479747210995, 34.069693428225897 ], [ -118.162488853287996, 34.069675958764499 ], [ -118.162503112851994, 34.069648512357404 ], [ -118.164113800619006, 34.066573575192699 ], [ -118.164132160110995, 34.066538233743401 ], [ -118.164135926639005, 34.0665310308164 ], [ -118.164139638921, 34.066523786492702 ], [ -118.164143352365002, 34.066516582736099 ], [ -118.164147114558006, 34.066509379814697 ], [ -118.164150829004001, 34.066502135487802 ], [ -118.164154542451996, 34.066494934435397 ], [ -118.164158254729003, 34.066487689209602 ], [ -118.164161918340994, 34.066480486421803 ], [ -118.164165628451997, 34.066473242100201 ], [ -118.164169341806996, 34.066465995069599 ], [ -118.164173003257005, 34.066458795890497 ], [ -118.16418033139, 34.066444304667201 ], [ -118.164184039331005, 34.0664370603481 ], [ -118.164187702855997, 34.066429815187597 ], [ -118.164191310047002, 34.066422569202203 ], [ -118.164194973565998, 34.066415322238498 ], [ -118.164198634924006, 34.066408077982302 ], [ -118.164202244281995, 34.066400832895098 ], [ -118.164205905635001, 34.066393586835503 ], [ -118.164209512824996, 34.066386341751098 ], [ -118.164213126511996, 34.066379095756197 ], [ -118.164216737955996, 34.066371810998398 ], [ -118.164220346220006, 34.066364562305999 ], [ -118.164223957746003, 34.066357319919803 ], [ -118.164227567018003, 34.066350033361701 ], [ -118.164231125447998, 34.066342783835204 ], [ -118.164234736880999, 34.066335495470902 ], [ -118.164238289905995, 34.066328252262203 ], [ -118.164241852591005, 34.066320963964003 ], [ -118.164245409855994, 34.0663136738698 ], [ -118.164248968208, 34.066306386478701 ], [ -118.164252525560002, 34.066299141460803 ], [ -118.164256086079007, 34.0662918549681 ], [ -118.164259642263005, 34.066284567579601 ], [ -118.164263147526995, 34.066277277555699 ], [ -118.164266712374001, 34.066269989253797 ], [ -118.164270216554002, 34.066262699231203 ], [ -118.164273720739999, 34.066255412814499 ], [ -118.164277229255006, 34.066248124588903 ], [ -118.164280735605999, 34.066240838169101 ], [ -118.16428424195, 34.066233548143202 ], [ -118.164287710270003, 34.066226203175503 ], [ -118.164366612793998, 34.066052364855501 ], [ -118.164371129711, 34.066042262484103 ], [ -118.164378052746002, 34.066026728731003 ], [ -118.164384979039994, 34.066011201283899 ], [ -118.164391853324005, 34.065995668497997 ], [ -118.164398670194004, 34.065980136691401 ], [ -118.164405493562995, 34.065964605777097 ], [ -118.164412262680003, 34.065949031662903 ], [ -118.164419029711993, 34.065933499922998 ], [ -118.164425751153004, 34.065917922266799 ], [ -118.164432466015995, 34.065902305853498 ], [ -118.164439134378995, 34.065886731874897 ], [ -118.164445798406007, 34.065871157901903 ], [ -118.164452414682003, 34.0658555407202 ], [ -118.164459030955996, 34.0658399235381 ], [ -118.164465593057997, 34.065824303724902 ], [ -118.164472104249, 34.065808686685102 ], [ -118.164478617520999, 34.065793027270402 ], [ -118.164485126456, 34.065777366959601 ], [ -118.164491589967, 34.065761745476202 ], [ -118.164497995988, 34.065746086206502 ], [ -118.164504403001004, 34.0657303818586 ], [ -118.164510761353, 34.065714722653198 ], [ -118.164517117450998, 34.065699020177099 ], [ -118.164523425960994, 34.065683357432697 ], [ -118.164529676981005, 34.0656676569021 ], [ -118.164535979899995, 34.065651907617998 ], [ -118.164542183239007, 34.065636200840999 ], [ -118.164548388754, 34.065620500371502 ], [ -118.164554589838005, 34.065604751225202 ], [ -118.164560738931996, 34.065589006657 ], [ -118.164566839268005, 34.065573257647202 ], [ -118.164572939606998, 34.065557511341801 ], [ -118.164578985687996, 34.065541718230499 ], [ -118.164585029693001, 34.065525972902698 ], [ -118.164591027029999, 34.065510183463402 ], [ -118.164597023276997, 34.065494392222099 ], [ -118.164602966445003, 34.065478602855997 ], [ -118.164608858693995, 34.0654628117559 ], [ -118.164614754111, 34.065446980082399 ], [ -118.164620647435001, 34.065431187177303 ], [ -118.164626485433004, 34.065415354679999 ], [ -118.164632277923999, 34.065399518638301 ], [ -118.164638066088003, 34.0653836871099 ], [ -118.164643802165003, 34.0653678105758 ], [ -118.164649541577006, 34.065351978211801 ], [ -118.164655229985001, 34.065336101742098 ], [ -118.164660915229007, 34.065320269451398 ], [ -118.164666550554003, 34.065304393053601 ], [ -118.164672132795005, 34.065288515826403 ], [ -118.164677717114998, 34.065272595322597 ], [ -118.164683300434007, 34.065256718093501 ], [ -118.164688832756994, 34.065240799463197 ], [ -118.164694308749006, 34.065224881810998 ], [ -118.164699794477997, 34.0652089587362 ], [ -118.164705222802993, 34.065193041148497 ], [ -118.164710652202004, 34.065177119953098 ], [ -118.164716027438999, 34.0651612006343 ], [ -118.164721352764005, 34.065145240814502 ], [ -118.164726681323998, 34.065129274679499 ], [ -118.164732004561003, 34.065113356332503 ], [ -118.164737278953993, 34.0650973902708 ], [ -118.164742663609005, 34.065081307761297 ], [ -118.164746244593999, 34.065070709910103 ], [ -118.164748037685001, 34.065065355086197 ], [ -118.164753383480004, 34.0650493447515 ], [ -118.164758623021996, 34.065033287681999 ], [ -118.164763807309001, 34.065017227983198 ], [ -118.164768992684998, 34.065001171888603 ], [ -118.164774132562997, 34.064985115856103 ], [ -118.164779265931003, 34.064969056225998 ], [ -118.164784348392004, 34.064953000271302 ], [ -118.164789380927999, 34.064936897505 ], [ -118.164794415629004, 34.064920794735499 ], [ -118.164799391919999, 34.064904737121999 ], [ -118.164804372464999, 34.064888639835203 ], [ -118.164809304247001, 34.0648725354025 ], [ -118.164814231617001, 34.064856392209897 ], [ -118.164819107073001, 34.064840291459802 ], [ -118.164823936945993, 34.0648241483999 ], [ -118.164828760402003, 34.064808047720398 ], [ -118.164833582678, 34.064791899261301 ], [ -118.164838360546995, 34.064775755370199 ], [ -118.164843082081006, 34.064759608851297 ], [ -118.164847809042001, 34.064743469536999 ], [ -118.164852473077005, 34.064727281625899 ], [ -118.164857144777002, 34.0647111360759 ], [ -118.164861768723995, 34.064694946416097 ], [ -118.164866332095997, 34.064678801915299 ], [ -118.164870901887994, 34.0646626177382 ], [ -118.164879876797002, 34.064630242396099 ], [ -118.164884446553003, 34.0646140428927 ], [ -118.164888909140998, 34.064597882301101 ], [ -118.164893425803996, 34.064581677460602 ], [ -118.164897835310995, 34.064565517842603 ], [ -118.164902250148003, 34.064549314943903 ], [ -118.164906660650004, 34.064533112050903 ], [ -118.164911024573001, 34.064516911024398 ], [ -118.164915332158998, 34.0645007064686 ], [ -118.164919639744994, 34.064484502814203 ], [ -118.164923898501002, 34.064468257755998 ], [ -118.164928152998002, 34.064452051469203 ], [ -118.164932360833006, 34.064435803775602 ], [ -118.164936564342995, 34.064419561496997 ], [ -118.164940721262994, 34.064403314774097 ], [ -118.164944826180005, 34.064387065417698 ], [ -118.164948927851995, 34.064370819671602 ], [ -118.164953032770995, 34.064354573019401 ], [ -118.164957031531998, 34.064338327413701 ], [ -118.164961078953993, 34.064322039369401 ], [ -118.164965027877997, 34.064305792028399 ], [ -118.164968976712998, 34.064289500512402 ], [ -118.164972924471002, 34.064273212604 ], [ -118.164976821308002, 34.064256921158901 ], [ -118.164980662901996, 34.0642406324936 ], [ -118.164984510992994, 34.064224342917797 ], [ -118.164988353661997, 34.064208051546402 ], [ -118.164992097753995, 34.064191760309399 ], [ -118.164995838512993, 34.0641754276065 ], [ -118.164999580441005, 34.064159139076899 ], [ -118.165003271366004, 34.064142805540399 ], [ -118.165006961204, 34.064126471103698 ], [ -118.165010597964994, 34.064110138542503 ], [ -118.165014188144994, 34.064093806044902 ], [ -118.165017770738004, 34.064077471754402 ], [ -118.165021308918995, 34.064061139327698 ], [ -118.165024844933995, 34.064044807805203 ], [ -118.165028326780998, 34.064028473652201 ], [ -118.165031758713994, 34.064012098096804 ], [ -118.165035196057005, 34.063995719829499 ], [ -118.165038623740003, 34.063979387553303 ], [ -118.165042006918, 34.063963009359703 ], [ -118.165045338105003, 34.063946633941697 ], [ -118.165048666041997, 34.063930259429597 ], [ -118.165051940891004, 34.063913881383897 ], [ -118.165055169160993, 34.063897504303199 ], [ -118.165058390935997, 34.063881129936 ], [ -118.165061619116997, 34.063864708680399 ], [ -118.165064794299994, 34.063848329869003 ], [ -118.165067916416007, 34.063831957440797 ], [ -118.165071037352007, 34.063815536331603 ], [ -118.165074110627003, 34.063799117090397 ], [ -118.165077180729, 34.063782737520903 ], [ -118.165080199843004, 34.063766320156702 ], [ -118.165083170198997, 34.063749897449902 ], [ -118.165086140561002, 34.063733478349199 ], [ -118.165089104423004, 34.0637170592573 ], [ -118.165091970705006, 34.063700597025303 ], [ -118.165094885811001, 34.063684174393799 ], [ -118.165097700182002, 34.063667755506003 ], [ -118.165100512299006, 34.063651293348002 ], [ -118.165103326666994, 34.063634874460099 ], [ -118.165106088955, 34.063618413271499 ], [ -118.165108799321999, 34.063601990919601 ], [ -118.165111508519999, 34.063585525295899 ], [ -118.165116827266004, 34.0635526004952 ], [ -118.165119434638001, 34.063536135912003 ], [ -118.165122037676994, 34.063519672236197 ], [ -118.165124594141005, 34.063503211328701 ], [ -118.165127112492002, 34.063486649501897 ], [ -118.165127764743005, 34.063482329384598 ], [ -118.165129581244997, 34.063470205843302 ], [ -118.165164966912002, 34.063232839859502 ], [ -118.165240920157999, 34.062726460716199 ], [ -118.165303052205999, 34.0623042753124 ], [ -118.165303341862, 34.062302302370497 ], [ -118.167015969367, 34.062300211309598 ], [ -118.171191753881999, 34.062295114840403 ], [ -118.171202318634997, 34.062295125108399 ], [ -118.171407451274007, 34.062295356147899 ], [ -118.171847204130003, 34.062295775229799 ], [ -118.171939828182005, 34.062253271539802 ], [ -118.172090044311005, 34.062184004078503 ], [ -118.172236995217006, 34.0621162520494 ], [ -118.172381438605001, 34.062049739416601 ], [ -118.172410334380999, 34.062036425860498 ], [ -118.172495073784006, 34.0619974228185 ], [ -118.172554183089005, 34.061970051803897 ], [ -118.172699384802002, 34.061903291589701 ], [ -118.172843300666003, 34.061837137065403 ], [ -118.172888981281005, 34.061905807868001 ], [ -118.173035176634002, 34.062125860997398 ], [ -118.173147389359997, 34.062074129112098 ], [ -118.173180496976002, 34.062058900796302 ], [ -118.173183168950004, 34.062057688014498 ], [ -118.173311250992001, 34.0619987552463 ], [ -118.173325105249006, 34.061992387699 ], [ -118.173330284667003, 34.061990023668997 ], [ -118.173398693954994, 34.062092636685499 ], [ -118.173406061383005, 34.062103806872003 ], [ -118.173303371558006, 34.062163968154103 ], [ -118.173271812080998, 34.062182443393503 ], [ -118.173076176327001, 34.0622968610882 ], [ -118.173076374556999, 34.062296860804203 ], [ -118.173075732978006, 34.062297235858203 ], [ -118.173105084238003, 34.062297276735102 ], [ -118.173228301869003, 34.062297431835098 ], [ -118.173411216415005, 34.0622976633883 ], [ -118.173599971694998, 34.062297876352702 ], [ -118.173795568672006, 34.062298099011102 ], [ -118.173970129268, 34.062298286745097 ], [ -118.174063336011002, 34.062298427420799 ], [ -118.174285870803999, 34.062298683484002 ], [ -118.174489684148995, 34.062298939139701 ], [ -118.174593192371006, 34.062299064523302 ], [ -118.174757452576003, 34.0622992660088 ], [ -118.174882322128994, 34.062299415228097 ], [ -118.175748865765996, 34.062299083277402 ], [ -118.179090176665994, 34.062301860566897 ], [ -118.179124685673003, 34.062301116116402 ], [ -118.179325904584999, 34.062301307957497 ], [ -118.179733498348, 34.062301581088803 ], [ -118.180277948715997, 34.062302006553502 ], [ -118.180885856977994, 34.062302498620497 ], [ -118.180904345536007, 34.062302498876903 ], [ -118.181314153174995, 34.062303148310797 ], [ -118.181314343199006, 34.0621929036216 ], [ -118.181314503913995, 34.062092126837001 ], [ -118.181315177087995, 34.0617589864381 ], [ -118.181322284087003, 34.061758975768697 ], [ -118.181361871518007, 34.061758971323599 ], [ -118.181570702003, 34.061759152500599 ], [ -118.181896247617999, 34.061759376667503 ], [ -118.181923947868, 34.061759417887501 ], [ -118.182271515441997, 34.061759662863302 ], [ -118.182622879760999, 34.061759929045401 ], [ -118.182974276639001, 34.061760222103402 ], [ -118.183280507449993, 34.0617604997461 ], [ -118.183353771189005, 34.061760497631496 ], [ -118.183423788004006, 34.061760759142501 ], [ -118.183427135187998, 34.061760771188098 ], [ -118.185489525213995, 34.061762073157801 ], [ -118.185702952908997, 34.061762246440097 ], [ -118.186039583292001, 34.061762518123302 ], [ -118.186562898570003, 34.061762865764599 ], [ -118.186622097851995, 34.061762907732799 ], [ -118.187134220242001, 34.061763272897601 ], [ -118.187183745246998, 34.061763306139703 ], [ -118.187421238930995, 34.061763489571 ], [ -118.187679591128003, 34.061763663564399 ], [ -118.187965317533994, 34.0617638782483 ], [ -118.188019003245003, 34.061763932620003 ], [ -118.188358382743999, 34.061764145779499 ], [ -118.188697794803005, 34.0617643849803 ], [ -118.189036579866993, 34.061764707149301 ], [ -118.189224047913996, 34.061764770592703 ], [ -118.189429742323, 34.061764860153403 ], [ -118.189470881860998, 34.0617652635163 ], [ -118.189810920986005, 34.061765443612003 ], [ -118.190150398569003, 34.061765431608499 ], [ -118.190489744939001, 34.061765831758301 ], [ -118.190829157967997, 34.061766009974498 ], [ -118.191359339745006, 34.061766298036297 ], [ -118.191624035226994, 34.061766427397302 ], [ -118.191679470593002, 34.061766587352501 ], [ -118.192389329921994, 34.061766942609601 ], [ -118.192637182051001, 34.061766927091597 ], [ -118.192704179293997, 34.063759860206702 ], [ -118.197023180689996, 34.064568860188203 ], [ -118.195687180286001, 34.067154860189198 ], [ -118.195345180656005, 34.068215860616398 ], [ -118.194507924768004, 34.071739011644702 ], [ -118.194224582120995, 34.072931308055999 ], [ -118.194191181030007, 34.073071860679597 ], [ -118.193720180653003, 34.075967861352296 ], [ -118.193751180283996, 34.076714861754198 ], [ -118.193481180730998, 34.078252862075999 ], [ -118.193314180799007, 34.078431861373602 ], [ -118.193393180818006, 34.079080861819598 ], [ -118.193194630736002, 34.0801391746663 ], [ -118.193181181542997, 34.080210861507503 ], [ -118.192895181197997, 34.080707862376599 ], [ -118.188988180250007, 34.084901862432702 ], [ -118.187500180203998, 34.085797862461099 ], [ -118.187514180739001, 34.086262862642499 ], [ -118.184242180067997, 34.086294863367698 ], [ -118.184180180371996, 34.087233862832903 ], [ -118.178008180735006, 34.101925864853499 ], [ -118.178008179632997, 34.098732864599299 ] ] ] } },
{ "type": "Feature", "properties": { "objectid": 29, "name": "Elysian Park", "area_sqmi": 1.645880132618686, "source_url": "https://services5.arcgis.com/7nsPwEMP38bSkCjy/arcgis/rest/services/LA_Times_Neighborhoods/FeatureServer/0", "fetched_at": "2025-12-07T08:52:51.283518" }, "geometry": { "type": "Polygon", "coordinates": [ [ [ -118.242458190009003, 34.093907860877202 ], [ -118.240569699697005, 34.091984704223798 ], [ -118.238917189109998, 34.090301860877297 ], [ -118.237999247689004, 34.089541375596603 ], [ -118.237524503909, 34.089148066630003 ], [ -118.237273189434006, 34.088939860469402 ], [ -118.231522188292004, 34.0853678602288 ], [ -118.231401188026993, 34.0854918605419 ], [ -118.228585187609994, 34.083511860119799 ], [ -118.227615611944003, 34.083063927852898 ], [ -118.227473151075003, 34.082998113067099 ], [ -118.22738818693, 34.082958859892798 ], [ -118.227165186628994, 34.081379860528799 ], [ -118.226442186567994, 34.0800928601343 ], [ -118.226446401597002, 34.080089393961501 ], [ -118.226667186975007, 34.079907859668801 ], [ -118.225353185638994, 34.074308859546797 ], [ -118.225541185978997, 34.073871859587399 ], [ -118.225169185625006, 34.071946859316 ], [ -118.225175167591999, 34.071946337898602 ], [ -118.227085186511005, 34.071779859282898 ], [ -118.230059186391998, 34.071071859151701 ], [ -118.234026187083003, 34.068382858614598 ], [ -118.235866186853997, 34.066758857907502 ], [ -118.237286187237004, 34.067274857806503 ], [ -118.237681187522995, 34.067588857755197 ], [ -118.238950188160999, 34.067177857859903 ], [ -118.239248187938003, 34.067261857663901 ], [ -118.239274187779003, 34.067843857712901 ], [ -118.239970187755006, 34.067653857824801 ], [ -118.240172188241999, 34.067262858306201 ], [ -118.241555187700001, 34.067701857595203 ], [ -118.242064187783001, 34.067721857777897 ], [ -118.246101265728996, 34.0714460794076 ], [ -118.246903189622003, 34.072185858271901 ], [ -118.246970093870004, 34.072322838936699 ], [ -118.248632189743006, 34.075725858620899 ], [ -118.249035189668007, 34.078006858672097 ], [ -118.248248190282993, 34.080751858629 ], [ -118.248937190609993, 34.081276859316098 ], [ -118.249995190549996, 34.082502858554001 ], [ -118.248846190429006, 34.083926859148697 ], [ -118.248835190562005, 34.085280859313102 ], [ -118.248262190576, 34.085932859085197 ], [ -118.246199190810003, 34.087746860007201 ], [ -118.244653190134997, 34.088354859644497 ], [ -118.243691189708002, 34.089055860337901 ], [ -118.243719190308994, 34.090514860354901 ], [ -118.245594190909003, 34.091425860140099 ], [ -118.245228190896, 34.092012860501498 ], [ -118.244907190418999, 34.093212860495399 ], [ -118.244596190788997, 34.093756860698001 ], [ -118.244235190612997, 34.093937860323997 ], [ -118.243308190841006, 34.093488860271201 ], [ -118.243087190477993, 34.093682860326098 ], [ -118.243633190308003, 34.094194860960897 ], [ -118.243432190179007, 34.094479860681901 ], [ -118.244432191306998, 34.095555860831197 ], [ -118.243565119506997, 34.094831984355601 ], [ -118.242458190009003, 34.093907860877202 ] ] ] } },
{ "type": "Feature", "properties": { "objectid": 30, "name": "Elysian Valley", "area_sqmi": 0.77724131789653939, "source_url": "https://services5.arcgis.com/7nsPwEMP38bSkCjy/arcgis/rest/services/LA_Times_Neighborhoods/FeatureServer/0", "fetched_at": "2025-12-07T08:52:51.283518" }, "geometry": { "type": "Polygon", "coordinates": [ [ [ -118.249741193077995, 34.108428861950003 ], [ -118.249512192767995, 34.108405861801103 ], [ -118.249453192627996, 34.108663861462901 ], [ -118.249428849321006, 34.108657897590099 ], [ -118.246559192332995, 34.107954862374299 ], [ -118.244219191900001, 34.106633861695002 ], [ -118.243183191680998, 34.1057448615109 ], [ -118.242419190918, 34.104633862078998 ], [ -118.242519191423, 34.102239861817303 ], [ -118.242119191227999, 34.099310861596898 ], [ -118.240363190772996, 34.096597860676702 ], [ -118.238450190150004, 34.094802861325299 ], [ -118.236263189805996, 34.094091860950698 ], [ -118.233325189235998, 34.0936128610685 ], [ -118.232219188157998, 34.0932148615911 ], [ -118.230686188815994, 34.0921888608149 ], [ -118.230023187895995, 34.091474860833003 ], [ -118.228802187368998, 34.0898448606588 ], [ -118.228271187602999, 34.088218861127601 ], [ -118.227615611944003, 34.083063927852898 ], [ -118.227613187190002, 34.083044860535999 ], [ -118.228585187609994, 34.083511860119799 ], [ -118.231401188026993, 34.0854918605419 ], [ -118.231522188292004, 34.0853678602288 ], [ -118.237524503909, 34.089148066630003 ], [ -118.237705188955005, 34.089261860456297 ], [ -118.237999247689004, 34.089541375596603 ], [ -118.240569699697005, 34.091984704223798 ], [ -118.243565119506997, 34.094831984355601 ], [ -118.244317182543995, 34.095546853192097 ], [ -118.244011191132998, 34.095522861076603 ], [ -118.244129190953998, 34.095643860688199 ], [ -118.244226328671999, 34.095651778167003 ], [ -118.244448191039993, 34.095669860494397 ], [ -118.244792191309998, 34.095990861188 ], [ -118.244535190636995, 34.095676860642499 ], [ -118.245134461351995, 34.095840863711103 ], [ -118.245306191100994, 34.095887860918999 ], [ -118.245400842685001, 34.095993800630602 ], [ -118.246329191586, 34.0970328606452 ], [ -118.249917862602999, 34.099506319310898 ], [ -118.249991192495003, 34.099556860756699 ], [ -118.250725192109996, 34.100909860990498 ], [ -118.250779738667006, 34.100807665531903 ], [ -118.250812192807999, 34.100746861063698 ], [ -118.250823933679001, 34.100907192178298 ], [ -118.250841192463, 34.101142860976402 ], [ -118.251503192827002, 34.102436861046797 ], [ -118.253705193464, 34.1046388612613 ], [ -118.255927193196001, 34.105552861299401 ], [ -118.256555193449003, 34.105981861602999 ], [ -118.253418193542998, 34.108642861307104 ], [ -118.249617193261997, 34.108909861963497 ], [ -118.249741193077995, 34.108428861950003 ] ] ] } },
{ "type": "Feature", "properties": { "objectid": 31, "name": "Encino", "area_sqmi": 9.7953996323580981, "source_url": "https://services5.arcgis.com/7nsPwEMP38bSkCjy/arcgis/rest/services/LA_Times_Neighborhoods/FeatureServer/0", "fetched_at": "2025-12-07T08:52:51.283518" }, "geometry": { "type": "MultiPolygon", "coordinates": [ [ [ [ -118.518516243375998, 34.180328854615098 ], [ -118.518517244150999, 34.180139854530303 ], [ -118.507593241322994, 34.180235854966703 ], [ -118.507593241993007, 34.179792855184601 ], [ -118.505960241932002, 34.179750854822302 ], [ -118.505894240852001, 34.173916854791301 ], [ -118.506118240695997, 34.173584854204798 ], [ -118.505895240480001, 34.173251854291699 ], [ -118.505952240808995, 34.172240853822899 ], [ -118.499709239338003, 34.172216854328397 ], [ -118.499272239592003, 34.172032854212098 ], [ -118.498676239583006, 34.1714798545542 ], [ -118.497710238824993, 34.169646854677197 ], [ -118.496444238737993, 34.168409854147498 ], [ -118.494433238604998, 34.167392854765197 ], [ -118.492371237897999, 34.167016854415301 ], [ -118.492369238354996, 34.165330854065601 ], [ -118.490534238261006, 34.165090853982598 ], [ -118.476193560566998, 34.165204865146301 ], [ -118.475943234916997, 34.165206854971501 ], [ -118.475801892812996, 34.165172684751099 ], [ -118.474760234593006, 34.164920854960101 ], [ -118.474912235226995, 34.1648098554383 ], [ -118.474911234716004, 34.163951855114099 ], [ -118.474087235412, 34.164019855148801 ], [ -118.473619235328997, 34.164460855592701 ], [ -118.473242234604001, 34.164209855188602 ], [ -118.472412234746997, 34.163394855301298 ], [ -118.471437233922998, 34.161916855336599 ], [ -118.470952234760006, 34.162245854751902 ], [ -118.472477234238994, 34.163989855139903 ], [ -118.471317233991996, 34.163051854889197 ], [ -118.471217514073004, 34.163049880590698 ], [ -118.471015842003993, 34.1630458872513 ], [ -118.470913234717003, 34.163043855431802 ], [ -118.470874788242995, 34.163075342693602 ], [ -118.470574880385001, 34.163320968255 ], [ -118.470506162500001, 34.163377248357399 ], [ -118.470471234049, 34.163405854902898 ], [ -118.469663233923001, 34.162899855509202 ], [ -118.469656234018998, 34.158409855105702 ], [ -118.468411233116001, 34.154343854738499 ], [ -118.468764232867002, 34.155261854783497 ], [ -118.469015232971998, 34.1554328547005 ], [ -118.469165233496, 34.155279854761602 ], [ -118.468897233695003, 34.154264854110103 ], [ -118.468211233212003, 34.154150854158999 ], [ -118.468108232543997, 34.153115853996702 ], [ -118.468236233127001, 34.1517648539972 ], [ -118.468637232673004, 34.150263854371801 ], [ -118.469574233280994, 34.148355854164002 ], [ -118.470522233267005, 34.147947853830701 ], [ -118.470378232566006, 34.147621853807202 ], [ -118.471180232492998, 34.145805853546698 ], [ -118.471610232276007, 34.142564853184098 ], [ -118.471361232066002, 34.139012852365099 ], [ -118.471558232326998, 34.137320852756403 ], [ -118.474251232015007, 34.128681851492502 ], [ -118.474812232426004, 34.127539851085302 ], [ -118.475683231578998, 34.1263508509386 ], [ -118.477594232238999, 34.126196850810103 ], [ -118.478458232262, 34.126436850447597 ], [ -118.479108233236005, 34.127177850581901 ], [ -118.479266232992998, 34.128872850714103 ], [ -118.479557233462998, 34.129366851213803 ], [ -118.480533233629998, 34.129857851174997 ], [ -118.481133233487995, 34.129823850971697 ], [ -118.481671233426994, 34.130233851005997 ], [ -118.482657233865993, 34.130578850920401 ], [ -118.484059233748994, 34.1304378512068 ], [ -118.484947682623002, 34.1299662390931 ], [ -118.485016233775994, 34.129929851041602 ], [ -118.485114075189998, 34.129935063280598 ], [ -118.486687770583003, 34.130018904728402 ], [ -118.489014234232002, 34.130142851064001 ], [ -118.489057411082001, 34.130157424679403 ], [ -118.489394235144999, 34.130271116022499 ], [ -118.489648235261001, 34.1303568507251 ], [ -118.489683493366002, 34.130399461652601 ], [ -118.490091774625, 34.130892885265702 ], [ -118.490151582736004, 34.130965165389298 ], [ -118.490257235325004, 34.131092850350299 ], [ -118.490588235106003, 34.131223850858298 ], [ -118.491492235275999, 34.130939850707499 ], [ -118.492750884827004, 34.1310891016577 ], [ -118.492816235373994, 34.131096850835398 ], [ -118.494280235812994, 34.130212849926899 ], [ -118.495293236083, 34.129950849994898 ], [ -118.495833236118003, 34.130088850019 ], [ -118.496459235510002, 34.130612850699599 ], [ -118.496959235869994, 34.130654849844198 ], [ -118.497709236424001, 34.1301868501398 ], [ -118.498459235873995, 34.130107849867898 ], [ -118.499197236382003, 34.1297818497181 ], [ -118.499849235952993, 34.129755850413503 ], [ -118.501167236455998, 34.129032850013601 ], [ -118.502426237039003, 34.129332849976997 ], [ -118.502464236628995, 34.129744849583403 ], [ -118.501908236858, 34.130211849930603 ], [ -118.502020237238, 34.1304338500087 ], [ -118.502344236739006, 34.1304878495352 ], [ -118.503059236854, 34.129294849692201 ], [ -118.502798237109999, 34.128511850007698 ], [ -118.502849236713999, 34.128211849278301 ], [ -118.503122237206995, 34.127958849680098 ], [ -118.503608453715003, 34.127793872168198 ], [ -118.503841721588998, 34.127714721983999 ], [ -118.503903237054999, 34.127693849100503 ], [ -118.504426236748003, 34.1278538494524 ], [ -118.505057237052, 34.128629849476901 ], [ -118.506872237744005, 34.129295849351699 ], [ -118.507211237608999, 34.129809849309503 ], [ -118.507295238064003, 34.130272849392 ], [ -118.508534238425995, 34.131126849939498 ], [ -118.509533237818005, 34.1306688492989 ], [ -118.510421237922998, 34.1306308495964 ], [ -118.511149238756005, 34.129846848936502 ], [ -118.513013238856004, 34.129035848877002 ], [ -118.516269238934001, 34.128801849016 ], [ -118.516770239299007, 34.128948849249802 ], [ -118.517959238852995, 34.128817848868202 ], [ -118.518867239716002, 34.129080848751499 ], [ -118.519658239487995, 34.128755849001401 ], [ -118.520730240093002, 34.128746848534 ], [ -118.521832240113994, 34.127999848307098 ], [ -118.522994624413002, 34.128399535613902 ], [ -118.523068240258993, 34.128424848806702 ], [ -118.524788240514994, 34.128649848712499 ], [ -118.525448240426002, 34.128497848276297 ], [ -118.526285241119993, 34.1285628484084 ], [ -118.526418359489995, 34.128621631673496 ], [ -118.527141240663994, 34.128940848391501 ], [ -118.528345240766001, 34.128925848587699 ], [ -118.529736241004997, 34.129371847795802 ], [ -118.529254241375, 34.130732848680402 ], [ -118.528875241519003, 34.130507848081301 ], [ -118.528874240961997, 34.130006848233101 ], [ -118.528429241433997, 34.129649848105402 ], [ -118.528259241007007, 34.129680848754099 ], [ -118.527941240976006, 34.130304848652202 ], [ -118.52759424109, 34.130501848775197 ], [ -118.527759241267006, 34.1309988483493 ], [ -118.527538240959998, 34.131406848615399 ], [ -118.527552240893002, 34.131852849027602 ], [ -118.526730240972, 34.132001848945698 ], [ -118.526364241276994, 34.132459849060801 ], [ -118.526360598986003, 34.132491427917302 ], [ -118.526288241404004, 34.133118848594201 ], [ -118.526569240770002, 34.133809848865702 ], [ -118.526492241102005, 34.134860848930401 ], [ -118.526076241495005, 34.1355068490641 ], [ -118.526723241821998, 34.135743849068099 ], [ -118.527248241134004, 34.1365638490512 ], [ -118.526766241923994, 34.138277849643799 ], [ -118.527310241210998, 34.139242849208003 ], [ -118.527381241639006, 34.139652849501203 ], [ -118.527080242327003, 34.140550849948397 ], [ -118.526003241476005, 34.142090849717398 ], [ -118.525990241610998, 34.143651849573999 ], [ -118.525816241347997, 34.144101849639299 ], [ -118.526399241568001, 34.144279850024503 ], [ -118.528023242283993, 34.144243849970401 ], [ -118.529888242157, 34.1450808501259 ], [ -118.530566243216001, 34.1451758498714 ], [ -118.530879242512, 34.146252849902403 ], [ -118.530909242934001, 34.147764849754203 ], [ -118.530848243327, 34.148366850557998 ], [ -118.530584242686999, 34.148770850329001 ], [ -118.530983242855996, 34.149126850646702 ], [ -118.531030968972004, 34.149614710181297 ], [ -118.531037243010999, 34.149678849936301 ], [ -118.530824243577996, 34.1500438508466 ], [ -118.530333242885007, 34.1502668502362 ], [ -118.528349242627996, 34.150133850225203 ], [ -118.528062243170993, 34.149963850638201 ], [ -118.527890242552004, 34.149618850216299 ], [ -118.528264242876006, 34.1489408504547 ], [ -118.527804242480997, 34.148539850096398 ], [ -118.527534242729004, 34.147954849981801 ], [ -118.527012242682005, 34.148118850688299 ], [ -118.526531242277002, 34.148746850534501 ], [ -118.526484242495997, 34.15046185061 ], [ -118.525790242097003, 34.151034851205203 ], [ -118.525594242848001, 34.152567850771902 ], [ -118.525141242005006, 34.153345850844502 ], [ -118.525409243153007, 34.154210850840201 ], [ -118.525777242329994, 34.154534851384497 ], [ -118.527967242873999, 34.154306850889697 ], [ -118.528870243713001, 34.1544818507423 ], [ -118.527241243315999, 34.158653851261597 ], [ -118.527308242038004, 34.186607868975699 ], [ -118.527308245889998, 34.186609854156799 ], [ -118.518493244189997, 34.186617855243803 ], [ -118.518516243375998, 34.180328854615098 ] ] ], [ [ [ -118.516420243786001, 34.180996854473001 ], [ -118.518283244204, 34.180990854444197 ], [ -118.518280240102001, 34.1817898549793 ], [ -118.518277243357005, 34.1825858542527 ], [ -118.516368433745996, 34.182553880109502 ], [ -118.516307243537995, 34.182552854831997 ], [ -118.516305664460006, 34.182507284088402 ], [ -118.516288876073006, 34.182022839734799 ], [ -118.516258243644998, 34.181138854754401 ], [ -118.516362245620996, 34.181047692160398 ], [ -118.516408127342999, 34.1810074740891 ], [ -118.516420243786001, 34.180996854473001 ] ] ] ] } },
{ "type": "Feature", "properties": { "objectid": 32, "name": "Exposition Park", "area_sqmi": 1.8397512221060466, "source_url": "https://services5.arcgis.com/7nsPwEMP38bSkCjy/arcgis/rest/services/LA_Times_Neighborhoods/FeatureServer/0", "fetched_at": "2025-12-07T08:52:51.283518" }, "geometry": { "type": "Polygon", "coordinates": [ [ [ -118.291547192058005, 34.0183748496259 ], [ -118.282943191460006, 34.018355849750797 ], [ -118.279858190357999, 34.018487849884302 ], [ -118.279860105462006, 34.018483925595298 ], [ -118.280341190211004, 34.017497849882197 ], [ -118.280606190156007, 34.017614850365703 ], [ -118.281082190576996, 34.0159238499567 ], [ -118.281253190624994, 34.013786849403999 ], [ -118.281124141495994, 34.011108596676699 ], [ -118.281123189634997, 34.011088849101 ], [ -118.281124365325994, 34.011088855377999 ], [ -118.284128887015001, 34.011104009668799 ], [ -118.286476191256, 34.011115849244 ], [ -118.291551191481005, 34.010868848425403 ], [ -118.317081232261998, 34.0108277102904 ], [ -118.318237196552005, 34.010825847299401 ], [ -118.318248196658999, 34.018278848258902 ], [ -118.317705197283004, 34.018884848374199 ], [ -118.317671196933006, 34.019131848059402 ], [ -118.317653197640993, 34.025545848998298 ], [ -118.302762195162998, 34.025511850014603 ], [ -118.291552596393004, 34.025501854377403 ], [ -118.291550192661006, 34.025501850265599 ], [ -118.291547192058005, 34.0183748496259 ] ] ] } },
{ "type": "Feature", "properties": { "objectid": 33, "name": "Fairfax", "area_sqmi": 1.2288599195151999, "source_url": "https://services5.arcgis.com/7nsPwEMP38bSkCjy/arcgis/rest/services/LA_Times_Neighborhoods/FeatureServer/0", "fetched_at": "2025-12-07T08:52:51.283518" }, "geometry": { "type": "Polygon", "coordinates": [ [ [ -118.345631205347999, 34.068892852566499 ], [ -118.346153235417006, 34.068993506836897 ], [ -118.353701207203002, 34.0704488507685 ], [ -118.361411194631998, 34.071519185297198 ], [ -118.361423210525004, 34.071520850669103 ], [ -118.361551212921, 34.087122855074099 ], [ -118.361454977579001, 34.087122976659799 ], [ -118.352812206641005, 34.087133852242303 ], [ -118.352812223203998, 34.087146952935498 ], [ -118.352810816908999, 34.087146935574502 ], [ -118.352811760180998, 34.087200806332199 ], [ -118.352811855439001, 34.087325834679902 ], [ -118.352811914667001, 34.087339874465997 ], [ -118.352812009198999, 34.087463201491197 ], [ -118.352812033763996, 34.087469024567604 ], [ -118.352812120703007, 34.087584435354202 ], [ -118.352812146410997, 34.0875981746888 ], [ -118.352812280847999, 34.087723315630001 ], [ -118.352812297761005, 34.087727324697497 ], [ -118.352812398511006, 34.087846009288498 ], [ -118.352812412627003, 34.087857000775102 ], [ -118.352812553541, 34.087983676648399 ], [ -118.352812561760004, 34.087985624829798 ], [ -118.352812451231998, 34.088107744891502 ], [ -118.352811094022996, 34.0881147795685 ], [ -118.352812797921999, 34.088244971602499 ], [ -118.352812946615998, 34.088382665817598 ], [ -118.352813097956997, 34.088519458377 ], [ -118.352813248960999, 34.088657700016498 ], [ -118.352813190462996, 34.088712641727099 ], [ -118.352813351422, 34.088767614998702 ], [ -118.352813401410998, 34.088904847946502 ], [ -118.352812432242999, 34.088910593420898 ], [ -118.352812540510996, 34.088966838815601 ], [ -118.35119271792, 34.088954351800403 ], [ -118.351128898354006, 34.088953678584701 ], [ -118.350169448726007, 34.088946244563999 ], [ -118.346243091245995, 34.088915086770498 ], [ -118.346234698638995, 34.088915024951199 ], [ -118.344071201356996, 34.088896286993801 ], [ -118.344061102826004, 34.083435857692798 ], [ -118.344034204058005, 34.068897851926003 ], [ -118.344066307497002, 34.068897749748203 ], [ -118.345631205347999, 34.068892852566499 ] ], [ [ -118.358481735615996, 34.075710001855199 ], [ -118.357557127118994, 34.075714008838901 ], [ -118.357557811590993, 34.075988794924697 ], [ -118.358482455396, 34.075984793206899 ], [ -118.358481735615996, 34.075710001855199 ] ] ] } },
{ "type": "Feature", "properties": { "objectid": 34, "name": "Florence", "area_sqmi": 2.795255517836424, "source_url": "https://services5.arcgis.com/7nsPwEMP38bSkCjy/arcgis/rest/services/LA_Times_Neighborhoods/FeatureServer/0", "fetched_at": "2025-12-07T08:52:51.283518" }, "geometry": { "type": "Polygon", "coordinates": [ [ [ -118.256451183777003, 33.982462847457299 ], [ -118.256405181790996, 33.960175845359203 ], [ -118.259103656549996, 33.960159752526401 ], [ -118.269503205101998, 33.960097732698898 ], [ -118.280719185406994, 33.960030843820697 ], [ -118.280716187023003, 33.980215846136097 ], [ -118.280538187942, 33.982382846103398 ], [ -118.280750188243005, 33.982381846363602 ], [ -118.280623188459003, 33.986005846920399 ], [ -118.280411187637995, 33.986006846417197 ], [ -118.280402187801997, 33.989158847216601 ], [ -118.256448184378996, 33.989321848267899 ], [ -118.256451183777003, 33.982462847457299 ] ] ] } },
{ "type": "Feature", "properties": { "objectid": 35, "name": "Glassell Park", "area_sqmi": 2.8246246502859194, "source_url": "https://services5.arcgis.com/7nsPwEMP38bSkCjy/arcgis/rest/services/LA_Times_Neighborhoods/FeatureServer/0", "fetched_at": "2025-12-07T08:52:51.283518" }, "geometry": { "type": "Polygon", "coordinates": [ [ [ -118.229669191282994, 34.134880866072599 ], [ -118.229657166172004, 34.1343124448303 ], [ -118.229637732917993, 34.133393892432103 ], [ -118.229628191436007, 34.132942865829001 ], [ -118.228412190390003, 34.126300864677098 ], [ -118.228462190387006, 34.1252528653024 ], [ -118.227607189957993, 34.124800865288002 ], [ -118.226811190194994, 34.123784864591002 ], [ -118.226067189567999, 34.123569864616201 ], [ -118.225997189577996, 34.123030864954004 ], [ -118.225222189896996, 34.121907865000402 ], [ -118.224381189469995, 34.122315865069503 ], [ -118.223638190022996, 34.121471864826397 ], [ -118.221993189548996, 34.120923864921103 ], [ -118.221945278781007, 34.1208697474056 ], [ -118.220951188388995, 34.1197468645626 ], [ -118.218387188791993, 34.117787865053302 ], [ -118.219075188144004, 34.1164598645124 ], [ -118.219544188423001, 34.116048864302797 ], [ -118.219585305004003, 34.116061656264797 ], [ -118.220891824503994, 34.116468129019303 ], [ -118.222485750282004, 34.116964016478299 ], [ -118.222559189402006, 34.1169868640117 ], [ -118.222649198455997, 34.1169277957449 ], [ -118.222774170421005, 34.116845782092199 ], [ -118.222847188928, 34.116797864487999 ], [ -118.222988807121993, 34.116236946969302 ], [ -118.223000188442001, 34.116191863805 ], [ -118.223576188679999, 34.115914864172098 ], [ -118.224016188557997, 34.115429863719697 ], [ -118.224007041982006, 34.115327337744603 ], [ -118.223998793902993, 34.115234891933603 ], [ -118.223992188542994, 34.115160864076401 ], [ -118.221021188720002, 34.1114578636953 ], [ -118.220922188179003, 34.110630863330002 ], [ -118.221644129878996, 34.108834813796797 ], [ -118.221660188254006, 34.108794863624098 ], [ -118.222306212470997, 34.1084199884912 ], [ -118.223871188754998, 34.107511863457702 ], [ -118.224862955641001, 34.106818070442998 ], [ -118.224908836815004, 34.106785975279202 ], [ -118.224986188798994, 34.106731862905001 ], [ -118.225372188600005, 34.106220863240999 ], [ -118.226127188722003, 34.105884862872898 ], [ -118.226560422052003, 34.105728215354297 ], [ -118.228496689321005, 34.105028104888397 ], [ -118.228688188798003, 34.104958862911303 ], [ -118.228794712487996, 34.104954016578297 ], [ -118.231128189572999, 34.104847862397499 ], [ -118.231458239074001, 34.104787984710399 ], [ -118.232054183225003, 34.104679869617897 ], [ -118.232495190136007, 34.104599862034803 ], [ -118.232646872946006, 34.104520944820798 ], [ -118.233211149754993, 34.104227363288103 ], [ -118.237081189861996, 34.102213862112002 ], [ -118.227391187897993, 34.090651861573299 ], [ -118.226568187759995, 34.089417861181303 ], [ -118.226513067427007, 34.0892771751354 ], [ -118.225938186856993, 34.087809861297501 ], [ -118.225725187440005, 34.086231860838801 ], [ -118.225850187245001, 34.084824860357898 ], [ -118.226382186281995, 34.082683860259799 ], [ -118.226725187149995, 34.082763860757403 ], [ -118.226110951552997, 34.085185002980197 ], [ -118.226073186701001, 34.085333860513302 ], [ -118.226081130015004, 34.085512218949397 ], [ -118.226172186726004, 34.087556860457397 ], [ -118.226666035606002, 34.088973044335503 ], [ -118.226716187611004, 34.089116860734002 ], [ -118.226864836244999, 34.089346219690597 ], [ -118.227442703074999, 34.090237839218602 ], [ -118.227624187824006, 34.090517860988797 ], [ -118.228423605322007, 34.091431553296502 ], [ -118.229044146923997, 34.092140798600198 ], [ -118.229219187938, 34.092340860802601 ], [ -118.230704187981999, 34.093405861184998 ], [ -118.227284187261006, 34.089693860664902 ], [ -118.226936186738001, 34.082818860044902 ], [ -118.227473151075003, 34.082998113067099 ], [ -118.227613187190002, 34.083044860535999 ], [ -118.227615611944003, 34.083063927852898 ], [ -118.228271187602999, 34.088218861127601 ], [ -118.228802187368998, 34.0898448606588 ], [ -118.230023187895995, 34.091474860833003 ], [ -118.230686188815994, 34.0921888608149 ], [ -118.232219188157998, 34.0932148615911 ], [ -118.233325189235998, 34.0936128610685 ], [ -118.236263189805996, 34.094091860950698 ], [ -118.238450190150004, 34.094802861325299 ], [ -118.240363190772996, 34.096597860676702 ], [ -118.242119191227999, 34.099310861596898 ], [ -118.242519191423, 34.102239861817303 ], [ -118.242419190918, 34.104633862078998 ], [ -118.243183191680998, 34.1057448615109 ], [ -118.244219191900001, 34.106633861695002 ], [ -118.246559192332995, 34.107954862374299 ], [ -118.249428849321006, 34.108657897590099 ], [ -118.249453192627996, 34.108663861462901 ], [ -118.249221192630003, 34.109285861808999 ], [ -118.248761192849003, 34.109508862370603 ], [ -118.248045041557006, 34.110526993139402 ], [ -118.247995192803998, 34.110597862113799 ], [ -118.247477192484993, 34.111111862445398 ], [ -118.246450192908995, 34.111757862508099 ], [ -118.247452192511005, 34.113066862735799 ], [ -118.254138917215002, 34.118857693840198 ], [ -118.254143127576995, 34.118861340701002 ], [ -118.254123639122, 34.1188760045371 ], [ -118.254032163334003, 34.118944833217299 ], [ -118.252121446049003, 34.1202731701011 ], [ -118.251500485527004, 34.120704740066898 ], [ -118.251482713838996, 34.120717088374299 ], [ -118.251159707734999, 34.120941710622198 ], [ -118.251145517588, 34.1209515785335 ], [ -118.251145553463004, 34.1209516127171 ], [ -118.251145194329993, 34.120951863187898 ], [ -118.253651999271995, 34.123307678906301 ], [ -118.253533427866003, 34.123670813491898 ], [ -118.253277195020999, 34.124453862983003 ], [ -118.252876194403996, 34.124302863785402 ], [ -118.236676820797001, 34.126528830508398 ], [ -118.236498431591002, 34.126553296571501 ], [ -118.236179796073998, 34.126597006534503 ], [ -118.236016761810006, 34.126619362948297 ], [ -118.235759627047003, 34.126654653093802 ], [ -118.235570533102006, 34.126680604557102 ], [ -118.235381437876995, 34.126706527779298 ], [ -118.235250311252997, 34.126724534231997 ], [ -118.235250337059, 34.126724844308903 ], [ -118.235250191850994, 34.126724864425199 ], [ -118.235324191640998, 34.1276068652219 ], [ -118.235327496886995, 34.127612604252299 ], [ -118.235545502706998, 34.127999687957498 ], [ -118.235552708713996, 34.128012424286602 ], [ -118.235898528058001, 34.128606857675898 ], [ -118.235940067065997, 34.128678276229302 ], [ -118.236000830332998, 34.128782714623703 ], [ -118.236031145699002, 34.1288348649719 ], [ -118.236039462969003, 34.128889421188198 ], [ -118.236478476816004, 34.1317851190569 ], [ -118.236614427540005, 34.132718712601402 ], [ -118.236607489603003, 34.132787474341697 ], [ -118.236285629638999, 34.134500539578397 ], [ -118.236270664675004, 34.134500462448301 ], [ -118.236148090583995, 34.134497625033497 ], [ -118.236053912995999, 34.134498248022801 ], [ -118.235951969724994, 34.1344989419919 ], [ -118.235824184795007, 34.134499823324298 ], [ -118.235748678302002, 34.134500300564198 ], [ -118.235080121557004, 34.134507153293796 ], [ -118.234787573898004, 34.134508494471902 ], [ -118.234757404106006, 34.1345086324013 ], [ -118.234386770290001, 34.134510304536597 ], [ -118.234361887901997, 34.134510415887497 ], [ -118.234104169641995, 34.134511575189102 ], [ -118.233953583079995, 34.134512278726199 ], [ -118.233742261217003, 34.134513649465703 ], [ -118.233718966081994, 34.1345141615015 ], [ -118.233718965685995, 34.1345144076206 ], [ -118.233617191937, 34.134514865796099 ], [ -118.233610204379005, 34.1356029315805 ], [ -118.232181655264995, 34.135605110462997 ], [ -118.232095474125998, 34.1356052417024 ], [ -118.22957919177, 34.135605866339397 ], [ -118.229579218020007, 34.135605555260803 ], [ -118.229669191282994, 34.134880866072599 ] ] ] } },
{ "type": "Feature", "properties": { "objectid": 36, "name": "Gramercy Park", "area_sqmi": 1.1457970676884546, "source_url": "https://services5.arcgis.com/7nsPwEMP38bSkCjy/arcgis/rest/services/LA_Times_Neighborhoods/FeatureServer/0", "fetched_at": "2025-12-07T08:52:51.283518" }, "geometry": { "type": "Polygon", "coordinates": [ [ [ -118.300405124212006, 33.950017196856997 ], [ -118.300734879787996, 33.9500159081324 ], [ -118.300800823328004, 33.9500160114493 ], [ -118.300998660782994, 33.950015513399798 ], [ -118.301163522506002, 33.950015065812998 ], [ -118.301328381996001, 33.9500145990744 ], [ -118.301493279300999, 33.950014119394602 ], [ -118.301658138750994, 33.950013642288603 ], [ -118.301823003595999, 33.950013161337601 ], [ -118.301987865277994, 33.950012703608898 ], [ -118.302152726592993, 33.950012144684997 ], [ -118.302361804328996, 33.950011510762799 ], [ -118.302463885419002, 33.950011201632101 ], [ -118.302463362805995, 33.949544084687901 ], [ -118.302461880318006, 33.9487233332705 ], [ -118.302462310894995, 33.948399767487601 ], [ -118.302463337687001, 33.948169726269903 ], [ -118.302463452088006, 33.947826903809798 ], [ -118.302463516675999, 33.947662032680803 ], [ -118.302463574590007, 33.947447675940403 ], [ -118.302464743059005, 33.946567787867302 ], [ -118.302465613039999, 33.946397986096102 ], [ -118.302465628644995, 33.946356768319703 ], [ -118.302465780546996, 33.946015347687002 ], [ -118.302465813747006, 33.945944549020098 ], [ -118.302465846249007, 33.945736937585004 ], [ -118.302466188249994, 33.945479327688297 ], [ -118.304368840742001, 33.9454739552056 ], [ -118.305192188885002, 33.945471840350798 ], [ -118.305192189191004, 33.945471627590003 ], [ -118.305192447720003, 33.945471626935799 ], [ -118.305192769520005, 33.945348250579002 ], [ -118.305193125710005, 33.9452108572209 ], [ -118.305193515428002, 33.945073462878099 ], [ -118.305193871615003, 33.944936069523003 ], [ -118.305194261232003, 33.944798648137699 ], [ -118.305194428025999, 33.944734570004101 ], [ -118.305199010354997, 33.943225674759297 ], [ -118.305200088831995, 33.943122057941203 ], [ -118.305200509561004, 33.942983977482299 ], [ -118.305200899257002, 33.942846583164098 ], [ -118.305201321404994, 33.9427091896669 ], [ -118.305201743552004, 33.942571796171201 ], [ -118.305202134446006, 33.942434731812703 ], [ -118.305202590120999, 33.9422973382351 ], [ -118.305202947363995, 33.942159944908298 ], [ -118.305203369501996, 33.942022550517201 ], [ -118.305203792723006, 33.941885157026398 ], [ -118.305203902022001, 33.941849837702598 ], [ -118.309027188944, 33.941837839908104 ], [ -118.309027189792999, 33.941837776799197 ], [ -118.309028667353999, 33.9418377748163 ], [ -118.309030546350996, 33.940931115196499 ], [ -118.309033218459007, 33.940024830448898 ], [ -118.309035804776997, 33.939117882466 ], [ -118.309037366354005, 33.938446296479398 ], [ -118.309038099345997, 33.938214840704099 ], [ -118.313399190081995, 33.938218839381697 ], [ -118.313398760599995, 33.938426140767397 ], [ -118.313398584107006, 33.938446909658197 ], [ -118.313394331118005, 33.940030032124298 ], [ -118.313388796736007, 33.941842895613703 ], [ -118.313387497125007, 33.943199793782597 ], [ -118.313384440533, 33.945344023233901 ], [ -118.313384190452993, 33.945464840026197 ], [ -118.313384268340002, 33.9454648407253 ], [ -118.313384267835005, 33.945464994887502 ], [ -118.313457133979995, 33.945465066075897 ], [ -118.313511390475995, 33.945464927758998 ], [ -118.317732191426003, 33.945467839829 ], [ -118.317752665382997, 33.952713134321101 ], [ -118.317752670952999, 33.952722302827702 ], [ -118.317753644934996, 33.954536195421397 ], [ -118.317753850776, 33.954933255021899 ], [ -118.317754523692003, 33.956349786510202 ], [ -118.317755568094995, 33.958025653006402 ], [ -118.317756106375995, 33.959530737642098 ], [ -118.317756335081, 33.959976880955402 ], [ -118.300279964686993, 33.960017819410602 ], [ -118.300270189718006, 33.960017842840998 ], [ -118.300270402091002, 33.959485868383098 ], [ -118.300270408038003, 33.9594694195725 ], [ -118.300273983837002, 33.959292299544998 ], [ -118.300278106536993, 33.959026911536199 ], [ -118.300277603419005, 33.958241047963902 ], [ -118.300273947023001, 33.957454989444898 ], [ -118.300271427626001, 33.956916974004201 ], [ -118.300274191184002, 33.950017571567898 ], [ -118.300405124212006, 33.950017196856997 ] ] ] } },
{ "type": "Feature", "properties": { "objectid": 37, "name": "Granada Hills", "area_sqmi": 15.100763837742573, "source_url": "https://services5.arcgis.com/7nsPwEMP38bSkCjy/arcgis/rest/services/LA_Times_Neighborhoods/FeatureServer/0", "fetched_at": "2025-12-07T08:52:51.283518" }, "geometry": { "type": "Polygon", "coordinates": [ [ [ -118.489543250333995, 34.314687870266702 ], [ -118.485756249063996, 34.309646870567299 ], [ -118.477853246829, 34.301077869520803 ], [ -118.470076244515994, 34.293417869771403 ], [ -118.469975769892997, 34.293293771502803 ], [ -118.468481244749, 34.2914478697421 ], [ -118.468439786790995, 34.291364613345401 ], [ -118.468245348504993, 34.290974146636501 ], [ -118.467870244733007, 34.290220869709302 ], [ -118.467744244219006, 34.289766869536201 ], [ -118.469105244445998, 34.2910788693341 ], [ -118.470608245326005, 34.293616869598701 ], [ -118.469731245240993, 34.291719869118197 ], [ -118.468319243843993, 34.289365869289199 ], [ -118.467991243664002, 34.287589868881398 ], [ -118.468223244138997, 34.285654869085903 ], [ -118.469855243284002, 34.2790778681413 ], [ -118.469659244070996, 34.279076867797002 ], [ -118.471477243310005, 34.273872867696397 ], [ -118.471506232026996, 34.273751104592698 ], [ -118.471789160064006, 34.2725626795064 ], [ -118.471921243986998, 34.272007867203897 ], [ -118.471923458508002, 34.271854484045598 ], [ -118.472083886570005, 34.260745543396098 ], [ -118.472133242132003, 34.2573278654869 ], [ -118.502347262273005, 34.257519294381602 ], [ -118.521219250780007, 34.257638862244399 ], [ -118.523336250973998, 34.257495862454903 ], [ -118.523335251183994, 34.257343862170202 ], [ -118.523731251420003, 34.257270862817499 ], [ -118.529508251658001, 34.257270862438503 ], [ -118.529286252478997, 34.261902862861803 ], [ -118.527888251993005, 34.2650788634854 ], [ -118.527271252435995, 34.267266862977799 ], [ -118.526496252369, 34.267244863522698 ], [ -118.525704252650996, 34.269547863573003 ], [ -118.526567252616005, 34.272180864200898 ], [ -118.526889252261995, 34.272182864031201 ], [ -118.526467252730995, 34.273229864340998 ], [ -118.526350261779001, 34.275895115565902 ], [ -118.526325253151001, 34.276464864837301 ], [ -118.526366031242006, 34.276599857656301 ], [ -118.526473601820996, 34.276955966298097 ], [ -118.526631253016006, 34.277477864384402 ], [ -118.526982252666997, 34.277989864961199 ], [ -118.527041253467004, 34.2787318643758 ], [ -118.527491253739001, 34.279390864515101 ], [ -118.527185253170998, 34.279772864446898 ], [ -118.527327253390993, 34.280157864731898 ], [ -118.527583253561005, 34.280341865160899 ], [ -118.527550253097999, 34.281440864856897 ], [ -118.528000253247995, 34.281968864512599 ], [ -118.527655254110996, 34.283458865449802 ], [ -118.528350253927997, 34.284260864771497 ], [ -118.528846253656994, 34.286146865048998 ], [ -118.530388254838002, 34.286751865646799 ], [ -118.53328125569, 34.289934865903 ], [ -118.533360255042993, 34.2907208660028 ], [ -118.534221255820995, 34.290967865765403 ], [ -118.534406255918, 34.291660865947001 ], [ -118.534949256033002, 34.292100865545599 ], [ -118.535101256123994, 34.292457865764298 ], [ -118.535565255890006, 34.292704865916903 ], [ -118.539044256831005, 34.295730866016399 ], [ -118.540955256928001, 34.298798865812898 ], [ -118.540833257716002, 34.298818865936397 ], [ -118.540833475506005, 34.298819282378098 ], [ -118.540833357218006, 34.298819300937197 ], [ -118.541569033355003, 34.300224536315703 ], [ -118.541569154806993, 34.300224670102502 ], [ -118.541569257109003, 34.300224866181402 ], [ -118.541710381645998, 34.3003802930373 ], [ -118.542604800747995, 34.301365887728501 ], [ -118.542619852577999, 34.301404372972101 ], [ -118.543347013551994, 34.303263260609597 ], [ -118.544308243917996, 34.303944908038702 ], [ -118.543684257953998, 34.305719866756398 ], [ -118.543684464096998, 34.305720324716397 ], [ -118.543684453427005, 34.305720354515202 ], [ -118.543685177368999, 34.305721915442398 ], [ -118.547107039246995, 34.313350916546803 ], [ -118.547109158767, 34.313356013312102 ], [ -118.545523259269004, 34.315662867146003 ], [ -118.546308171188002, 34.317336677902098 ], [ -118.546306022031004, 34.317336188139301 ], [ -118.546212776928002, 34.317314932808102 ], [ -118.54288645586, 34.316556691334299 ], [ -118.534023257662994, 34.314535867950802 ], [ -118.534022790798005, 34.314535751005302 ], [ -118.533818615887995, 34.314689791328497 ], [ -118.533093730920996, 34.315236711506699 ], [ -118.532826206885005, 34.3154385545796 ], [ -118.527727293176, 34.3192835693674 ], [ -118.525309166419007, 34.321103700529903 ], [ -118.524204590181, 34.321935047815202 ], [ -118.523770654537998, 34.322262496425701 ], [ -118.521879576450999, 34.323689399139703 ], [ -118.519919140292004, 34.3251686435569 ], [ -118.517062833013, 34.327323406127 ], [ -118.516136755432996, 34.328022244347501 ], [ -118.515475402481997, 34.3285211660179 ], [ -118.512245538792996, 34.330957660741902 ], [ -118.511333392379001, 34.331645741300797 ], [ -118.511333227872996, 34.331645851982998 ], [ -118.510204076605007, 34.332497569380998 ], [ -118.510119643121996, 34.332561262597601 ], [ -118.507778254209001, 34.334326872157199 ], [ -118.506576254685996, 34.333221872106201 ], [ -118.505613254089994, 34.331445871838199 ], [ -118.503465252797, 34.326372871220798 ], [ -118.50334025379, 34.3255498714162 ], [ -118.503494253604998, 34.324469870523799 ], [ -118.503159252732999, 34.323749871326498 ], [ -118.498897251632002, 34.320789870797498 ], [ -118.495824251692, 34.319671871333902 ], [ -118.495118251522001, 34.319274870696802 ], [ -118.492211250533998, 34.315887870858703 ], [ -118.491163250550002, 34.315266870336401 ], [ -118.489819250579998, 34.314923870447402 ], [ -118.489543250333995, 34.314687870266702 ] ] ] } },
{ "type": "Feature", "properties": { "objectid": 38, "name": "Green Meadows", "area_sqmi": 2.2246336649545237, "source_url": "https://services5.arcgis.com/7nsPwEMP38bSkCjy/arcgis/rest/services/LA_Times_Neighborhoods/FeatureServer/0", "fetched_at": "2025-12-07T08:52:51.283518" }, "geometry": { "type": "Polygon", "coordinates": [ [ [ -118.254112188440004, 33.951036418993098 ], [ -118.254108615364999, 33.951032523821297 ], [ -118.253876301353003, 33.951189503236499 ], [ -118.253711440803002, 33.951191114057401 ], [ -118.253546546796002, 33.951192752670401 ], [ -118.253547476462998, 33.951093527133303 ], [ -118.253596910984996, 33.947405374720098 ], [ -118.253607125081999, 33.947382948565199 ], [ -118.253607472067998, 33.947290675033798 ], [ -118.253607726004006, 33.947221978358598 ], [ -118.253608012391993, 33.947153281615499 ], [ -118.253608266325998, 33.947084584941003 ], [ -118.253608520260997, 33.947015888267003 ], [ -118.253609059322002, 33.946878436255297 ], [ -118.253609265229002, 33.946837468762602 ], [ -118.253609485628004, 33.946768772160397 ], [ -118.253609739558001, 33.946700074586502 ], [ -118.253609876217993, 33.946666963121203 ], [ -118.253610025941995, 33.946631377846302 ], [ -118.253610283534002, 33.946563890110802 ], [ -118.253610279873996, 33.946562681174697 ], [ -118.253610451569003, 33.946521490176998 ], [ -118.253610448908006, 33.946520611196597 ], [ -118.253610705499995, 33.946452793505998 ], [ -118.253610959431001, 33.946384096835402 ], [ -118.253611121526006, 33.946345094759003 ], [ -118.253619754252995, 33.9457010386257 ], [ -118.253624824541006, 33.945681827304597 ], [ -118.253624947860999, 33.9455485556472 ], [ -118.253646328, 33.943812556848997 ], [ -118.253646373029994, 33.943771338179403 ], [ -118.253651694677004, 33.943372889485701 ], [ -118.253652029576003, 33.943293079576797 ], [ -118.253652173472005, 33.9432823718751 ], [ -118.253652180526004, 33.943281843567298 ], [ -118.254121180349998, 33.943282843248603 ], [ -118.254281179263003, 33.929387841926101 ], [ -118.254023961889004, 33.9291448601874 ], [ -118.253709861391002, 33.928754513881699 ], [ -118.253591533328006, 33.928609214633703 ], [ -118.25354758652, 33.928553475740202 ], [ -118.253566423522997, 33.928527904105202 ], [ -118.253781784525003, 33.928358104511901 ], [ -118.253816400698994, 33.928188721174102 ], [ -118.253817057210995, 33.928134110052 ], [ -118.253824796274003, 33.927477512964302 ], [ -118.253825577648996, 33.927408787343502 ], [ -118.253826595085002, 33.927320167325199 ], [ -118.253826766651002, 33.927305043921102 ], [ -118.253826176158, 33.927305043361002 ], [ -118.253826178791002, 33.927304841414397 ], [ -118.253562871612004, 33.927304841844801 ], [ -118.253564664305998, 33.927167471263303 ], [ -118.253564745877, 33.927074703508801 ], [ -118.253564756266996, 33.927058480586702 ], [ -118.253565191744002, 33.927016905052398 ], [ -118.253566490598999, 33.926975804608198 ], [ -118.253566513541998, 33.9269290642169 ], [ -118.253566568829996, 33.926892655207297 ], [ -118.253568331991005, 33.9268109302756 ], [ -118.253568453439996, 33.926755286240301 ], [ -118.253568398728007, 33.926710403149798 ], [ -118.253568549780994, 33.926695991091499 ], [ -118.253570073879999, 33.926646056154603 ], [ -118.253570306599997, 33.926617890295397 ], [ -118.253570139005006, 33.926591098297202 ], [ -118.253571922725996, 33.926428971932097 ], [ -118.253573715311006, 33.926291576118402 ], [ -118.253573726048003, 33.9262876193132 ], [ -118.253573732286995, 33.9262861074467 ], [ -118.253575511752999, 33.926122579227098 ], [ -118.253575560537001, 33.926095100716303 ], [ -118.253577304325006, 33.925985183416998 ], [ -118.253577332728995, 33.925935961126598 ], [ -118.253577335922003, 33.925930226534803 ], [ -118.253579064448004, 33.925847787676702 ], [ -118.253579143744005, 33.925765352287399 ], [ -118.253579192526999, 33.9257378737774 ], [ -118.253580857008004, 33.925710391869799 ], [ -118.253580952638004, 33.925600477138502 ], [ -118.253580967895005, 33.925572998699401 ], [ -118.253582761526999, 33.925435602893501 ], [ -118.253588095485995, 33.925008988519302 ], [ -118.253589888275002, 33.924860601359597 ], [ -118.253593551647995, 33.924448388734703 ], [ -118.253595264875003, 33.9243934283231 ], [ -118.253597054478007, 33.924244354217699 ], [ -118.253602567401003, 33.923626076750899 ], [ -118.253604547804002, 33.923269559252901 ], [ -118.253607970141999, 33.923156870775799 ], [ -118.253609679175, 33.923100536458897 ], [ -118.253797563145994, 33.923100663122099 ], [ -118.253988743302003, 33.923100783450998 ], [ -118.254186516984007, 33.923100915721598 ], [ -118.254515379964005, 33.923101155987503 ], [ -118.254717866250004, 33.923101196302099 ], [ -118.254845034217993, 33.923101284599802 ], [ -118.254885972878, 33.9231012801067 ], [ -118.255009845583999, 33.923101322006403 ], [ -118.255054046981002, 33.9231013367 ], [ -118.255163317123007, 33.923101380480603 ], [ -118.255222187135999, 33.923101420866402 ], [ -118.255247421288004, 33.923101429656903 ], [ -118.255390293683007, 33.923101476922298 ], [ -118.255566905718993, 33.9231015426639 ], [ -118.255745230732998, 33.923101604513697 ], [ -118.256132272274996, 33.923101741300698 ], [ -118.269556181379002, 33.9231118403941 ], [ -118.269556174043998, 33.923115275211998 ], [ -118.269503205101998, 33.960097732698898 ], [ -118.269503184455999, 33.960113844807601 ], [ -118.259103656549996, 33.960159752526401 ], [ -118.255920811888998, 33.960173802431598 ], [ -118.255923084746996, 33.960042003652497 ], [ -118.255924823933, 33.959920379717801 ], [ -118.255924940590006, 33.9598077176814 ], [ -118.255925064623, 33.9596971156151 ], [ -118.255925157218002, 33.959587201479998 ], [ -118.255925236162, 33.959483442086501 ], [ -118.255925371703995, 33.959355007832698 ], [ -118.255923863245002, 33.959185303447804 ], [ -118.255923959022994, 33.959076076272403 ], [ -118.255923997530004, 33.959034857563999 ], [ -118.255924103845999, 33.958940056571201 ], [ -118.255924090126001, 33.958924943434603 ], [ -118.255924189018998, 33.958817090178798 ], [ -118.255924208837001, 33.958801976971202 ], [ -118.255924268247, 33.958745645955297 ], [ -118.255924306672, 33.9587044002024 ], [ -118.255924342065995, 33.958661808479299 ], [ -118.255924422310997, 33.958591051216601 ], [ -118.25592453985, 33.958446101973102 ], [ -118.255928023972999, 33.9582805358257 ], [ -118.255928327139998, 33.958174743028003 ], [ -118.255928694157006, 33.958057271741197 ], [ -118.255929021382997, 33.957948731046102 ], [ -118.255929313078994, 33.957849806994098 ], [ -118.255929371649003, 33.957836754591497 ], [ -118.255928484974007, 33.9577515731823 ], [ -118.255929433388005, 33.957640970285802 ], [ -118.255930311605994, 33.957528993615099 ], [ -118.255930493784007, 33.957362005567802 ], [ -118.255930582256994, 33.957250745484501 ], [ -118.255930683152997, 33.957143551252997 ], [ -118.255930776903, 33.957033664182703 ], [ -118.255930861137998, 33.9569319936314 ], [ -118.255930952751001, 33.956832383951202 ], [ -118.255931060025006, 33.956727277641299 ], [ -118.255932796145004, 33.956615299158301 ], [ -118.255932938651995, 33.956446306215597 ], [ -118.255933064565994, 33.956304103924403 ], [ -118.255931531364993, 33.956190731411901 ], [ -118.255931621846997, 33.9560801294474 ], [ -118.255931742797998, 33.955979145787602 ], [ -118.255931846845996, 33.955862362040399 ], [ -118.255931959153003, 33.955715351952698 ], [ -118.255932109970999, 33.955549078904397 ], [ -118.255932678858002, 33.955400665980399 ], [ -118.255933035490997, 33.9552907783671 ], [ -118.255933389941006, 33.955180176751703 ], [ -118.255933810382004, 33.955069574997303 ], [ -118.255934198280997, 33.954958945365497 ], [ -118.255934352059001, 33.954912258678 ], [ -118.255936094480006, 33.954813332472597 ], [ -118.255937867927003, 33.954649144825801 ], [ -118.255938255903999, 33.9545385431447 ], [ -118.255938644894997, 33.954428627522901 ], [ -118.255938999334006, 33.954318025914802 ], [ -118.255939389407999, 33.954208111193999 ], [ -118.255939743759001, 33.9540974816409 ], [ -118.255940132749004, 33.953987566924098 ], [ -118.255940278414002, 33.953819260069402 ], [ -118.255940820326998, 33.953705223259803 ], [ -118.255940488693, 33.953596683999201 ], [ -118.255941420298001, 33.953491576867897 ], [ -118.255942332041002, 33.953390591550502 ], [ -118.255941600171994, 33.953198151849399 ], [ -118.255942181642993, 33.9530648439708 ], [ -118.255055180848998, 33.952080844380198 ], [ -118.254338244745, 33.951287120775298 ], [ -118.254316154777996, 33.951262631462598 ], [ -118.254266626884998, 33.951207723954298 ], [ -118.254217100054007, 33.951152788476598 ], [ -118.254167538754999, 33.951097880998802 ], [ -118.254118044592005, 33.951042973359598 ], [ -118.254112188440004, 33.951036418993098 ] ] ] } },
{ "type": "Feature", "properties": { "objectid": 39, "name": "Griffith Park", "area_sqmi": 5.8347741802723467, "source_url": "https://services5.arcgis.com/7nsPwEMP38bSkCjy/arcgis/rest/services/LA_Times_Neighborhoods/FeatureServer/0", "fetched_at": "2025-12-07T08:52:51.283518" }, "geometry": { "type": "Polygon", "coordinates": [ [ [ -118.300185917242999, 34.1579112284969 ], [ -118.298838941078003, 34.1576078738386 ], [ -118.298383831468001, 34.158017054771797 ], [ -118.297586478211002, 34.158733940127803 ], [ -118.297448172073004, 34.158858261240901 ], [ -118.297427205502004, 34.158875864788101 ], [ -118.295614204790994, 34.1588028644559 ], [ -118.291591188256007, 34.155810857648902 ], [ -118.291463227891995, 34.155712528415798 ], [ -118.290572490211005, 34.155702525921598 ], [ -118.290011444800996, 34.155696207162997 ], [ -118.289122227939998, 34.155686218285503 ], [ -118.288887271031001, 34.155683565010001 ], [ -118.287971488878, 34.1556732597059 ], [ -118.287893997040996, 34.155672386740797 ], [ -118.286608999083001, 34.155958233613099 ], [ -118.282684202487999, 34.156778865448302 ], [ -118.280508252353997, 34.156337875688401 ], [ -118.280116665676999, 34.155932138534602 ], [ -118.280116499111003, 34.1559319459923 ], [ -118.280116333543006, 34.155931727303098 ], [ -118.280116134538005, 34.155931562783401 ], [ -118.279908516619003, 34.155716343499499 ], [ -118.279908473084006, 34.155716296720499 ], [ -118.279908296795995, 34.155716115018699 ], [ -118.279472489629001, 34.155275120000503 ], [ -118.279332829338998, 34.155133026525299 ], [ -118.279332795797004, 34.155132724589002 ], [ -118.279326815193002, 34.1550986766539 ], [ -118.279309984500003, 34.155002885192403 ], [ -118.279309965501, 34.155002716649399 ], [ -118.279309949872996, 34.155002583258501 ], [ -118.279309939962999, 34.155002538204698 ], [ -118.279309882711004, 34.155002280498302 ], [ -118.279105633395005, 34.153837456577399 ], [ -118.279105585856001, 34.153837184423899 ], [ -118.279105553395993, 34.153836881583501 ], [ -118.279099874685002, 34.153804528726603 ], [ -118.279070107137997, 34.153634939591697 ], [ -118.279070073596998, 34.153634637655301 ], [ -118.279070038968996, 34.153634334819898 ], [ -118.279061169401004, 34.153583961354499 ], [ -118.279045407588995, 34.153493728053498 ], [ -118.279033413251, 34.1534256358402 ], [ -118.279023994659994, 34.153371908130701 ], [ -118.279023942704995, 34.153371612547502 ], [ -118.279006222076006, 34.153270525689202 ], [ -118.279006212013002, 34.1532704346575 ], [ -118.279006188536002, 34.153270223752799 ], [ -118.279006153908, 34.153269920917303 ], [ -118.278995406601993, 34.153208943432404 ], [ -118.278995372067996, 34.153208668544302 ], [ -118.278995341704004, 34.153208668614397 ], [ -118.278995201301001, 34.153207864770202 ], [ -118.278349201012006, 34.153209864851497 ], [ -118.278195200992002, 34.148033864984598 ], [ -118.276284199626005, 34.141047863875002 ], [ -118.276777200168993, 34.140950863485799 ], [ -118.272849198686004, 34.127182862922098 ], [ -118.270562196870998, 34.121370862023198 ], [ -118.270083197362993, 34.122070862104202 ], [ -118.269979197536998, 34.121217862040197 ], [ -118.267362196120004, 34.115769861282097 ], [ -118.265403195467002, 34.113688861150202 ], [ -118.265560434795006, 34.113480531253003 ], [ -118.266077196314001, 34.112795861580402 ], [ -118.266115956796, 34.112779406205497 ], [ -118.267283195556004, 34.112283861406098 ], [ -118.268068196686002, 34.112793861462002 ], [ -118.268175120264999, 34.112902805255601 ], [ -118.270397196616003, 34.115166861309902 ], [ -118.271693197101996, 34.117007861641497 ], [ -118.271771197670006, 34.116803861403604 ], [ -118.273220197051003, 34.118412861554901 ], [ -118.274249198, 34.119935861662697 ], [ -118.276687197941996, 34.119808861205101 ], [ -118.292456200423004, 34.117733860145599 ], [ -118.295810201120005, 34.1167238602334 ], [ -118.299202201453994, 34.116021859536801 ], [ -118.303668202104006, 34.114550859815502 ], [ -118.306621202928, 34.113812859376097 ], [ -118.307521202605997, 34.113412859171 ], [ -118.309421203338005, 34.1130128590749 ], [ -118.309523205166002, 34.141112861865899 ], [ -118.310327206679005, 34.147037862400801 ], [ -118.311384206336001, 34.1520208635499 ], [ -118.316632207189002, 34.1514218628555 ], [ -118.317833207852999, 34.1521228626439 ], [ -118.323063208842996, 34.1524878622293 ], [ -118.328738209681006, 34.1498278617293 ], [ -118.329067148535998, 34.150173797363799 ], [ -118.329067209515998, 34.150173862108403 ], [ -118.329067137126998, 34.150173929018997 ], [ -118.329038203899003, 34.150186045962201 ], [ -118.326780778041993, 34.152284242755897 ], [ -118.326629978395005, 34.152424408005501 ], [ -118.326615252571997, 34.152438092519702 ], [ -118.326448879322996, 34.1525927106495 ], [ -118.326245648108994, 34.152781625938601 ], [ -118.325855848173006, 34.153143887048699 ], [ -118.325831708924994, 34.153166347135702 ], [ -118.325827178809007, 34.153170939141802 ], [ -118.325733209641001, 34.153257862311101 ], [ -118.322122209322004, 34.1557318626352 ], [ -118.317690083757995, 34.156317747769002 ], [ -118.317496056948002, 34.156123098545798 ], [ -118.317014946729998, 34.155641777410999 ], [ -118.316990058838996, 34.155616067780002 ], [ -118.316948584296995, 34.155574600422703 ], [ -118.316867290827005, 34.155492405093298 ], [ -118.316759034065001, 34.155384191734903 ], [ -118.316752878960997, 34.155377943995603 ], [ -118.316631739464, 34.155256303456099 ], [ -118.316626563469995, 34.155251159329701 ], [ -118.316497336368002, 34.155121722626802 ], [ -118.315830615202003, 34.154458038655299 ], [ -118.315720933890006, 34.154437908046901 ], [ -118.314647877789, 34.154277151521903 ], [ -118.314583351086995, 34.154266739914199 ], [ -118.314420133965001, 34.1542404276463 ], [ -118.314256916942, 34.154214114256597 ], [ -118.314093732559002, 34.1541878014635 ], [ -118.313930483212999, 34.154161488619103 ], [ -118.313767299035007, 34.154135175385498 ], [ -118.313604082531995, 34.154108889963297 ], [ -118.313441692964005, 34.1540827383091 ], [ -118.313408658561997, 34.154077919592901 ], [ -118.313400055466005, 34.154076663516399 ], [ -118.312918341472994, 34.153998332700297 ], [ -118.312798989236995, 34.154196566262101 ], [ -118.312798968755004, 34.154196598770397 ], [ -118.312327032208003, 34.1549656053894 ], [ -118.312308350853002, 34.155016724683698 ], [ -118.312240326815996, 34.155202861735098 ], [ -118.312237676780001, 34.155210205267899 ], [ -118.312202507875995, 34.155307570775399 ], [ -118.311978601006999, 34.155927247020998 ], [ -118.311976802266003, 34.155932280422697 ], [ -118.311937712247001, 34.156042076413698 ], [ -118.311780669455004, 34.156475273115902 ], [ -118.311361687512999, 34.157711911488803 ], [ -118.311310026542003, 34.157863837711403 ], [ -118.311287457559004, 34.157930200088401 ], [ -118.311187544958997, 34.158223987954898 ], [ -118.311052930507998, 34.1586197546644 ], [ -118.310894057113003, 34.1590875513131 ], [ -118.310885875999006, 34.159109774443301 ], [ -118.310665062257996, 34.159731062151401 ], [ -118.310425346857002, 34.160452529639798 ], [ -118.310377947381994, 34.1605955689122 ], [ -118.310368936337994, 34.160623048281899 ], [ -118.310355067488999, 34.160665341516598 ], [ -118.310355134286993, 34.160665514439799 ], [ -118.310327503669001, 34.160749450623001 ], [ -118.310188808735006, 34.160855701661703 ], [ -118.310188512601997, 34.160855977389502 ], [ -118.309970632542999, 34.1610229747468 ], [ -118.309661445467, 34.161259975342901 ], [ -118.309417523182006, 34.161311056847303 ], [ -118.308740207522007, 34.161443864039299 ], [ -118.308647628838997, 34.161413651046303 ], [ -118.308645770851996, 34.161413007585402 ], [ -118.307983566825001, 34.161183555160903 ], [ -118.307870836655994, 34.1611452069642 ], [ -118.307510007464998, 34.161022470629398 ], [ -118.307199721104993, 34.160916927813801 ], [ -118.305254132667002, 34.159503654532799 ], [ -118.305232197183997, 34.159487475973499 ], [ -118.305057690422004, 34.159358848158199 ], [ -118.304989843479007, 34.1593088984934 ], [ -118.304857929304006, 34.159211681502903 ], [ -118.304791606945003, 34.159162798906699 ], [ -118.304744541687, 34.159128129117903 ], [ -118.304545875456995, 34.158981728199798 ], [ -118.304535765745996, 34.158974251993101 ], [ -118.304365306481003, 34.158848662882498 ], [ -118.304331231193999, 34.158840999961001 ], [ -118.304014932326993, 34.158769937918798 ], [ -118.303539211407994, 34.158662921878602 ], [ -118.303131010946998, 34.158571012122202 ], [ -118.300185917242999, 34.1579112284969 ] ] ] } },
{ "type": "Feature", "properties": { "objectid": 40, "name": "Hancock Park", "area_sqmi": 1.5361112304259543, "source_url": "https://services5.arcgis.com/7nsPwEMP38bSkCjy/arcgis/rest/services/LA_Times_Neighborhoods/FeatureServer/0", "fetched_at": "2025-12-07T08:52:51.283518" }, "geometry": { "type": "Polygon", "coordinates": [ [ [ -118.325955745415996, 34.0762267147215 ], [ -118.325811201264003, 34.061883852625201 ], [ -118.344068204346001, 34.062175851378498 ], [ -118.344066308305997, 34.068897751273198 ], [ -118.344066308180999, 34.068899301009303 ], [ -118.344062206263004, 34.083435853864103 ], [ -118.344061102181996, 34.083435857008602 ], [ -118.326612203558, 34.083492855188602 ], [ -118.326612638152994, 34.0834748485901 ], [ -118.326621203825994, 34.083119854800998 ], [ -118.326020203160994, 34.0826228545695 ], [ -118.325955747159995, 34.076226884204999 ], [ -118.325955745415996, 34.0762267147215 ] ] ] } },
{ "type": "Feature", "properties": { "objectid": 41, "name": "Hansen Dam", "area_sqmi": 2.015521782971414, "source_url": "https://services5.arcgis.com/7nsPwEMP38bSkCjy/arcgis/rest/services/LA_Times_Neighborhoods/FeatureServer/0", "fetched_at": "2025-12-07T08:52:51.283518" }, "geometry": { "type": "Polygon", "coordinates": [ [ [ -118.362032225058996, 34.2732288739276 ], [ -118.361061224676007, 34.27314387354 ], [ -118.360965225035002, 34.272532873241097 ], [ -118.360607310027007, 34.272179324122398 ], [ -118.360555224492998, 34.2721278735076 ], [ -118.359226224390994, 34.271877873661801 ], [ -118.359029224701999, 34.272897873419502 ], [ -118.355726223809995, 34.266302873560299 ], [ -118.359857224316002, 34.267067872697503 ], [ -118.359906223820005, 34.2661278729285 ], [ -118.364367225289001, 34.2661768726717 ], [ -118.365491225442, 34.265975872499901 ], [ -118.366444225197995, 34.265477872563999 ], [ -118.368824225528002, 34.2633788718937 ], [ -118.371210225577002, 34.260330871636498 ], [ -118.371125225827996, 34.263206871610699 ], [ -118.372125225900007, 34.261306871673 ], [ -118.373325225612007, 34.260306871906799 ], [ -118.380226227712996, 34.259506871306698 ], [ -118.386041228272006, 34.260585870446697 ], [ -118.386890228517004, 34.258044870694697 ], [ -118.387626228461997, 34.256718870390003 ], [ -118.387660854657, 34.256724068664603 ], [ -118.390910228777003, 34.257211870457098 ], [ -118.390552228195006, 34.257473870437401 ], [ -118.393681228969001, 34.2582418703592 ], [ -118.395137229230997, 34.259004869719 ], [ -118.395609229260003, 34.259034870302997 ], [ -118.396013229597997, 34.258739869982499 ], [ -118.396778230270002, 34.259787869923599 ], [ -118.401924231574995, 34.264662870377599 ], [ -118.401650231635998, 34.265722870867897 ], [ -118.401216231380005, 34.266505870805098 ], [ -118.398256231370993, 34.270067871431202 ], [ -118.397187230946003, 34.271074871532498 ], [ -118.393806230777997, 34.2735408714587 ], [ -118.393583134405006, 34.2734594578002 ], [ -118.392594924327994, 34.273098830857698 ], [ -118.392329230610002, 34.273001871669699 ], [ -118.392115644314003, 34.272985064711499 ], [ -118.390983451007003, 34.272895972230401 ], [ -118.390588229724003, 34.272864871796997 ], [ -118.390396534079997, 34.272888003208003 ], [ -118.389146230248997, 34.273038872202797 ], [ -118.388730229835005, 34.273395872035202 ], [ -118.388615229601001, 34.273864871825403 ], [ -118.387909229870999, 34.273199872118198 ], [ -118.382807228453999, 34.2738808724785 ], [ -118.381351228499, 34.274533872863898 ], [ -118.362032225058996, 34.2732288739276 ] ] ] } },
{ "type": "Feature", "properties": { "objectid": 42, "name": "Harbor City", "area_sqmi": 2.5726223927142104, "source_url": "https://services5.arcgis.com/7nsPwEMP38bSkCjy/arcgis/rest/services/LA_Times_Neighborhoods/FeatureServer/0", "fetched_at": "2025-12-07T08:52:51.283518" }, "geometry": { "type": "Polygon", "coordinates": [ [ [ -118.299019903483995, 33.8035523613826 ], [ -118.299028172573003, 33.803404878707198 ], [ -118.299225085111004, 33.8034109191724 ], [ -118.299623961438002, 33.803423144331902 ], [ -118.299628569891993, 33.803423301446799 ], [ -118.299638603990999, 33.803136533421899 ], [ -118.299650176520998, 33.802818825289599 ], [ -118.299157176001003, 33.802803824871503 ], [ -118.299158175573993, 33.7978008251579 ], [ -118.299115587813006, 33.797800900317299 ], [ -118.299115729139004, 33.797759359218801 ], [ -118.299115934900001, 33.7976962087304 ], [ -118.298895442225998, 33.797695446416498 ], [ -118.297468312142996, 33.797690591390499 ], [ -118.295930663847997, 33.797685348365199 ], [ -118.293724532243999, 33.797677800411599 ], [ -118.292753479423993, 33.7976744426674 ], [ -118.291782630916003, 33.797671119868802 ], [ -118.290827747681007, 33.797667821897797 ], [ -118.289873364480002, 33.797664517854301 ], [ -118.288921257634996, 33.797661214305798 ], [ -118.287159434426002, 33.7976546805263 ], [ -118.287057308102007, 33.7976541974421 ], [ -118.286870268483995, 33.797653453243498 ], [ -118.285420173985003, 33.7960558250319 ], [ -118.282968172476004, 33.792359825348697 ], [ -118.282055172124004, 33.790411825197403 ], [ -118.280323170871995, 33.779004823916601 ], [ -118.289623172419994, 33.778591823355697 ], [ -118.292425173606006, 33.779190823424003 ], [ -118.297504174544002, 33.782084822616198 ], [ -118.298511175032999, 33.780862822491201 ], [ -118.299645174591006, 33.780286822566403 ], [ -118.306007073271005, 33.7796820420253 ], [ -118.306167175317, 33.779666822212803 ], [ -118.307726175705, 33.779382822633302 ], [ -118.307706176379995, 33.779215822229901 ], [ -118.307777564055002, 33.779203884037699 ], [ -118.307777968649006, 33.779203816291499 ], [ -118.307778579238004, 33.779205753877399 ], [ -118.307790154287005, 33.779242501364102 ], [ -118.307908822585006, 33.779569420617101 ], [ -118.307942261944007, 33.779561270171399 ], [ -118.308207179299004, 33.779496705781597 ], [ -118.308267636891003, 33.779481383069999 ], [ -118.308330591621996, 33.779465202005099 ], [ -118.308379278366004, 33.7794524922123 ], [ -118.308911739620996, 33.7793129669897 ], [ -118.309319901912005, 33.779205990555504 ], [ -118.309374037614006, 33.779234456332198 ], [ -118.309424375427994, 33.779589179172703 ], [ -118.309533667633005, 33.780359850357598 ], [ -118.309619277197001, 33.780963323518897 ], [ -118.309655663140006, 33.781219710377499 ], [ -118.309686847036005, 33.781439619300102 ], [ -118.309712185975002, 33.781618244189097 ], [ -118.309735566868994, 33.781783190096199 ], [ -118.309739721678, 33.781812278343203 ], [ -118.309752479989996, 33.781903989476199 ], [ -118.309758250754996, 33.7819467629934 ], [ -118.309446523405001, 33.781946328767702 ], [ -118.309405126448993, 33.781946270201203 ], [ -118.309051442886002, 33.781945770596799 ], [ -118.309051443046997, 33.781945814319698 ], [ -118.309051176413007, 33.781945822666998 ], [ -118.309050176352997, 33.782183822056702 ], [ -118.308721176548005, 33.782219822447097 ], [ -118.308721176735006, 33.7822201668235 ], [ -118.308714806956004, 33.782220157917102 ], [ -118.308713536472993, 33.782398102113298 ], [ -118.308713324680994, 33.782568595322999 ], [ -118.308713112903007, 33.782738799151701 ], [ -118.308712903236, 33.782908696465398 ], [ -118.308712689535994, 33.7830798459905 ], [ -118.308712478787996, 33.7832497433144 ], [ -118.308712266331, 33.783420644027203 ], [ -118.308712054501001, 33.783590541361399 ], [ -118.308711850497005, 33.783754934959902 ], [ -118.308711637708996, 33.783926333318298 ], [ -118.308712148796005, 33.784096991487303 ], [ -118.308711214336995, 33.784267382012501 ], [ -118.308711093658005, 33.784437112352101 ], [ -118.308710790592997, 33.784607449879502 ], [ -118.308710580368, 33.784777785369599 ], [ -118.308710378124999, 33.784948236236303 ], [ -118.308710373587999, 33.785118722660101 ], [ -118.308711878767994, 33.785256136014901 ], [ -118.308711841160004, 33.785272622931899 ], [ -118.308710934635997, 33.785572136736597 ], [ -118.308710886919997, 33.785585875876599 ], [ -118.308710831002998, 33.785606484546598 ], [ -118.308710775085004, 33.785627093216497 ], [ -118.308710623869999, 33.785675510119297 ], [ -118.308709349439994, 33.786134782442304 ], [ -118.308708805685995, 33.786441639955598 ], [ -118.308707947054003, 33.786480894823796 ], [ -118.308707622618002, 33.786803644516503 ], [ -118.308707604126994, 33.7868379515456 ], [ -118.308707396082994, 33.787351739151298 ], [ -118.308707105723002, 33.788063890891202 ], [ -118.308704645339006, 33.7882600424769 ], [ -118.308484176476, 33.788777823229204 ], [ -118.308697176691993, 33.789475823664901 ], [ -118.308780415461001, 33.799489829249801 ], [ -118.308779934680999, 33.799521749414502 ], [ -118.308779901726993, 33.799523945582003 ], [ -118.308782359168006, 33.799825264241498 ], [ -118.30878241984, 33.799832655582598 ], [ -118.308784828220993, 33.800129440675498 ], [ -118.308784519965002, 33.800203845956801 ], [ -118.308785935282998, 33.800278287386497 ], [ -118.308788359242001, 33.800569614701999 ], [ -118.308788474276994, 33.800583562601503 ], [ -118.308788473047997, 33.8005867503513 ], [ -118.308788521474995, 33.800595215425297 ], [ -118.308790862943994, 33.800883782533802 ], [ -118.308791726034997, 33.800953116517 ], [ -118.308791886839998, 33.800966003219997 ], [ -118.308792933659007, 33.8009957612528 ], [ -118.308794902184999, 33.801232566308499 ], [ -118.308794969287007, 33.8013467624816 ], [ -118.308794994329006, 33.801389369684401 ], [ -118.308794987297006, 33.801392447464899 ], [ -118.308795061368997, 33.801407588171401 ], [ -118.308797662952003, 33.801730147060297 ], [ -118.308798216699998, 33.801740943953099 ], [ -118.308799304437002, 33.801762156449698 ], [ -118.308803124392, 33.802221824124899 ], [ -118.308818882386007, 33.804117541567898 ], [ -118.308818448748994, 33.804131757728399 ], [ -118.308817215275994, 33.804172190119601 ], [ -118.308819995123997, 33.804515852167299 ], [ -118.308822739934001, 33.804859377289397 ], [ -118.308824289840004, 33.804942188960602 ], [ -118.308824037826994, 33.805024242574603 ], [ -118.308826816044004, 33.805367739685501 ], [ -118.308829013172002, 33.805642543940998 ], [ -118.308829987352993, 33.805725021733998 ], [ -118.308835581522004, 33.806425757691002 ], [ -118.308836548683004, 33.806543588331202 ], [ -118.308837242549004, 33.806632643387701 ], [ -118.308840858772001, 33.806761911940598 ], [ -118.308841178663997, 33.806799825140203 ], [ -118.308842599702004, 33.806805944570101 ], [ -118.308852591049003, 33.806953177445997 ], [ -118.308869821254007, 33.807112731662798 ], [ -118.308894708392003, 33.8072793512274 ], [ -118.308926477022993, 33.8074447973964 ], [ -118.308948657336998, 33.8075352604911 ], [ -118.308976212494997, 33.807624233113302 ], [ -118.309009045229004, 33.807711397274801 ], [ -118.309031655035994, 33.807766540685897 ], [ -118.309084777400003, 33.8079019323757 ], [ -118.309122853215996, 33.8080121753041 ], [ -118.309308178687999, 33.808809825032 ], [ -118.309211131292997, 33.808829749797702 ], [ -118.309120132027005, 33.808844212017597 ], [ -118.308942812292003, 33.808872392218397 ], [ -118.308925445523997, 33.808876228537699 ], [ -118.308734911304001, 33.808918512246201 ], [ -118.308526022820004, 33.808964876050403 ], [ -118.308366932682006, 33.809000185638197 ], [ -118.308367790394001, 33.8090028906852 ], [ -118.308139178066995, 33.809049825400798 ], [ -118.308570178284, 33.810495825982898 ], [ -118.308598403424, 33.810683121442899 ], [ -118.308714262231007, 33.811451959485403 ], [ -118.308798178443993, 33.812008825443897 ], [ -118.308798441894993, 33.812227430932701 ], [ -118.308804178900999, 33.816994826588498 ], [ -118.298505195722001, 33.813117435382402 ], [ -118.298508433924994, 33.813045881468298 ], [ -118.298527529994999, 33.8126889990046 ], [ -118.298535317833995, 33.812543266331502 ], [ -118.298544827026006, 33.812366227957199 ], [ -118.298546183789995, 33.812340505326901 ], [ -118.298548032029998, 33.812306001642398 ], [ -118.298552172168996, 33.812228737117103 ], [ -118.298558994903999, 33.8121016609511 ], [ -118.298559518066995, 33.812091465344402 ], [ -118.298560913642007, 33.812065422581497 ], [ -118.298566865116996, 33.811954220616201 ], [ -118.298567319921005, 33.8119457569857 ], [ -118.298571773643005, 33.811862843706301 ], [ -118.298574210967004, 33.811816948847202 ], [ -118.298582255583995, 33.811667850201403 ], [ -118.298582548374995, 33.811662418761102 ], [ -118.298583727215004, 33.811639814907103 ], [ -118.298584552212006, 33.811623999421997 ], [ -118.298590972398003, 33.8115043157663 ], [ -118.298599800404006, 33.811339260205798 ], [ -118.298601372402999, 33.81130938738 ], [ -118.298608566598006, 33.811175660744503 ], [ -118.298616777796994, 33.811022421947101 ], [ -118.298621282206994, 33.810937695606697 ], [ -118.298623751977004, 33.810891828617997 ], [ -118.298625533411993, 33.810858599843101 ], [ -118.298634092894005, 33.810698851263403 ], [ -118.298640359450999, 33.810581861719797 ], [ -118.298646871109, 33.810460007006 ], [ -118.298648811370995, 33.810423768588699 ], [ -118.298659680379004, 33.810220805678 ], [ -118.298675328242993, 33.809928344050803 ], [ -118.298676069772995, 33.809914575209298 ], [ -118.298684253310995, 33.8097630403579 ], [ -118.298695123906995, 33.809570886594202 ], [ -118.298695821755999, 33.809558500782103 ], [ -118.298702929783005, 33.809432507558697 ], [ -118.298703638819006, 33.809419927893799 ], [ -118.298704348883007, 33.809407333802199 ], [ -118.298712153599993, 33.809268941249002 ], [ -118.298720700849003, 33.8091179824726 ], [ -118.298730517105, 33.808944296119201 ], [ -118.298769165089993, 33.808217709034899 ], [ -118.298854786996003, 33.806607932456103 ], [ -118.298870474615995, 33.806317613725398 ], [ -118.298881713946997, 33.806109164271398 ], [ -118.298886162230005, 33.806027323850998 ], [ -118.298890145168997, 33.8059533971606 ], [ -118.298893632328003, 33.805888238007697 ], [ -118.298894129863001, 33.805879965396699 ], [ -118.298896074392005, 33.805843772060001 ], [ -118.298897185255996, 33.805823050745097 ], [ -118.298899594530994, 33.805778475795996 ], [ -118.298949743270001, 33.804850440899401 ], [ -118.298961630650993, 33.804630613682697 ], [ -118.298986985981003, 33.804161801335397 ], [ -118.299019903483995, 33.8035523613826 ] ] ] } },
{ "type": "Feature", "properties": { "objectid": 43, "name": "Harbor Gateway", "area_sqmi": 5.0187535224290274, "source_url": "https://services5.arcgis.com/7nsPwEMP38bSkCjy/arcgis/rest/services/LA_Times_Neighborhoods/FeatureServer/0", "fetched_at": "2025-12-07T08:52:51.283518" }, "geometry": { "type": "Polygon", "coordinates": [ [ [ -118.298506182506003, 33.813143813168999 ], [ -118.308804183513999, 33.816994846655703 ], [ -118.308956181168, 33.830117839395598 ], [ -118.309047729534996, 33.832809442015503 ], [ -118.309064254885001, 33.834896415759303 ], [ -118.309112390872997, 33.839508690274698 ], [ -118.309162952462998, 33.8464143245426 ], [ -118.309196142546995, 33.850619363342702 ], [ -118.309202858315004, 33.851865186695598 ], [ -118.309205319810005, 33.851939629416201 ], [ -118.309205565895994, 33.851947056514497 ], [ -118.309210286528, 33.852201562222199 ], [ -118.309240980287996, 33.856007487481897 ], [ -118.309253166554001, 33.857515372027699 ], [ -118.309254453585993, 33.858352813610601 ], [ -118.309162179444996, 33.858352835744199 ], [ -118.309160188999002, 33.865612832064301 ], [ -118.299331182358003, 33.865702824962597 ], [ -118.299326155038003, 33.865840830237097 ], [ -118.299320648391003, 33.8659707220068 ], [ -118.299310681239007, 33.866220799662699 ], [ -118.299310282841006, 33.866231749053703 ], [ -118.299289021961002, 33.8668253340416 ], [ -118.299254835515995, 33.867799268626698 ], [ -118.299246831863002, 33.868019158202202 ], [ -118.299242386482007, 33.8681292114304 ], [ -118.299207245090997, 33.869106282751801 ], [ -118.299155187797993, 33.870535844399697 ], [ -118.294369184831993, 33.870526850367298 ], [ -118.294391371447006, 33.869893549047198 ], [ -118.294456888954997, 33.868104119375602 ], [ -118.294494753948001, 33.867069896661199 ], [ -118.294516301746995, 33.866478716241097 ], [ -118.294678988084996, 33.866477073385298 ], [ -118.294944257313006, 33.866477154263997 ], [ -118.297461936277998, 33.8664747436423 ], [ -118.297510496743001, 33.866474709624903 ], [ -118.297696477667998, 33.866474507899397 ], [ -118.297791002110003, 33.866471569434196 ], [ -118.297885158240007, 33.866462749722999 ], [ -118.297978573047004, 33.866448092624204 ], [ -118.298070912121005, 33.866427641901502 ], [ -118.298071284960002, 33.866427555109397 ], [ -118.298071295385, 33.866426868125103 ], [ -118.298075181071994, 33.866426815578201 ], [ -118.298077807697993, 33.865971226795999 ], [ -118.298078836247001, 33.865891365329198 ], [ -118.298083866330003, 33.865626873878703 ], [ -118.298084736147004, 33.865549417161901 ], [ -118.295841926798005, 33.865541677704599 ], [ -118.294936085104993, 33.865540205924397 ], [ -118.291687911599993, 33.8655391821938 ], [ -118.291094608056, 33.865996929024703 ], [ -118.290936188244999, 33.866119160865203 ], [ -118.290537174120004, 33.866410835798298 ], [ -118.291797936311994, 33.894076622607898 ], [ -118.291799818124005, 33.894125435167702 ], [ -118.291761239848, 33.894309548041598 ], [ -118.291752047854999, 33.894353406944703 ], [ -118.291749730958998, 33.894364489787399 ], [ -118.291741273238003, 33.8944048262411 ], [ -118.291736360754001, 33.894428280651297 ], [ -118.291709000194004, 33.894558912262902 ], [ -118.291700937710004, 33.894598174382402 ], [ -118.291701013826, 33.894608950888099 ], [ -118.291703266987, 33.894646127162702 ], [ -118.291707259486003, 33.894724473912397 ], [ -118.291709712691002, 33.8964206590245 ], [ -118.291704713025993, 33.896585541629598 ], [ -118.291692860184, 33.897222339730703 ], [ -118.291685007276001, 33.899796528799897 ], [ -118.291684941080007, 33.899947660305301 ], [ -118.291679087988996, 33.901761293712397 ], [ -118.291679151382993, 33.901820200446203 ], [ -118.291679759614993, 33.901902505463902 ], [ -118.291677112166994, 33.902506693902197 ], [ -118.291675056711, 33.9033179996459 ], [ -118.291674973941994, 33.903482870458902 ], [ -118.291670727981995, 33.905466222879902 ], [ -118.291670680525996, 33.905537666940802 ], [ -118.291668746344996, 33.906136014687903 ], [ -118.291658392509007, 33.9091609873187 ], [ -118.291654893808001, 33.9102457505874 ], [ -118.291651669619, 33.911276243349498 ], [ -118.291648289666995, 33.912306393103798 ], [ -118.291645618223995, 33.913170210685102 ], [ -118.291645103939999, 33.913336885964597 ], [ -118.291645104089, 33.913336928899298 ], [ -118.291644907144999, 33.913395020558703 ], [ -118.291647754150006, 33.9137099855309 ], [ -118.291635984204007, 33.916424714576102 ], [ -118.291635978800002, 33.916426861344497 ], [ -118.291623470966002, 33.919307150640201 ], [ -118.291595178912004, 33.923338827291701 ], [ -118.291579788838007, 33.923411854233997 ], [ -118.291521179200004, 33.9236898291947 ], [ -118.281215447622003, 33.9237248238463 ], [ -118.281205185589997, 33.923724847779098 ], [ -118.281251181173005, 33.9232998545504 ], [ -118.281257381287006, 33.923294215587603 ], [ -118.281356993713004, 33.923203604766798 ], [ -118.281415102379, 33.9232035979675 ], [ -118.281463743261, 33.923114222322504 ], [ -118.281492402761003, 33.923113597263097 ], [ -118.281961954547, 33.9231851034573 ], [ -118.281966980042995, 33.923205400017302 ], [ -118.281971550931999, 33.923205389328402 ], [ -118.282001487182001, 33.923205362254102 ], [ -118.282095068814002, 33.923205358030003 ], [ -118.282098186333997, 33.923205823022798 ], [ -118.282098184744001, 33.923205350740197 ], [ -118.282098558140007, 33.923205349866599 ], [ -118.282102222267994, 33.923001013058098 ], [ -118.282105957862001, 33.922791137455498 ], [ -118.282106470512005, 33.922763657780102 ], [ -118.282112768584, 33.922668584692303 ], [ -118.282119349986004, 33.922596481230201 ], [ -118.282157056155, 33.920315379206599 ], [ -118.282157946547002, 33.920266259357703 ], [ -118.282160248780002, 33.920135516562802 ], [ -118.282162010175, 33.920035344832201 ], [ -118.282164225295006, 33.9199093251056 ], [ -118.282165164459002, 33.9198479257035 ], [ -118.282168142627, 33.919680858230599 ], [ -118.282170665192993, 33.919531438155097 ], [ -118.282176514390002, 33.919211386185999 ], [ -118.282181873246003, 33.918906319724599 ], [ -118.282183256834998, 33.918823966956801 ], [ -118.282184614816998, 33.918741657184498 ], [ -118.282192961589999, 33.918306876798198 ], [ -118.282200918642999, 33.917825212210602 ], [ -118.282202992009005, 33.917706835287198 ], [ -118.282204606728001, 33.917624310246403 ], [ -118.282205899716004, 33.9175418288944 ], [ -118.282209627143999, 33.917329677847199 ], [ -118.282213828161005, 33.917124352375801 ], [ -118.282216846268, 33.916919501962902 ], [ -118.282220480901998, 33.916714220759602 ], [ -118.282223104693003, 33.916564328198902 ], [ -118.282226181241001, 33.916426542277101 ], [ -118.282227250052003, 33.916288975732002 ], [ -118.282227293904995, 33.916275236399201 ], [ -118.282227327890993, 33.916185931323902 ], [ -118.282227393053006, 33.9160485388715 ], [ -118.282227458213995, 33.915911146420903 ], [ -118.282227561998994, 33.915773753881503 ], [ -118.282227652909, 33.915636361373899 ], [ -118.282229360836993, 33.915478313304 ], [ -118.282229599573, 33.9151554408636 ], [ -118.282229664729996, 33.915018048423903 ], [ -118.282229755635996, 33.9148806559257 ], [ -118.282230348645001, 33.914743262253701 ], [ -118.282230980275003, 33.914605868493098 ], [ -118.282231658368005, 33.914447865783401 ], [ -118.282231772599999, 33.914282994782099 ], [ -118.282231858325005, 33.914124950528603 ], [ -118.282231923476999, 33.913987558101603 ], [ -118.282232027253002, 33.913850165585899 ], [ -118.282233678978002, 33.913713671084999 ], [ -118.282233745385, 33.913706629575799 ], [ -118.282233831211002, 33.9135753768225 ], [ -118.282233929949996, 33.913417375483697 ], [ -118.282234033614998, 33.913253191483697 ], [ -118.282234130039001, 33.913094503193598 ], [ -118.282235842936998, 33.912957063986902 ], [ -118.282235933975002, 33.912819714448801 ], [ -118.282235996805994, 33.912681635082201 ], [ -118.282236100573002, 33.912544242582598 ], [ -118.282236186288003, 33.9123861983539 ], [ -118.282236302821005, 33.912222014339001 ], [ -118.282238015841997, 33.912084618077898 ], [ -118.282238106731, 33.911947225615997 ], [ -118.282238133248995, 33.9118098333064 ], [ -118.282238332489996, 33.911563170824898 ], [ -118.282240141112993, 33.9113165475164 ], [ -118.282240260934003, 33.911069241205702 ], [ -118.282242069540999, 33.910822617908302 ], [ -118.282242217416993, 33.9105759985042 ], [ -118.282242350103999, 33.910328692180002 ], [ -118.282244145815, 33.910082068929199 ], [ -118.282244304244003, 33.909834762556002 ], [ -118.282244464840005, 33.909588100209199 ], [ -118.282246269563004, 33.909290641834097 ], [ -118.282246407726007, 33.909048788279598 ], [ -118.282246601934006, 33.908754768494802 ], [ -118.282250404612995, 33.907888501751899 ], [ -118.282252561307004, 33.907030439527396 ], [ -118.282254495721006, 33.906588032166098 ], [ -118.282254785008007, 33.906104368086901 ], [ -118.282256768300002, 33.905519759754299 ], [ -118.282256807997996, 33.905462741911897 ], [ -118.282257089577001, 33.904999729660098 ], [ -118.282257201175, 33.904807337440097 ], [ -118.282258573506994, 33.904312722467502 ], [ -118.282259727197001, 33.903886975842802 ], [ -118.282261401921005, 33.903275748625703 ], [ -118.282263368429994, 33.902724415142501 ], [ -118.282263558205997, 33.902448213581401 ], [ -118.282265439775998, 33.902036032798399 ], [ -118.282265461802993, 33.901996704251601 ], [ -118.282265512812998, 33.901904823150602 ], [ -118.282265595696998, 33.901761248190503 ], [ -118.282265855321995, 33.901349071231699 ], [ -118.282265928807007, 33.9012027055239 ], [ -118.282267722911996, 33.900993908249099 ], [ -118.282268056301007, 33.900427809056403 ], [ -118.282268404340996, 33.899816370468201 ], [ -118.282268546637994, 33.899556656144398 ], [ -118.282273158525001, 33.898319300831197 ], [ -118.282280180401997, 33.897319842958701 ], [ -118.283216179768999, 33.8969528285648 ], [ -118.282292178586999, 33.874131839204097 ], [ -118.282119175481, 33.872857850093901 ], [ -118.282259180713993, 33.872643835170997 ], [ -118.281620176437997, 33.872635841588199 ], [ -118.281813173206999, 33.872555832008601 ], [ -118.281655180713997, 33.872023851402702 ], [ -118.281567172226005, 33.862806837651199 ], [ -118.285375183861007, 33.861160815181698 ], [ -118.285312933838995, 33.861031428109001 ], [ -118.285394484544, 33.860994826206699 ], [ -118.285446604637997, 33.860971775523801 ], [ -118.285432932454, 33.860852191375997 ], [ -118.285515938781003, 33.8606914612471 ], [ -118.285627175347997, 33.8610488450405 ], [ -118.290535175334995, 33.858703815008496 ], [ -118.290535172657997, 33.8587030421875 ], [ -118.290669556517003, 33.858643382085297 ], [ -118.290663992841999, 33.8560025583743 ], [ -118.290659986143993, 33.854159804457503 ], [ -118.289394237265995, 33.854159373733502 ], [ -118.288287454954002, 33.854159966286197 ], [ -118.287129057385002, 33.854160585822797 ], [ -118.286142860751994, 33.854161085906298 ], [ -118.285780641206998, 33.8541615162951 ], [ -118.285281016531002, 33.854160682442398 ], [ -118.285292304692007, 33.853250823669299 ], [ -118.285292383951003, 33.853243868039002 ], [ -118.285304142694997, 33.852256854357201 ], [ -118.285876214671006, 33.852258632506199 ], [ -118.286206397208005, 33.852259651836803 ], [ -118.286206398469005, 33.852252481717599 ], [ -118.286205196664994, 33.851263223271502 ], [ -118.286204658420004, 33.850826534479801 ], [ -118.286204502592994, 33.850713015185001 ], [ -118.286204232843005, 33.850498255858497 ], [ -118.286204066324999, 33.850343905580999 ], [ -118.286203890281996, 33.850205612950496 ], [ -118.286203831153003, 33.850158127182802 ], [ -118.286202751912995, 33.849283933970497 ], [ -118.286201524465994, 33.848294675906203 ], [ -118.286200873368998, 33.847757047794602 ], [ -118.286200245423004, 33.847263900116403 ], [ -118.286200072322998, 33.847126466221702 ], [ -118.286200066749998, 33.846989117800703 ], [ -118.286200015478997, 33.846416153001101 ], [ -118.286200024183003, 33.8464073942813 ], [ -118.286200034527994, 33.846402886102702 ], [ -118.286199915004005, 33.846390478229502 ], [ -118.297045587550997, 33.846375773184697 ], [ -118.299104479722004, 33.846372138657202 ], [ -118.299104488021996, 33.846327572298101 ], [ -118.299104485422006, 33.8463232358882 ], [ -118.299219183329996, 33.846323809752903 ], [ -118.299193180420005, 33.823026830003997 ], [ -118.299082614523002, 33.822376257513703 ], [ -118.299084777879997, 33.821958583407699 ], [ -118.299084691599006, 33.8218874837656 ], [ -118.299084154476006, 33.821451826753403 ], [ -118.299083721255002, 33.821077780787803 ], [ -118.299270180137995, 33.8136508213477 ], [ -118.299270141562005, 33.813650821443503 ], [ -118.299270165747998, 33.813650392036898 ], [ -118.299268710698996, 33.813649837502503 ], [ -118.299077760928, 33.813579641453401 ], [ -118.299059695997997, 33.813572988511901 ], [ -118.298893558261, 33.813511875631598 ], [ -118.298503173154998, 33.813367810702097 ], [ -118.298506182506003, 33.813143813168999 ] ], [ [ -118.297046686288994, 33.847288951060101 ], [ -118.297046702559001, 33.847293545045503 ], [ -118.297046893284005, 33.847467258847999 ], [ -118.297046906513003, 33.847470994144601 ], [ -118.297047237811995, 33.847760674550898 ], [ -118.297047660356995, 33.848148761351602 ], [ -118.297047825353999, 33.848286152374399 ], [ -118.297048389967003, 33.8487615682794 ], [ -118.297048797041995, 33.849138019823101 ], [ -118.297048949178006, 33.849275410892503 ], [ -118.297049421162001, 33.849695612887601 ], [ -118.297050013624997, 33.850197047305002 ], [ -118.297050089847005, 33.8502657857819 ], [ -118.297050165917994, 33.850334481324801 ], [ -118.297051189211999, 33.851255388053197 ], [ -118.297051192162996, 33.8512598532689 ], [ -118.297051457517, 33.851487321378698 ], [ -118.297051876661001, 33.851859908869201 ], [ -118.297051881588999, 33.851864932233198 ], [ -118.297052029352002, 33.851975660819001 ], [ -118.297052325980999, 33.852244646860299 ], [ -118.297052407652004, 33.852322186981397 ], [ -118.297052894299, 33.852739254836401 ], [ -118.29705339038, 33.853158984647401 ], [ -118.297053400145003, 33.853172637904002 ], [ -118.297053431170994, 33.853199557975401 ], [ -118.297053415967, 33.853213425967802 ], [ -118.297053449911999, 33.853233905805297 ], [ -118.297053468526002, 33.8532427932724 ], [ -118.297054100981995, 33.853806354509402 ], [ -118.297054108405007, 33.853815714287997 ], [ -118.297054463845996, 33.854133989444897 ], [ -118.297054486779999, 33.854147728540198 ], [ -118.297054652137007, 33.8542961109735 ], [ -118.297054662205994, 33.854309850100698 ], [ -118.297055468340005, 33.855020505781603 ], [ -118.297055693960004, 33.855214957179001 ], [ -118.297056586809006, 33.856004569919001 ], [ -118.297056830835004, 33.856204216409601 ], [ -118.297057096268006, 33.856820331002197 ], [ -118.297057534261, 33.857194593120497 ], [ -118.297058545813002, 33.8580467618374 ], [ -118.297058710846997, 33.8581841530074 ], [ -118.297058865235996, 33.858184152626798 ], [ -118.297369960872004, 33.858183857496797 ], [ -118.297681210895007, 33.858183561182202 ], [ -118.298608103502005, 33.8581826844093 ], [ -118.299046197753, 33.858182284808301 ], [ -118.299142678657006, 33.858182217042298 ], [ -118.299134437012, 33.856005182202999 ], [ -118.299108623329005, 33.847761284435599 ], [ -118.299109001584, 33.847293809164199 ], [ -118.299089563647001, 33.847293771554597 ], [ -118.299073097466007, 33.847293769499103 ], [ -118.297795286005993, 33.847290752345799 ], [ -118.297458343976004, 33.847289910320001 ], [ -118.297046686288994, 33.847288951060101 ] ] ] } },
{ "type": "Feature", "properties": { "objectid": 44, "name": "Harvard Heights", "area_sqmi": 0.77688319772962922, "source_url": "https://services5.arcgis.com/7nsPwEMP38bSkCjy/arcgis/rest/services/LA_Times_Neighborhoods/FeatureServer/0", "fetched_at": "2025-12-07T08:52:51.283518" }, "geometry": { "type": "Polygon", "coordinates": [ [ [ -118.300621196251996, 34.040818851423403 ], [ -118.300798195617006, 34.039970851716802 ], [ -118.300361195441994, 34.0399738517185 ], [ -118.300287171334006, 34.037235946297798 ], [ -118.300285195881003, 34.037162851496497 ], [ -118.303884196040997, 34.037204851199 ], [ -118.300686195279994, 34.037313850714298 ], [ -118.303232196242007, 34.037419851185 ], [ -118.309000196884995, 34.037432850479497 ], [ -118.308999196439999, 34.0372648509477 ], [ -118.313349197609, 34.037206850676199 ], [ -118.313360197866999, 34.039927850368798 ], [ -118.313017197771003, 34.0399288509306 ], [ -118.313058198904997, 34.049505851366199 ], [ -118.313296198933998, 34.050538851867401 ], [ -118.313306198476994, 34.052824852482303 ], [ -118.312878199059, 34.052630851714902 ], [ -118.300028196311004, 34.052628853199401 ], [ -118.299979196227994, 34.0472328523553 ], [ -118.300288196048996, 34.0465588524509 ], [ -118.300341195985993, 34.044050851443899 ], [ -118.300435195591007, 34.043742852049299 ], [ -118.300761196074006, 34.043696852160203 ], [ -118.300756196360993, 34.041502852009003 ], [ -118.300621196251996, 34.040818851423403 ] ] ] } },
{ "type": "Feature", "properties": { "objectid": 45, "name": "Harvard Park", "area_sqmi": 0.64361103670979403, "source_url": "https://services5.arcgis.com/7nsPwEMP38bSkCjy/arcgis/rest/services/LA_Times_Neighborhoods/FeatureServer/0", "fetched_at": "2025-12-07T08:52:51.283518" }, "geometry": { "type": "Polygon", "coordinates": [ [ [ -118.307857191238, 33.974569844078601 ], [ -118.308979191614995, 33.974567844108797 ], [ -118.308979174274, 33.974575462059903 ], [ -118.308941237748002, 33.993239018972702 ], [ -118.308941193818001, 33.993260845993397 ], [ -118.304997717437004, 33.993247765437097 ], [ -118.300198191340002, 33.993231846447898 ], [ -118.300301190707998, 33.9745818439103 ], [ -118.307857191238, 33.974569844078601 ] ] ] } },
{ "type": "Feature", "properties": { "objectid": 46, "name": "Highland Park", "area_sqmi": 3.3874678558024747, "source_url": "https://services5.arcgis.com/7nsPwEMP38bSkCjy/arcgis/rest/services/LA_Times_Neighborhoods/FeatureServer/0", "fetched_at": "2025-12-07T08:52:51.283518" }, "geometry": { "type": "Polygon", "coordinates": [ [ [ -118.189139184873994, 34.131835867596202 ], [ -118.187442183914996, 34.128173867643198 ], [ -118.185567183532996, 34.128641867969101 ], [ -118.185459183202994, 34.128875867527903 ], [ -118.182813497205998, 34.129670773470203 ], [ -118.182775427644003, 34.129588367064699 ], [ -118.182707340500002, 34.1294409830737 ], [ -118.182592183175998, 34.129190867635202 ], [ -118.182591835373003, 34.129190955609097 ], [ -118.182591795072995, 34.129190869123001 ], [ -118.181560051584, 34.129450173765797 ], [ -118.181352603031996, 34.129502321432803 ], [ -118.181352322403001, 34.129502392173301 ], [ -118.181352835504001, 34.129495544272899 ], [ -118.181358488105005, 34.129420139824099 ], [ -118.181358680352005, 34.129417308727298 ], [ -118.181401418774001, 34.128859288653601 ], [ -118.181401673907999, 34.128855963423199 ], [ -118.181407286959995, 34.128777860749302 ], [ -118.181419759492996, 34.128605060846198 ], [ -118.181450183018001, 34.1282008677031 ], [ -118.181448875236001, 34.128201193316002 ], [ -118.181448923654003, 34.128200525208698 ], [ -118.181448952072003, 34.128200132999901 ], [ -118.181449213006999, 34.128196485012502 ], [ -118.180949309558997, 34.128325624184399 ], [ -118.180911881106994, 34.128334947049602 ], [ -118.180901869210004, 34.128309226921097 ], [ -118.18085319171, 34.128184490866602 ], [ -118.180841695102004, 34.128154968492602 ], [ -118.180837489414998, 34.128144199682602 ], [ -118.180798604098996, 34.128038775083098 ], [ -118.180794363535, 34.128026411514902 ], [ -118.180768404473994, 34.127955884780199 ], [ -118.180736463165005, 34.127869154747799 ], [ -118.180729250433998, 34.127849435519998 ], [ -118.180694026742003, 34.127755239394702 ], [ -118.180205183075003, 34.126429868064903 ], [ -118.178595182695005, 34.126724867657401 ], [ -118.177689182584004, 34.1266498675758 ], [ -118.177689444763999, 34.126650300826903 ], [ -118.177689341759006, 34.126650291963003 ], [ -118.177691637140995, 34.126654059693699 ], [ -118.177727851970999, 34.126713496691899 ], [ -118.177799182597994, 34.126830867617201 ], [ -118.177362166915003, 34.126760019139901 ], [ -118.177165554967999, 34.126728029055897 ], [ -118.176660924199993, 34.126645946687198 ], [ -118.176553306754002, 34.126627819973798 ], [ -118.176967181761, 34.123145867373701 ], [ -118.176836760279002, 34.123197081315801 ], [ -118.176842958506995, 34.123144723039097 ], [ -118.176843403668997, 34.123140961200001 ], [ -118.176427510178996, 34.1233097658478 ], [ -118.176070971960002, 34.1234544946727 ], [ -118.175922678801001, 34.123514723728498 ], [ -118.175566370523995, 34.123659312794203 ], [ -118.175211645730997, 34.123803321532897 ], [ -118.175153310742999, 34.123826982923902 ], [ -118.175148761694999, 34.123828826836302 ], [ -118.175136309223006, 34.123833877227199 ], [ -118.175063119468007, 34.123863604864198 ], [ -118.174973323439005, 34.1239000620863 ], [ -118.174935688709994, 34.123915339816499 ], [ -118.174808224131993, 34.1239670467357 ], [ -118.174680726988996, 34.124018808560699 ], [ -118.174641870407996, 34.124034583807202 ], [ -118.174597929691998, 34.124052424581002 ], [ -118.173356391979993, 34.124556358158003 ], [ -118.173086406164998, 34.124666219809001 ], [ -118.172836936210999, 34.124767717767803 ], [ -118.172816180712999, 34.124775868437503 ], [ -118.172452648941004, 34.125975324870602 ], [ -118.172450983523007, 34.125977276357098 ], [ -118.172401754316994, 34.1259940321222 ], [ -118.171662547976993, 34.126245635036398 ], [ -118.171651056325004, 34.126249546872401 ], [ -118.17164426315, 34.126250902505198 ], [ -118.171622052323002, 34.126255338023299 ], [ -118.171544647266003, 34.126274319654797 ], [ -118.171468570168003, 34.126298069354 ], [ -118.17143196312, 34.126312067064198 ], [ -118.171427885918007, 34.126313625283402 ], [ -118.171402907111997, 34.126323177269903 ], [ -118.171338895554001, 34.126352238727499 ], [ -118.171320105359001, 34.126362192120901 ], [ -118.171315180660997, 34.126363868736497 ], [ -118.171309986891998, 34.126367551640101 ], [ -118.171276773757995, 34.126385146109797 ], [ -118.171225447823005, 34.126416346894899 ], [ -118.171175983650997, 34.1264504236105 ], [ -118.171128542530994, 34.126487263339001 ], [ -118.171122855590994, 34.126492050406803 ], [ -118.171113944786995, 34.126499551139297 ], [ -118.171054574864996, 34.126548705511397 ], [ -118.170548459611993, 34.126907670225002 ], [ -118.170547863742001, 34.126907849569001 ], [ -118.170424633717005, 34.126900468549898 ], [ -118.170146565021, 34.126883813242799 ], [ -118.169780945308005, 34.126861914391498 ], [ -118.169779143430006, 34.126861301176703 ], [ -118.169278079142998, 34.126587516571703 ], [ -118.169254342274996, 34.126574546127799 ], [ -118.169252824707002, 34.126573534030399 ], [ -118.169224140764996, 34.126555493084602 ], [ -118.169148967758005, 34.126514323507799 ], [ -118.16912286825, 34.126502707739498 ], [ -118.169112180604003, 34.126496868150198 ], [ -118.169103301763002, 34.1264940001805 ], [ -118.169070663832002, 34.126479474390599 ], [ -118.168989759558002, 34.126451182087898 ], [ -118.168911506740002, 34.126430297512798 ], [ -118.168895082538, 34.126426735976104 ], [ -118.167872294602006, 34.126096330654903 ], [ -118.167861936126997, 34.126091850908502 ], [ -118.167798824242993, 34.126069003589699 ], [ -118.167734439911996, 34.126050037291797 ], [ -118.167712883876007, 34.126044833815698 ], [ -118.167243155183996, 34.125893090760997 ], [ -118.167240092382002, 34.1258918310523 ], [ -118.167237357171999, 34.125891217288 ], [ -118.167233180869005, 34.125889868065101 ], [ -118.167232328164999, 34.125890091021503 ], [ -118.167219206322997, 34.125887149449298 ], [ -118.167197829879996, 34.125886064728299 ], [ -118.167176576686998, 34.125888607594 ], [ -118.167156059082998, 34.125894705077101 ], [ -118.167043888910996, 34.125939218180399 ], [ -118.166195918753004, 34.126160292157202 ], [ -118.166176899630997, 34.126154620630501 ], [ -118.166130078224, 34.126134475371401 ], [ -118.166085917405994, 34.126109021829897 ], [ -118.166045015186, 34.126078605375199 ], [ -118.166007927422996, 34.126043639951497 ], [ -118.165975158059993, 34.126004598174099 ], [ -118.165963956672002, 34.125988291335602 ], [ -118.165960377445003, 34.125982992543001 ], [ -118.165958218102006, 34.125977032781599 ], [ -118.165955233477007, 34.125971459107099 ], [ -118.165952413572001, 34.125965857258798 ], [ -118.165949627217998, 34.125960227416897 ], [ -118.165947005532004, 34.125954543257102 ], [ -118.165944516045002, 34.125948830968298 ], [ -118.165942125098994, 34.1259430635507 ], [ -118.165939867489996, 34.125937295950003 ], [ -118.165852376645006, 34.125706650234299 ], [ -118.165821785388999, 34.125626097136099 ], [ -118.165795328599003, 34.1255563982021 ], [ -118.165794116807007, 34.1255532066413 ], [ -118.165944460876005, 34.125504912661299 ], [ -118.166041212287993, 34.1254738662929 ], [ -118.166620922861, 34.125287778678498 ], [ -118.166792729410005, 34.125232639381103 ], [ -118.167028694869998, 34.125156885137599 ], [ -118.167604208518995, 34.124972145489501 ], [ -118.167648726018001, 34.124927952905601 ], [ -118.167861222043996, 34.124716978294401 ], [ -118.167941122062999, 34.124637619120797 ], [ -118.168032596963002, 34.1245467844426 ], [ -118.168273879617999, 34.124307219398098 ], [ -118.168276281847994, 34.124302379339703 ], [ -118.168330479687995, 34.124192829156897 ], [ -118.168377274323007, 34.124098236647498 ], [ -118.168464236592996, 34.123922489116097 ], [ -118.168464487066004, 34.123921982106502 ], [ -118.168464632809005, 34.123921684398098 ], [ -118.168465091651996, 34.123920756984703 ], [ -118.168465755628006, 34.123919416384197 ], [ -118.168466180546005, 34.123918868562598 ], [ -118.168466025534002, 34.123918870581697 ], [ -118.168065180008, 34.123927867847598 ], [ -118.168065074419005, 34.123921718651403 ], [ -118.168064300197997, 34.1238768523326 ], [ -118.168069237045998, 34.123871554382497 ], [ -118.168067962026001, 34.123817532811202 ], [ -118.168064108804998, 34.123654397118202 ], [ -118.168060605635006, 34.123505769277401 ], [ -118.168051397431, 34.123116711053299 ], [ -118.168045184928005, 34.123095678859102 ], [ -118.167591724378994, 34.121492930239498 ], [ -118.167530033275, 34.121272869121299 ], [ -118.167621179663996, 34.121379868064601 ], [ -118.167829179616007, 34.120941868118003 ], [ -118.168090179657, 34.121510868187102 ], [ -118.168219180725998, 34.1214128680963 ], [ -118.167854190268997, 34.120499862355203 ], [ -118.168902180073999, 34.119928867413201 ], [ -118.168956141360994, 34.119640248905696 ], [ -118.169011409760998, 34.119345841621097 ], [ -118.168932049806003, 34.119024280032399 ], [ -118.168845349448006, 34.118672982638302 ], [ -118.168858341936001, 34.118349979325401 ], [ -118.168860954240998, 34.1182855658015 ], [ -118.168868492618003, 34.118151145128103 ], [ -118.168880005413996, 34.117912422597001 ], [ -118.168883343188995, 34.117842274323301 ], [ -118.168937181058993, 34.117783954777103 ], [ -118.169080519363007, 34.117639380474998 ], [ -118.169098896023996, 34.117621417906598 ], [ -118.169117666774, 34.117603228499704 ], [ -118.169193345631001, 34.1175276779678 ], [ -118.169388106246004, 34.117326861421397 ], [ -118.169673219399996, 34.117032882467797 ], [ -118.169825340404998, 34.116876012494899 ], [ -118.169921248782003, 34.116777119491303 ], [ -118.169922831167995, 34.116775441320598 ], [ -118.170026647309001, 34.116666231715598 ], [ -118.170130462152997, 34.116557050872302 ], [ -118.170193392133001, 34.116492156625299 ], [ -118.170247542192001, 34.1164363179699 ], [ -118.170251524858003, 34.116432209492601 ], [ -118.170257165557004, 34.1164279147672 ], [ -118.170361838795998, 34.1163184566472 ], [ -118.170466779842997, 34.116210234959198 ], [ -118.170571191701001, 34.116102562959099 ], [ -118.170676631961996, 34.115993842739101 ], [ -118.170781560341993, 34.115885655053702 ], [ -118.170886503603995, 34.115777457339199 ], [ -118.171012410854004, 34.115647606653702 ], [ -118.171079764511006, 34.115578182705001 ], [ -118.171117875931998, 34.1155388616721 ], [ -118.171180066728994, 34.115474739668102 ], [ -118.171222809664997, 34.1154306699896 ], [ -118.171327751785995, 34.1153224718934 ], [ -118.171337807694002, 34.115312098146497 ], [ -118.171421170675998, 34.115203768284502 ], [ -118.171513397998993, 34.115083968230003 ], [ -118.171605591455005, 34.114964167251699 ], [ -118.171716270294993, 34.1148204060989 ], [ -118.171809560400007, 34.114699176283601 ], [ -118.171901780040002, 34.1145793434886 ], [ -118.171933234445007, 34.114538486443301 ], [ -118.172703729399998, 34.1137038495635 ], [ -118.172884427390002, 34.113614052965701 ], [ -118.174989180742998, 34.113285866781098 ], [ -118.173288805181002, 34.113413098669703 ], [ -118.173566538966995, 34.1132750805304 ], [ -118.173650009870997, 34.1132336037968 ], [ -118.173685615723002, 34.1132159105737 ], [ -118.173713180095007, 34.113202866373697 ], [ -118.175469180549001, 34.1131558669437 ], [ -118.175480220625005, 34.113122621388001 ], [ -118.175480912126005, 34.113122612270203 ], [ -118.175599363450004, 34.112763822064103 ], [ -118.175643168920999, 34.112631902308102 ], [ -118.175651734583994, 34.112629203296798 ], [ -118.175696952294999, 34.112614929440603 ], [ -118.175806177281004, 34.112580451121197 ], [ -118.175926153681004, 34.112542603357703 ], [ -118.176072772371, 34.1124963080835 ], [ -118.176199999166002, 34.112456158694499 ], [ -118.176200477517995, 34.112456330189403 ], [ -118.177404181374996, 34.112886866777899 ], [ -118.178446180981993, 34.112058865970603 ], [ -118.180453181740006, 34.1112498657968 ], [ -118.180334181153995, 34.111146865926202 ], [ -118.181178181383004, 34.111107866361301 ], [ -118.182980181388004, 34.111462866203098 ], [ -118.184449182297001, 34.110955865866202 ], [ -118.184811181529994, 34.110367865338198 ], [ -118.185099182095996, 34.109014865844301 ], [ -118.185592878042996, 34.108312996183798 ], [ -118.185616181526001, 34.108279865193502 ], [ -118.187226182589995, 34.106833865599 ], [ -118.192068605727997, 34.103407502195601 ], [ -118.192205182541997, 34.103310864505701 ], [ -118.193602182532004, 34.102898864235001 ], [ -118.196440183594007, 34.1030048639171 ], [ -118.196011183482, 34.102597863947501 ], [ -118.197637183070995, 34.102505863817001 ], [ -118.199887926344005, 34.101572142271898 ], [ -118.200115183915997, 34.101477863563602 ], [ -118.200262126647999, 34.101343872598498 ], [ -118.202649452817994, 34.099166956756399 ], [ -118.202804183728006, 34.099025863601902 ], [ -118.205336184708997, 34.095166863013397 ], [ -118.205523183874007, 34.0952388631746 ], [ -118.205914184080996, 34.094649862938198 ], [ -118.206190183778006, 34.093889862453402 ], [ -118.206390184138996, 34.0919498621735 ], [ -118.207877616717994, 34.089616393592898 ], [ -118.207960184436004, 34.089486862010197 ], [ -118.208199327960997, 34.089278899744201 ], [ -118.210767184917003, 34.087045861663199 ], [ -118.211787184336004, 34.086583861822099 ], [ -118.212777563005005, 34.0864239615819 ], [ -118.212778184702998, 34.0864238613186 ], [ -118.212727078640995, 34.086537719981898 ], [ -118.212727053853996, 34.086537773215902 ], [ -118.212010184936005, 34.0881348616944 ], [ -118.211663372459, 34.088651504180199 ], [ -118.211428184859997, 34.089001862273498 ], [ -118.211324154162, 34.089326118442401 ], [ -118.211207741563001, 34.089688965459601 ], [ -118.211103184506001, 34.090014862248204 ], [ -118.21110318497, 34.091211862550203 ], [ -118.211457184408999, 34.090839862392997 ], [ -118.211463859584995, 34.090908080364898 ], [ -118.211598185314003, 34.092280862229202 ], [ -118.211575366811005, 34.092629214048699 ], [ -118.211561605354007, 34.092839320984098 ], [ -118.211553185667995, 34.092967862476598 ], [ -118.211282185357007, 34.093672862331601 ], [ -118.211213500021998, 34.093746606843297 ], [ -118.209680184888995, 34.095392863007802 ], [ -118.208494185375002, 34.097137863131103 ], [ -118.205842184850994, 34.099031863025402 ], [ -118.205198366225005, 34.100038792581998 ], [ -118.205131184164003, 34.100143863790599 ], [ -118.204998184881006, 34.100945863388901 ], [ -118.205443737650995, 34.104950074636697 ], [ -118.205462184588001, 34.105115863698103 ], [ -118.205509184988003, 34.1054068638404 ], [ -118.205704184949994, 34.105389863644398 ], [ -118.206053185160997, 34.105878864476701 ], [ -118.204049184802003, 34.106865864323602 ], [ -118.203753184869996, 34.107186864411098 ], [ -118.205331185351994, 34.109396864813199 ], [ -118.207965186436994, 34.112577864880897 ], [ -118.20796618608, 34.113090865179402 ], [ -118.208707213976993, 34.113992165829103 ], [ -118.208752186059002, 34.114046865206802 ], [ -118.210127186223005, 34.114962865227099 ], [ -118.211329186425004, 34.115423864462002 ], [ -118.212070186635998, 34.115923864886703 ], [ -118.213675187910994, 34.116287864765702 ], [ -118.213670292418996, 34.116294468124501 ], [ -118.213056187369006, 34.1171228652927 ], [ -118.212890187054001, 34.117714864566899 ], [ -118.213072187058003, 34.118835865283998 ], [ -118.213350187819003, 34.119366864736101 ], [ -118.213751188196994, 34.1199438649179 ], [ -118.214267187445998, 34.120325865111496 ], [ -118.215736188546003, 34.1207428653452 ], [ -118.216676188421999, 34.120841865082397 ], [ -118.216015187945999, 34.123227865809199 ], [ -118.209020186668994, 34.121888865532597 ], [ -118.208304187026997, 34.124473866165197 ], [ -118.204055186535996, 34.123655865695099 ], [ -118.203592186091001, 34.125332866006097 ], [ -118.200484185975995, 34.124735866013197 ], [ -118.200794185443996, 34.1252278662338 ], [ -118.200887185713, 34.126159866518996 ], [ -118.200163186393993, 34.127228866911501 ], [ -118.199671186158, 34.126928866607898 ], [ -118.198624185797001, 34.127180866724203 ], [ -118.198204185682002, 34.126449866829702 ], [ -118.194421185371993, 34.126561867008597 ], [ -118.194425185390003, 34.127103866724497 ], [ -118.194150184630999, 34.127647867347498 ], [ -118.193826185603001, 34.1296208671099 ], [ -118.192239184434001, 34.129912867921902 ], [ -118.192215154199999, 34.129937407059401 ], [ -118.191989973643999, 34.130167358865101 ], [ -118.191807443865002, 34.1303537563047 ], [ -118.191767185385004, 34.130394867812598 ], [ -118.191331184511, 34.130562867653502 ], [ -118.191444184583005, 34.1310748677395 ], [ -118.191196184874002, 34.131233867608799 ], [ -118.191040151650995, 34.1312861507108 ], [ -118.190850870816007, 34.131349574947301 ], [ -118.190814185007, 34.131361867548399 ], [ -118.190735761084994, 34.131325052868199 ], [ -118.190356185113998, 34.131146867591198 ], [ -118.190101184742005, 34.131189868059202 ], [ -118.190199184894993, 34.131400867908603 ], [ -118.189258184877005, 34.132088868355197 ], [ -118.189139184873994, 34.131835867596202 ] ] ] } },
{ "type": "Feature", "properties": { "objectid": 47, "name": "Historic South-Central", "area_sqmi": 2.5513853895119167, "source_url": "https://services5.arcgis.com/7nsPwEMP38bSkCjy/arcgis/rest/services/LA_Times_Neighborhoods/FeatureServer/0", "fetched_at": "2025-12-07T08:52:51.283518" }, "geometry": { "type": "Polygon", "coordinates": [ [ [ -118.265753189248002, 34.031473852521501 ], [ -118.263605189066993, 34.030495852909198 ], [ -118.263518189189995, 34.030611852402998 ], [ -118.259260187685001, 34.028479852492801 ], [ -118.259105187863, 34.028565852162203 ], [ -118.250457186237, 34.024548852598301 ], [ -118.254284186720994, 34.020382851749503 ], [ -118.256527186219003, 34.0148858513815 ], [ -118.256491184900995, 34.003942849839497 ], [ -118.256493126821994, 34.003942836697298 ], [ -118.281207189151004, 34.003775848724501 ], [ -118.281124365325994, 34.011088855377999 ], [ -118.281124364367997, 34.011088892342997 ], [ -118.281124141495994, 34.011108596676699 ], [ -118.281112190458998, 34.012163849649802 ], [ -118.281253190624994, 34.013786849403999 ], [ -118.281082190576996, 34.0159238499567 ], [ -118.280606190156007, 34.017614850365703 ], [ -118.280341190211004, 34.017497849882197 ], [ -118.279860105462006, 34.018483925595298 ], [ -118.279858190357999, 34.018487849884302 ], [ -118.279621190198995, 34.018493850646699 ], [ -118.277694190199995, 34.021543850451401 ], [ -118.275286813196999, 34.025905379291302 ], [ -118.274761664319996, 34.026856809365199 ], [ -118.274592190210001, 34.027163851123298 ], [ -118.274485167475007, 34.027657422284697 ], [ -118.274326785691002, 34.028387847235898 ], [ -118.274270190232997, 34.028648851441801 ], [ -118.274324970837, 34.029611066586703 ], [ -118.274516191299, 34.0329698525643 ], [ -118.274295191343995, 34.035402852846197 ], [ -118.268274189568004, 34.0327648524935 ], [ -118.268353189562006, 34.032643852121097 ], [ -118.267561989773, 34.032333970940101 ], [ -118.265667189553994, 34.0315918527684 ], [ -118.265753189248002, 34.031473852521501 ] ] ] } },
{ "type": "Feature", "properties": { "objectid": 48, "name": "Hollywood Hills", "area_sqmi": 6.9968508317677127, "source_url": "https://services5.arcgis.com/7nsPwEMP38bSkCjy/arcgis/rest/services/LA_Times_Neighborhoods/FeatureServer/0", "fetched_at": "2025-12-07T08:52:51.283518" }, "geometry": { "type": "Polygon", "coordinates": [ [ [ -118.317833207852999, 34.1521228626439 ], [ -118.316632207189002, 34.1514218628555 ], [ -118.311384206336001, 34.1520208635499 ], [ -118.310327206679005, 34.147037862400801 ], [ -118.309523205166002, 34.141112861865899 ], [ -118.309421203338005, 34.1130128590749 ], [ -118.307521202605997, 34.113412859171 ], [ -118.307204202696994, 34.110782858557499 ], [ -118.307359202323994, 34.109725858924897 ], [ -118.307982202689004, 34.108525858753097 ], [ -118.307659202026002, 34.108086858450797 ], [ -118.309309203042005, 34.107691858618601 ], [ -118.309294202378993, 34.105385857999103 ], [ -118.309294872139006, 34.1053858517771 ], [ -118.326497205831004, 34.105199856719402 ], [ -118.326795519781001, 34.1052494776362 ], [ -118.328018205974999, 34.105452856842703 ], [ -118.329387205545004, 34.1052538570463 ], [ -118.337483207554001, 34.105177856332602 ], [ -118.337697206854997, 34.1045718565342 ], [ -118.338380207585999, 34.104140856092798 ], [ -118.344284208824007, 34.104119856048897 ], [ -118.345885208691996, 34.103694856006904 ], [ -118.346179208634993, 34.104727856084502 ], [ -118.344628208797005, 34.1057398562046 ], [ -118.345384208793007, 34.107028856708197 ], [ -118.34560520862, 34.107702856753498 ], [ -118.345610208362999, 34.108416856108299 ], [ -118.346195209106995, 34.1113128566844 ], [ -118.346173024481004, 34.111357098143898 ], [ -118.346129258231997, 34.111444378479199 ], [ -118.346021209084995, 34.111659856306296 ], [ -118.345628214887, 34.111873777381597 ], [ -118.345209208770996, 34.112101857060701 ], [ -118.344427129706006, 34.112903117018902 ], [ -118.344027108213993, 34.113312949186103 ], [ -118.343945208546998, 34.113396857350899 ], [ -118.343925835755002, 34.113593078336002 ], [ -118.343911530273999, 34.113737956918001 ], [ -118.343906208920998, 34.1137918567944 ], [ -118.344346209489999, 34.115002857162303 ], [ -118.344481269268996, 34.115114517713501 ], [ -118.344594265829997, 34.115207937165302 ], [ -118.344675209171001, 34.115274857162802 ], [ -118.344989643885995, 34.115308285019601 ], [ -118.345578209175997, 34.115370856751198 ], [ -118.347206209229995, 34.115870857177001 ], [ -118.347884209729003, 34.1163538575004 ], [ -118.348065209753003, 34.117118857647696 ], [ -118.348541026177003, 34.117721949355698 ], [ -118.348551210607994, 34.117734857011698 ], [ -118.348543391628994, 34.117823672646999 ], [ -118.348460031675003, 34.118770647412298 ], [ -118.348451210714998, 34.118870857729299 ], [ -118.348439600947003, 34.118875163575801 ], [ -118.348037622226997, 34.119024270938503 ], [ -118.347990210001001, 34.119041857574601 ], [ -118.347958734843999, 34.118990305566101 ], [ -118.347435210089003, 34.118132857084603 ], [ -118.346948210196004, 34.118281857217703 ], [ -118.347138210256006, 34.118515857679597 ], [ -118.347453209950004, 34.119973857943997 ], [ -118.347510706389997, 34.120035376566499 ], [ -118.347626654429007, 34.120159436028501 ], [ -118.347696209917999, 34.120233857807698 ], [ -118.347780167885006, 34.120235966546801 ], [ -118.349010210865998, 34.120266857632899 ], [ -118.350231210741001, 34.119992857818197 ], [ -118.351101210587004, 34.120068857292303 ], [ -118.353093211274, 34.119563856898097 ], [ -118.353126152873998, 34.119593265196698 ], [ -118.354827211464993, 34.121111856975801 ], [ -118.355851212171004, 34.121285857416602 ], [ -118.356745211963997, 34.121963857691 ], [ -118.358052212196, 34.1221388574412 ], [ -118.359330211930995, 34.122889857207198 ], [ -118.359330171720003, 34.122903704010298 ], [ -118.359329212578004, 34.123231857666298 ], [ -118.358186212758994, 34.123538857778797 ], [ -118.357984211675003, 34.123781857492901 ], [ -118.358013834573001, 34.1238128934598 ], [ -118.359158212905001, 34.125011857283198 ], [ -118.359416212401001, 34.1257338577187 ], [ -118.360636217402998, 34.126271403832597 ], [ -118.360662212796001, 34.126282857809599 ], [ -118.360649885260003, 34.126326679473102 ], [ -118.360414114698997, 34.127164800233302 ], [ -118.360367630772004, 34.127330043360303 ], [ -118.360361212735995, 34.127352857823297 ], [ -118.359925213113002, 34.127633857439697 ], [ -118.359715152522995, 34.128288016754503 ], [ -118.359706212589998, 34.128315857536499 ], [ -118.359776589796994, 34.128384931993097 ], [ -118.359843770715003, 34.128450867762297 ], [ -118.359868212937997, 34.1284748578814 ], [ -118.360499213047007, 34.128565857391401 ], [ -118.361065213276007, 34.129363858080403 ], [ -118.362457213206, 34.129217857866799 ], [ -118.362820213223998, 34.129600858198998 ], [ -118.363271213168005, 34.129789857484901 ], [ -118.363000213953001, 34.129947858000399 ], [ -118.362340213246995, 34.129480857565099 ], [ -118.360889212749001, 34.129966858355502 ], [ -118.360862415564995, 34.129992947664498 ], [ -118.360455638678005, 34.130388972712801 ], [ -118.360435212933993, 34.130408858391696 ], [ -118.360455960346002, 34.130418565564298 ], [ -118.360564138323994, 34.130469180591803 ], [ -118.360653213644994, 34.130510857898898 ], [ -118.360673320939, 34.130496822296998 ], [ -118.361110212756003, 34.130191858120703 ], [ -118.361877213751995, 34.130211857466101 ], [ -118.361895897568004, 34.130238693438102 ], [ -118.362120213286005, 34.130560857979802 ], [ -118.362555214072998, 34.130719857891599 ], [ -118.362987213229005, 34.131192857551603 ], [ -118.363302811400999, 34.131721413844403 ], [ -118.363416216917003, 34.131911343882102 ], [ -118.363439214126998, 34.131949857767701 ], [ -118.363403568709998, 34.131959567194798 ], [ -118.363246724665004, 34.132002290004401 ], [ -118.363171213841994, 34.132022858250103 ], [ -118.363154646186004, 34.132001930188899 ], [ -118.362791214051001, 34.131542857804703 ], [ -118.362744400588994, 34.131527969696798 ], [ -118.361549213106997, 34.131147857769101 ], [ -118.361283213907001, 34.131376857939898 ], [ -118.361210213418005, 34.1318448577616 ], [ -118.360819213498999, 34.132000857984799 ], [ -118.360638213187002, 34.132405858622398 ], [ -118.360121212877004, 34.132583858472699 ], [ -118.360053213805998, 34.133007858560703 ], [ -118.359289212780993, 34.133091858740201 ], [ -118.358718212756003, 34.132754858437401 ], [ -118.358068213530004, 34.133241858696799 ], [ -118.357743212396997, 34.132878858409001 ], [ -118.357243213323002, 34.1328848583357 ], [ -118.356678212640006, 34.1325828580595 ], [ -118.356433212783998, 34.132123857981 ], [ -118.355895212253003, 34.132876858686501 ], [ -118.352872211774994, 34.132101858734899 ], [ -118.352528212555995, 34.133110858479697 ], [ -118.351951212418001, 34.134060858724403 ], [ -118.352148211827995, 34.134163858795603 ], [ -118.352123276916004, 34.134173078412502 ], [ -118.352107306075993, 34.134171792464699 ], [ -118.352089669215005, 34.1341734188196 ], [ -118.352089271778993, 34.134173526358403 ], [ -118.352072571901004, 34.134178046615197 ], [ -118.352056522021996, 34.134185537339199 ], [ -118.352041995676998, 34.134195669630699 ], [ -118.352030002865007, 34.134207566059601 ], [ -118.352029211572003, 34.134207858658499 ], [ -118.352028627750997, 34.134207730537597 ], [ -118.352009781589999, 34.134197923522997 ], [ -118.351836780238997, 34.134165750131402 ], [ -118.351604258793003, 34.134114865169003 ], [ -118.351613468731998, 34.134099907148901 ], [ -118.351620090140003, 34.1340835114963 ], [ -118.351623874935001, 34.1340662387869 ], [ -118.351624715670994, 34.1340485770641 ], [ -118.351622589504004, 34.134031023140501 ], [ -118.351617555977995, 34.1340140717857 ], [ -118.351609756970007, 34.1339982031052 ], [ -118.351599412271, 34.133983861817597 ], [ -118.351586814146003, 34.133971454566201 ], [ -118.351572316420004, 34.133961331018597 ], [ -118.351556330099001, 34.133953774863897 ], [ -118.351466772061002, 34.133910274760296 ], [ -118.351379897491, 34.133861634348698 ], [ -118.351316560851998, 34.1338211555858 ], [ -118.350733299653001, 34.133225622656298 ], [ -118.350714893502001, 34.133206128969199 ], [ -118.350708391851001, 34.133200189584898 ], [ -118.350701212187005, 34.133192858393599 ], [ -118.350697157084994, 34.133189927546702 ], [ -118.350644599793, 34.133141921795399 ], [ -118.350569757914002, 34.133083080187603 ], [ -118.350490775761003, 34.133029924802798 ], [ -118.350378509875995, 34.132959597837697 ], [ -118.349801685301003, 34.132542646785801 ], [ -118.349799853780993, 34.132540996866901 ], [ -118.349795521841997, 34.132536664903597 ], [ -118.349524138340001, 34.132228275574398 ], [ -118.349477034356994, 34.1321636481713 ], [ -118.349430900624, 34.132098471615002 ], [ -118.349382352432997, 34.132035073536997 ], [ -118.349042458073995, 34.131608292280397 ], [ -118.349029368553005, 34.131591485790203 ], [ -118.348788335351003, 34.131392136243598 ], [ -118.348787211197006, 34.131390858405602 ], [ -118.348787069061004, 34.131391090510299 ], [ -118.348416845670002, 34.1319930152941 ], [ -118.348522792161006, 34.132192509034297 ], [ -118.348562663394006, 34.132267601951 ], [ -118.348669210962996, 34.132468859039101 ], [ -118.348465340895999, 34.132889592154903 ], [ -118.348339595420995, 34.132922518042101 ], [ -118.348055916112003, 34.132996785985803 ], [ -118.347962555446003, 34.133021229440999 ], [ -118.347474211098998, 34.133148859069799 ], [ -118.347474386399, 34.133149039774501 ], [ -118.347473735532006, 34.133149210232602 ], [ -118.347588196499004, 34.133266655027199 ], [ -118.347751397772996, 34.133434041598399 ], [ -118.347786177849997, 34.133469824446898 ], [ -118.347786132590002, 34.1334698903892 ], [ -118.346729240813005, 34.133894641372102 ], [ -118.346726180695995, 34.133895539063502 ], [ -118.346726373240003, 34.133912161019701 ], [ -118.346729211717005, 34.134197859344098 ], [ -118.346614307023003, 34.134277486123104 ], [ -118.346501132344002, 34.134355520229597 ], [ -118.346501215049997, 34.134355856265202 ], [ -118.346576211523995, 34.134650858932297 ], [ -118.345876589897998, 34.1346817101062 ], [ -118.345872932405996, 34.134681570014898 ], [ -118.345866954610003, 34.134691343534101 ], [ -118.345588211028002, 34.135113859146898 ], [ -118.344225211413999, 34.1360658594418 ], [ -118.344432136975001, 34.1367915730238 ], [ -118.344435938225004, 34.136805528778197 ], [ -118.344337019372006, 34.137067712008601 ], [ -118.344282591124994, 34.137211910742302 ], [ -118.344223259740005, 34.137369231736997 ], [ -118.344173635082001, 34.137500756482503 ], [ -118.344040210819003, 34.137853860177302 ], [ -118.343243217475006, 34.138218399638198 ], [ -118.343242353270995, 34.138218643703503 ], [ -118.343242406916005, 34.138218769766098 ], [ -118.343242211041002, 34.138218859574302 ], [ -118.343951521367998, 34.139879208876899 ], [ -118.344903650972995, 34.142108686124601 ], [ -118.344936269797003, 34.142185063098601 ], [ -118.345013136060999, 34.142365043562201 ], [ -118.345017597731996, 34.142375523800098 ], [ -118.345028917427001, 34.142402026387103 ], [ -118.344977283945994, 34.142431076965302 ], [ -118.340895210859998, 34.144727860283801 ], [ -118.340913211116998, 34.145459860759601 ], [ -118.340004210478, 34.145594860654903 ], [ -118.339876401309994, 34.1455559157938 ], [ -118.339593977983, 34.145469734716499 ], [ -118.339445830312002, 34.145424535782297 ], [ -118.339152778295002, 34.145335393126302 ], [ -118.339112387789001, 34.145323110316703 ], [ -118.338816210272995, 34.145232860414801 ], [ -118.336649211042001, 34.146498860986398 ], [ -118.331046978626006, 34.148320660239698 ], [ -118.331040303034996, 34.148322763769102 ], [ -118.331040244823996, 34.1483228504759 ], [ -118.331040210167998, 34.148322861389197 ], [ -118.330921476975007, 34.148499415818598 ], [ -118.330863078247006, 34.148586255547499 ], [ -118.330814687613994, 34.148658211466397 ], [ -118.330766296901004, 34.148730168267598 ], [ -118.330651358246996, 34.148901081060203 ], [ -118.330524336460002, 34.149089900612097 ], [ -118.330347790009995, 34.149352449474399 ], [ -118.330282402221997, 34.149449655837401 ], [ -118.330241788606997, 34.149510055137902 ], [ -118.330185601462006, 34.149593551914897 ], [ -118.330079138238005, 34.1497518916442 ], [ -118.329341131600003, 34.150059637327097 ], [ -118.329127098360999, 34.150148817624903 ], [ -118.329087639158999, 34.150165342891199 ], [ -118.329067209515998, 34.150173862108403 ], [ -118.329067148535998, 34.150173797363799 ], [ -118.328738209681006, 34.1498278617293 ], [ -118.323063208842996, 34.1524878622293 ], [ -118.317833207852999, 34.1521228626439 ] ] ] } },
{ "type": "Feature", "properties": { "objectid": 49, "name": "Hollywood Hills West", "area_sqmi": 4.8635250189255599, "source_url": "https://services5.arcgis.com/7nsPwEMP38bSkCjy/arcgis/rest/services/LA_Times_Neighborhoods/FeatureServer/0", "fetched_at": "2025-12-07T08:52:51.283518" }, "geometry": { "type": "Polygon", "coordinates": [ [ [ -118.369558669236994, 34.1292232463529 ], [ -118.369523214777004, 34.129204857031503 ], [ -118.367581951320005, 34.129395611701597 ], [ -118.367508214216002, 34.129402857078702 ], [ -118.366801213588005, 34.1289448570855 ], [ -118.365490213523003, 34.1289168571762 ], [ -118.363332213240994, 34.1282408573487 ], [ -118.361545212859994, 34.128228857566199 ], [ -118.361503520688004, 34.128213751722598 ], [ -118.361235781467002, 34.128116744575699 ], [ -118.360855212499004, 34.127978857330298 ], [ -118.360810883301994, 34.127919869661099 ], [ -118.360367630772004, 34.127330043360303 ], [ -118.360353213311996, 34.127310857490897 ], [ -118.360414114698997, 34.127164800233302 ], [ -118.360692212906002, 34.126497857556103 ], [ -118.360649885260003, 34.126326679473102 ], [ -118.360636217402998, 34.126271403832597 ], [ -118.360624213362996, 34.126222857697698 ], [ -118.359416212401001, 34.1257338577187 ], [ -118.359158212905001, 34.125011857283198 ], [ -118.357991212002005, 34.123848857806799 ], [ -118.358013834573001, 34.1238128934598 ], [ -118.358186212758994, 34.123538857778797 ], [ -118.359329212578004, 34.123231857666298 ], [ -118.359377212374994, 34.122931857037102 ], [ -118.359330171720003, 34.122903704010298 ], [ -118.358052212196, 34.1221388574412 ], [ -118.356745211963997, 34.121963857691 ], [ -118.355851212171004, 34.121285857416602 ], [ -118.354827211464993, 34.121111856975801 ], [ -118.353166211591002, 34.119583856924997 ], [ -118.353126152873998, 34.119593265196698 ], [ -118.351101210587004, 34.120068857292303 ], [ -118.350231210741001, 34.119992857818197 ], [ -118.349010210865998, 34.120266857632899 ], [ -118.347868210735996, 34.120279857733998 ], [ -118.347780167885006, 34.120235966546801 ], [ -118.347626654429007, 34.120159436028501 ], [ -118.347529210472999, 34.1201108575723 ], [ -118.347510706389997, 34.120035376566499 ], [ -118.347138210256006, 34.118515857679597 ], [ -118.346948210196004, 34.118281857217703 ], [ -118.347435210089003, 34.118132857084603 ], [ -118.347846210268997, 34.118941857334796 ], [ -118.347958734843999, 34.118990305566101 ], [ -118.348037622226997, 34.119024270938503 ], [ -118.348134210110999, 34.119065857337603 ], [ -118.348433210642995, 34.1189078572353 ], [ -118.348439600947003, 34.118875163575801 ], [ -118.348460031675003, 34.118770647412298 ], [ -118.348554209746993, 34.118288856961101 ], [ -118.348543391628994, 34.117823672646999 ], [ -118.348541026177003, 34.117721949355698 ], [ -118.348540209996003, 34.117686857655897 ], [ -118.348065209753003, 34.117118857647696 ], [ -118.347884209729003, 34.1163538575004 ], [ -118.347206209229995, 34.115870857177001 ], [ -118.344989643885995, 34.115308285019601 ], [ -118.344594265829997, 34.115207937165302 ], [ -118.344511209271005, 34.115186857168702 ], [ -118.344481269268996, 34.115114517713501 ], [ -118.343911530273999, 34.113737956918001 ], [ -118.343891208955, 34.113688856759303 ], [ -118.343925835755002, 34.113593078336002 ], [ -118.344027108213993, 34.113312949186103 ], [ -118.344062209460006, 34.113215856738698 ], [ -118.344427129706006, 34.112903117018902 ], [ -118.345628214887, 34.111873777381597 ], [ -118.346129258231997, 34.111444378479199 ], [ -118.346181209153002, 34.111399857031202 ], [ -118.346173024481004, 34.111357098143898 ], [ -118.345610208362999, 34.108416856108299 ], [ -118.34560520862, 34.107702856753498 ], [ -118.345384208793007, 34.107028856708197 ], [ -118.344628208797005, 34.1057398562046 ], [ -118.346179208634993, 34.104727856084502 ], [ -118.345885208691996, 34.103694856006904 ], [ -118.346765208581004, 34.103428855885497 ], [ -118.353956210069995, 34.103472855002998 ], [ -118.353950210090005, 34.101658854799901 ], [ -118.359635210440999, 34.1016908549135 ], [ -118.361579210979002, 34.101314855165498 ], [ -118.361553217991002, 34.094541879953603 ], [ -118.361553296016993, 34.094541880621598 ], [ -118.361554624901004, 34.094573536742999 ], [ -118.361664211155002, 34.097182854540002 ], [ -118.361675212082005, 34.097182702608499 ], [ -118.361675217186004, 34.097187139947799 ], [ -118.361707015861001, 34.097186653493502 ], [ -118.361720205153006, 34.097182335325101 ], [ -118.362292000823004, 34.097174435854498 ], [ -118.362299332608998, 34.097174335436897 ], [ -118.362919581352003, 34.097165796363598 ], [ -118.363017748789005, 34.097164694591498 ], [ -118.363121685563002, 34.097163046200201 ], [ -118.363234875276007, 34.097161497019798 ], [ -118.363580157873997, 34.0971566657674 ], [ -118.363745302677998, 34.097154355731298 ], [ -118.363811326613998, 34.097153442033502 ], [ -118.364023339143003, 34.097150495546401 ], [ -118.364373906481006, 34.0971455920116 ], [ -118.364393558342002, 34.097145163117297 ], [ -118.366733211913996, 34.097112854112098 ], [ -118.366733162231, 34.0971020196151 ], [ -118.366733271669005, 34.097102016578397 ], [ -118.366742519837999, 34.097101768533399 ], [ -118.366741111120007, 34.096893483061599 ], [ -118.367067536733998, 34.096887994073597 ], [ -118.367353212013001, 34.096883854192697 ], [ -118.367354212007996, 34.097102853845499 ], [ -118.368180211600006, 34.097091853558197 ], [ -118.368184779798995, 34.097211823136703 ], [ -118.368185392353993, 34.0973091050178 ], [ -118.368186007158002, 34.097486396327 ], [ -118.368186006589994, 34.097493650981498 ], [ -118.368185966726998, 34.097528654103797 ], [ -118.368185965964997, 34.097531434440299 ], [ -118.368186889908998, 34.097716666431403 ], [ -118.368187065797002, 34.097767689175001 ], [ -118.368187178431995, 34.097800162125502 ], [ -118.368187372361007, 34.097847898718904 ], [ -118.368187945112993, 34.097985117826298 ], [ -118.368214198954007, 34.0979846699964 ], [ -118.368214211684005, 34.097984853870699 ], [ -118.368752211409003, 34.097976853733499 ], [ -118.369921180362994, 34.097169220280399 ], [ -118.369999131135998, 34.097115363702997 ], [ -118.370017792064999, 34.097106025253602 ], [ -118.370668690881999, 34.096826656688101 ], [ -118.370669849392002, 34.096826179828099 ], [ -118.370817919847994, 34.096765189207403 ], [ -118.371064459547995, 34.096663600123897 ], [ -118.371281713798993, 34.096574079226897 ], [ -118.371336082206994, 34.096551681192999 ], [ -118.371430743763, 34.096510463240399 ], [ -118.371523609576997, 34.096465343481597 ], [ -118.371551159508996, 34.0964511073688 ], [ -118.371580267012007, 34.096435483504798 ], [ -118.371580988104995, 34.096435096331703 ], [ -118.371586212298993, 34.096432853473601 ], [ -118.371589502465994, 34.096430442566898 ], [ -118.371590490489993, 34.096429889591903 ], [ -118.371607209104994, 34.096420543346397 ], [ -118.371651382134004, 34.096395227604802 ], [ -118.371743925860002, 34.0963379217146 ], [ -118.371833652207002, 34.0962762970548 ], [ -118.37191495095, 34.096214975040901 ], [ -118.371986812814995, 34.096155329130497 ], [ -118.371993308211003, 34.0961499377864 ], [ -118.372068556643001, 34.096081325550401 ], [ -118.372077480597994, 34.096072781267097 ], [ -118.372611625176006, 34.095681283452201 ], [ -118.372613191396994, 34.095680625910603 ], [ -118.372701827932005, 34.095659987753002 ], [ -118.376589212553, 34.094754853324197 ], [ -118.376608625976999, 34.094742041499003 ], [ -118.376608896622997, 34.094741982055702 ], [ -118.376627856804006, 34.094729351045601 ], [ -118.379300763933998, 34.092965428908201 ], [ -118.379320063585993, 34.092954951979202 ], [ -118.381144842221005, 34.092130701710303 ], [ -118.381193214285005, 34.092109128623598 ], [ -118.381193297829995, 34.092160263444498 ], [ -118.381193297086, 34.092180782391203 ], [ -118.381193292551004, 34.092187157161902 ], [ -118.381193309278004, 34.092219829651498 ], [ -118.381193317135001, 34.092243186604399 ], [ -118.381193454967999, 34.092635721873201 ], [ -118.381193486461996, 34.092773143709998 ], [ -118.381193588220995, 34.093121630081797 ], [ -118.381193581515006, 34.093127290843597 ], [ -118.381193599276997, 34.093210826153701 ], [ -118.381193653704003, 34.093251769211001 ], [ -118.381193637025007, 34.093327748862201 ], [ -118.381195213726997, 34.093327751099999 ], [ -118.381195213108001, 34.093327852975399 ], [ -118.383381213907001, 34.093331852992698 ], [ -118.383382213632999, 34.093728852680201 ], [ -118.383382413020001, 34.093728852047498 ], [ -118.383382413169002, 34.093728884502198 ], [ -118.383927164525005, 34.0937279237233 ], [ -118.384392447476003, 34.0937270763079 ], [ -118.384392425740998, 34.093722347823402 ], [ -118.384469621012002, 34.0935650979931 ], [ -118.384474315381993, 34.0935651064948 ], [ -118.384556850695006, 34.093565307215101 ], [ -118.384967377391007, 34.093566088732501 ], [ -118.384970877244996, 34.093566022587403 ], [ -118.38497836642, 34.093565816614401 ], [ -118.384985724361997, 34.0935644093123 ], [ -118.384990268006007, 34.093562748630497 ], [ -118.385050214388997, 34.093562852402698 ], [ -118.385048214362996, 34.093206852319703 ], [ -118.385542213874004, 34.093207852656803 ], [ -118.385540216736004, 34.092768314487202 ], [ -118.385540671849995, 34.092768312133401 ], [ -118.385718214837993, 34.092946852619903 ], [ -118.385953214552998, 34.092772852273903 ], [ -118.385965553364997, 34.092556976238797 ], [ -118.385976256552993, 34.0925382369876 ], [ -118.385992763925003, 34.09251697653 ], [ -118.386012101507006, 34.092498252062597 ], [ -118.386033881998003, 34.092482436254102 ], [ -118.386059646625, 34.092468422502101 ], [ -118.386059492398005, 34.092442291086499 ], [ -118.386058889178997, 34.092318665448801 ], [ -118.386058880551005, 34.092316796593302 ], [ -118.386058812778998, 34.092303524404002 ], [ -118.386058262898999, 34.092197320770197 ], [ -118.386058252115006, 34.092194984926202 ], [ -118.386057892100993, 34.0921313178359 ], [ -118.386057632811998, 34.092075151199303 ], [ -118.386057615308005, 34.092071359397004 ], [ -118.386057010884997, 34.091947706718798 ], [ -118.386056275349006, 34.091824054460098 ], [ -118.386056004351005, 34.0917533794509 ], [ -118.386055803125004, 34.091700400459104 ], [ -118.386055350082998, 34.0916076609507 ], [ -118.386055199666004, 34.0915767207334 ], [ -118.386054848279997, 34.091514921598502 ], [ -118.386054753267004, 34.091494339847003 ], [ -118.386054562992996, 34.091453122252602 ], [ -118.386053925946996, 34.091329442635299 ], [ -118.386053640531998, 34.091267615342602 ], [ -118.386053355122002, 34.091205788951498 ], [ -118.386053158403996, 34.091170452094097 ], [ -118.386052718203999, 34.091082136381097 ], [ -118.386052384897994, 34.0910409192443 ], [ -118.386127769088006, 34.091041337366697 ], [ -118.386200169071998, 34.0910417658827 ], [ -118.386292914826001, 34.091042183397398 ], [ -118.386435502352995, 34.091043101356597 ], [ -118.386491090733003, 34.091043418487899 ], [ -118.386573709466006, 34.091043916865502 ], [ -118.386656236986994, 34.091044374007701 ], [ -118.386854413479995, 34.091045498513203 ], [ -118.387019593713006, 34.0910465354672 ], [ -118.387085718370997, 34.091046928560701 ], [ -118.387184706517004, 34.0910475183194 ], [ -118.387234350189999, 34.091047826211899 ], [ -118.387349854121993, 34.091048526978902 ], [ -118.387382982136998, 34.091048750726003 ], [ -118.387530821601004, 34.091049595559497 ], [ -118.387749102575, 34.091048675239001 ], [ -118.388274840226998, 34.091046876824599 ], [ -118.388359767286005, 34.091045322781298 ], [ -118.395856216316005, 34.091059846070401 ], [ -118.395863737585003, 34.091485163322503 ], [ -118.395863926266003, 34.0915300591885 ], [ -118.395864784630007, 34.091774343737697 ], [ -118.395866775024999, 34.092222516828897 ], [ -118.395866595401998, 34.092247523317397 ], [ -118.395866646369001, 34.092272254081799 ], [ -118.395868430673005, 34.092711910145503 ], [ -118.395868494683995, 34.0927320709824 ], [ -118.395868545583994, 34.092742823433902 ], [ -118.395868569176002, 34.092748265027097 ], [ -118.395868594931002, 34.092753705711701 ], [ -118.395869088430004, 34.092878787689102 ], [ -118.395869095454003, 34.092880271594197 ], [ -118.395869098014998, 34.092883788477202 ], [ -118.395869104699003, 34.092888405220499 ], [ -118.395869155566004, 34.092902584410098 ], [ -118.395869207852996, 34.092910882876502 ], [ -118.395870761110004, 34.093322785924897 ], [ -118.395870925116995, 34.093371395301098 ], [ -118.395870996267007, 34.0933864254743 ], [ -118.395872611073997, 34.0938113266727 ], [ -118.395873757803997, 34.094102323380397 ], [ -118.395874558032006, 34.0942784610424 ], [ -118.395874621426003, 34.094347706907101 ], [ -118.395924207928999, 34.094904289744299 ], [ -118.395926216123996, 34.0950178523508 ], [ -118.396166216151997, 34.095167852054502 ], [ -118.396207006883998, 34.0951565473679 ], [ -118.396209144305999, 34.095162815950701 ], [ -118.396331658557997, 34.095122074909902 ], [ -118.3963330662, 34.095121610509104 ], [ -118.396493552506001, 34.095077133186699 ], [ -118.396516228002, 34.095077569042402 ], [ -118.396518216280995, 34.096186852058999 ], [ -118.395424215836996, 34.096177851894801 ], [ -118.392569215570006, 34.098503852918299 ], [ -118.392601215751, 34.098670852238499 ], [ -118.392096215690003, 34.099058852478599 ], [ -118.392100514107, 34.0997844108865 ], [ -118.392099357206007, 34.100044063307998 ], [ -118.392094843444994, 34.101057044683103 ], [ -118.392092004774, 34.101628065161798 ], [ -118.392090033757, 34.1020954593833 ], [ -118.39208872044, 34.102364756964498 ], [ -118.392085556368997, 34.103021484850998 ], [ -118.392084417665004, 34.1033069941966 ], [ -118.392083249878993, 34.103515809965899 ], [ -118.392079266153004, 34.104363168539201 ], [ -118.392079230850001, 34.104370663123198 ], [ -118.392077219314999, 34.104764498481899 ], [ -118.392077181226995, 34.104771861450899 ], [ -118.392076025321003, 34.105018350582199 ], [ -118.392075827110006, 34.105081937468803 ], [ -118.392075772810003, 34.105091390251097 ], [ -118.392083998909996, 34.105091418553997 ], [ -118.392084227469994, 34.105098095490298 ], [ -118.392084029965005, 34.105098041137403 ], [ -118.392086733580996, 34.105188547492403 ], [ -118.392088023425003, 34.1052329511732 ], [ -118.392090575178003, 34.105324583138398 ], [ -118.392092710593005, 34.105399538938002 ], [ -118.392092840836, 34.105406050310698 ], [ -118.392106302588999, 34.105881666107202 ], [ -118.392112113199005, 34.106085348441702 ], [ -118.392112316261006, 34.106093289414602 ], [ -118.392119319689996, 34.106093266689001 ], [ -118.392123885051006, 34.106094734901497 ], [ -118.392128414165995, 34.106095407174998 ], [ -118.392132942586002, 34.106096162391999 ], [ -118.392137439829995, 34.106096971802003 ], [ -118.392137908470005, 34.106097064942503 ], [ -118.392139215982994, 34.106317853212602 ], [ -118.391214216622998, 34.107373853713803 ], [ -118.390586545936998, 34.109206893219202 ], [ -118.390585975977004, 34.109207851591201 ], [ -118.390580411553998, 34.109217138269599 ], [ -118.390578109011997, 34.109220984452598 ], [ -118.390658021023995, 34.1096448385168 ], [ -118.390658021777995, 34.109644999889298 ], [ -118.390663605499, 34.109649581476297 ], [ -118.390663692542006, 34.109649653317803 ], [ -118.390667335765997, 34.109670384986302 ], [ -118.390721048147, 34.109976081829899 ], [ -118.390760007403998, 34.110197353318 ], [ -118.390763945299, 34.110219900626802 ], [ -118.390794577576997, 34.110393885509502 ], [ -118.390803821188996, 34.110446389935397 ], [ -118.390804702452996, 34.110451277919402 ], [ -118.390851402083996, 34.110716848379496 ], [ -118.390852251070001, 34.110721786052203 ], [ -118.390894405224998, 34.110961150920197 ], [ -118.391152216731996, 34.112427854582002 ], [ -118.391152535393999, 34.1124278544521 ], [ -118.391267608934996, 34.112428699011801 ], [ -118.391281546082993, 34.1124288170653 ], [ -118.391284689442003, 34.1124288366385 ], [ -118.391595227891997, 34.112431132203298 ], [ -118.391616217423007, 34.112941853924298 ], [ -118.390907216428005, 34.113240853990298 ], [ -118.390489216557995, 34.113247854375899 ], [ -118.389726059243003, 34.1136911943467 ], [ -118.389692217174002, 34.1137108541933 ], [ -118.389248216520002, 34.113477854112404 ], [ -118.389394216099006, 34.113132854483602 ], [ -118.389217216614995, 34.113008853998799 ], [ -118.388743216313998, 34.113122854425598 ], [ -118.388301216428005, 34.113607854934003 ], [ -118.387489216598993, 34.1137448550204 ], [ -118.387560216368996, 34.113935854897299 ], [ -118.388484217008994, 34.113918854851399 ], [ -118.390006217305, 34.114557854250599 ], [ -118.390553216971995, 34.115073854504999 ], [ -118.391480217669994, 34.1165338549335 ], [ -118.391732216907997, 34.117087854710697 ], [ -118.391392217263004, 34.117148854361503 ], [ -118.391020217556999, 34.116992854906499 ], [ -118.390292217525996, 34.117164854720201 ], [ -118.390444217538999, 34.117797854445399 ], [ -118.389555217094994, 34.118385854583501 ], [ -118.389291216790994, 34.118932855076103 ], [ -118.390799216919007, 34.119355854807502 ], [ -118.391066217417006, 34.119815854800699 ], [ -118.390973217658001, 34.1201668551765 ], [ -118.391760217641007, 34.120743854967003 ], [ -118.391198217761001, 34.1212348553547 ], [ -118.390356845276997, 34.1215056953912 ], [ -118.390294217906003, 34.121525854960602 ], [ -118.390224276864004, 34.121501687023603 ], [ -118.388957217183005, 34.121063855277498 ], [ -118.388696217437996, 34.121093855143499 ], [ -118.388615217351997, 34.121386855311599 ], [ -118.388372217099004, 34.121541855025797 ], [ -118.386725217348001, 34.121900855791203 ], [ -118.386709648495994, 34.121888129934099 ], [ -118.386626366962005, 34.121820054505598 ], [ -118.386369216481, 34.121609855116198 ], [ -118.386217219838997, 34.121590901091601 ], [ -118.386083076247999, 34.121574173439001 ], [ -118.385952216963005, 34.121557855265799 ], [ -118.385564216240994, 34.121686855778798 ], [ -118.385004216325996, 34.122166855473402 ], [ -118.383388216569998, 34.122104855870198 ], [ -118.383358820409001, 34.1221233007861 ], [ -118.382580216348998, 34.122611855499201 ], [ -118.381641215661006, 34.122373856144797 ], [ -118.381583717799998, 34.1224048161341 ], [ -118.381516760188006, 34.122440870787401 ], [ -118.381342215949005, 34.122534855937502 ], [ -118.381116215527996, 34.122955855952902 ], [ -118.380777216313007, 34.123080855907197 ], [ -118.379727215589, 34.122576855912897 ], [ -118.378774215888996, 34.122566856040699 ], [ -118.378076214922004, 34.122213856103897 ], [ -118.377365214936006, 34.1223108557027 ], [ -118.376079214984003, 34.121891856163799 ], [ -118.375876459552998, 34.121908853377398 ], [ -118.375796792263998, 34.121915532670002 ], [ -118.375745215104004, 34.121919856320602 ], [ -118.375536215243997, 34.1222048566556 ], [ -118.375811214779006, 34.122700856414802 ], [ -118.375819214592994, 34.123079856217899 ], [ -118.375573215117996, 34.123411856040399 ], [ -118.374760214982999, 34.123902856159901 ], [ -118.374734214954998, 34.124793856310397 ], [ -118.374209215277006, 34.125612856906898 ], [ -118.373979214932007, 34.126632857140898 ], [ -118.373354215212004, 34.1268538571682 ], [ -118.372490214894995, 34.1263858570846 ], [ -118.371596214538002, 34.126526856713497 ], [ -118.371336214148997, 34.126783856964799 ], [ -118.372004215122999, 34.128191857488098 ], [ -118.371872215246995, 34.128846857257301 ], [ -118.372593215635007, 34.129355857436799 ], [ -118.372990215602996, 34.130252856877199 ], [ -118.373508967689006, 34.130620074349302 ], [ -118.373548215583995, 34.130647857411702 ], [ -118.373505215744999, 34.130932857675496 ], [ -118.373448279642005, 34.130937455629102 ], [ -118.372242215130996, 34.1310348570969 ], [ -118.370999214467005, 34.130027857436602 ], [ -118.370028214504998, 34.1298428572562 ], [ -118.369791214746996, 34.129343857543603 ], [ -118.369615051516007, 34.1292524892717 ], [ -118.369558669236994, 34.1292232463529 ] ] ] } },
{ "type": "Feature", "properties": { "objectid": 50, "name": "Hollywood", "area_sqmi": 3.5292054677990281, "source_url": "https://services5.arcgis.com/7nsPwEMP38bSkCjy/arcgis/rest/services/LA_Times_Neighborhoods/FeatureServer/0", "fetched_at": "2025-12-07T08:52:51.283518" }, "geometry": { "type": "Polygon", "coordinates": [ [ [ -118.328018205974999, 34.105452856842703 ], [ -118.326875205158998, 34.105248857321001 ], [ -118.326795519781001, 34.1052494776362 ], [ -118.309294872139006, 34.1053858517771 ], [ -118.309294202378993, 34.105385857999103 ], [ -118.309271351782002, 34.101737858563503 ], [ -118.309157200800996, 34.083513855810899 ], [ -118.309192113286997, 34.083513777280402 ], [ -118.326612638152994, 34.0834748485901 ], [ -118.344061102181996, 34.083435857008602 ], [ -118.344062206263004, 34.083435853864103 ], [ -118.344071204154005, 34.088896289493597 ], [ -118.343404784864006, 34.088899411644398 ], [ -118.343399207748007, 34.088899426594999 ], [ -118.343400151989997, 34.0889818691968 ], [ -118.343394207328004, 34.094332855211498 ], [ -118.343409489378999, 34.094332961431803 ], [ -118.343407285981002, 34.094372725352102 ], [ -118.343405749678993, 34.0944097458109 ], [ -118.343999368072005, 34.094408802729902 ], [ -118.344098284786, 34.094425676355399 ], [ -118.344198332972994, 34.094442311376199 ], [ -118.344264305889993, 34.094442382156501 ], [ -118.344264029422007, 34.0944426119339 ], [ -118.344285466955995, 34.094442797870101 ], [ -118.344285229001997, 34.094443169980202 ], [ -118.344628892448, 34.094445542128803 ], [ -118.344635428141004, 34.094445590200202 ], [ -118.345073046891997, 34.094448902910599 ], [ -118.345079614040998, 34.094448958080399 ], [ -118.345293930167998, 34.094450636587297 ], [ -118.345728680354995, 34.094453900127398 ], [ -118.346163067443001, 34.094457135196002 ], [ -118.346272079993994, 34.094458056120899 ], [ -118.346320459862, 34.094458388058399 ], [ -118.346568355928994, 34.094460260145802 ], [ -118.347055130805998, 34.094463946657001 ], [ -118.347170706688999, 34.094464780303198 ], [ -118.347269753190005, 34.094465502678602 ], [ -118.347286048528005, 34.094465619019303 ], [ -118.347772491873997, 34.094469303593399 ], [ -118.347937644346004, 34.094470550043503 ], [ -118.348218430320998, 34.094472667511901 ], [ -118.348334095084994, 34.094473239245701 ], [ -118.348433137428998, 34.094473998543897 ], [ -118.348449994128003, 34.094474121222497 ], [ -118.348750231496993, 34.094476458127403 ], [ -118.348945115093997, 34.094477975288598 ], [ -118.349136328244001, 34.094479461271298 ], [ -118.349434301822996, 34.094481776873401 ], [ -118.349550100973005, 34.0944826048934 ], [ -118.349649037511995, 34.094483451851502 ], [ -118.349929832532993, 34.094485634734802 ], [ -118.350088414739005, 34.094486841378703 ], [ -118.350101606421006, 34.094486936582001 ], [ -118.350121445485996, 34.094487095462199 ], [ -118.350550813924002, 34.094490429369998 ], [ -118.350643378021999, 34.094491134430797 ], [ -118.350725940898997, 34.094491790019099 ], [ -118.351178694173001, 34.094495283703203 ], [ -118.351195209622006, 34.094495427726002 ], [ -118.351211724958006, 34.094495544700798 ], [ -118.351657674962993, 34.0944990013721 ], [ -118.351740297307003, 34.0944996209344 ], [ -118.351822828790006, 34.0945002794708 ], [ -118.352272048295006, 34.094503751400303 ], [ -118.352704983199004, 34.094507077171698 ], [ -118.352830494535993, 34.0945082622572 ], [ -118.352830387173, 34.094480761261202 ], [ -118.352972424667001, 34.094482068327999 ], [ -118.353058253865996, 34.094482253899301 ], [ -118.353127832504995, 34.094482665409799 ], [ -118.353458138066998, 34.094484982067797 ], [ -118.353623262140999, 34.094486140592998 ], [ -118.353920671596995, 34.094488262869298 ], [ -118.354052620952004, 34.094489204246003 ], [ -118.354217774445004, 34.094490396130901 ], [ -118.354283538765003, 34.094490835287303 ], [ -118.354391186580003, 34.094491618560099 ], [ -118.354448990269006, 34.094492026883799 ], [ -118.354455445808, 34.0944920809699 ], [ -118.354498536281994, 34.0944923755657 ], [ -118.354556339967999, 34.094492782936499 ], [ -118.354713037387, 34.094493889872801 ], [ -118.354878158271006, 34.0944950530032 ], [ -118.355010450934998, 34.094495939135001 ], [ -118.355142437311002, 34.0944969152741 ], [ -118.355287739703996, 34.0944979161223 ], [ -118.355452893236006, 34.0944991072204 ], [ -118.355618014144, 34.094500270241198 ], [ -118.355783167563004, 34.094501432039003 ], [ -118.355928634687999, 34.094502432532998 ], [ -118.356044284337997, 34.094503243049502 ], [ -118.356541888327996, 34.094506778291802 ], [ -118.356742118314003, 34.0945081517037 ], [ -118.357088896193005, 34.094510601826201 ], [ -118.358178597025997, 34.094518254257501 ], [ -118.358723830117995, 34.0945220936824 ], [ -118.358740345466003, 34.094522208726602 ], [ -118.359170514002997, 34.094525222940099 ], [ -118.359269106528998, 34.094525912487399 ], [ -118.360359845901002, 34.094533042708797 ], [ -118.361553217991002, 34.094541879953603 ], [ -118.361553296016993, 34.094541880621598 ], [ -118.361553453151998, 34.094541881954399 ], [ -118.361554509730993, 34.094541886004997 ], [ -118.361554624901004, 34.094573536742999 ], [ -118.361579210979002, 34.101314855165498 ], [ -118.359635210440999, 34.1016908549135 ], [ -118.353950210090005, 34.101658854799901 ], [ -118.353956210069995, 34.103472855002998 ], [ -118.346765208581004, 34.103428855885497 ], [ -118.344284208824007, 34.104119856048897 ], [ -118.338380207585999, 34.104140856092798 ], [ -118.337697206854997, 34.1045718565342 ], [ -118.337483207554001, 34.105177856332602 ], [ -118.329387205545004, 34.1052538570463 ], [ -118.328018205974999, 34.105452856842703 ] ] ] } },
{ "type": "Feature", "properties": { "objectid": 51, "name": "Hyde Park", "area_sqmi": 2.8743408926252529, "source_url": "https://services5.arcgis.com/7nsPwEMP38bSkCjy/arcgis/rest/services/LA_Times_Neighborhoods/FeatureServer/0", "fetched_at": "2025-12-07T08:52:51.283518" }, "geometry": { "type": "Polygon", "coordinates": [ [ [ -118.317611193947997, 33.989103844559203 ], [ -118.317657194850995, 33.9888178451627 ], [ -118.317738314723002, 33.974589801455203 ], [ -118.317759193078004, 33.970927842551099 ], [ -118.317759703804995, 33.9709278421074 ], [ -118.321852194043004, 33.970921842244302 ], [ -118.321898402412998, 33.970802879603397 ], [ -118.322047788795004, 33.970802518793597 ], [ -118.322173774017998, 33.9708019624548 ], [ -118.322178233098995, 33.970801950547099 ], [ -118.322178985115997, 33.970801948538899 ], [ -118.322327486383998, 33.9708015888448 ], [ -118.322374193311006, 33.970920842525302 ], [ -118.326483194928002, 33.970913842694003 ], [ -118.326483497089995, 33.970791228703803 ], [ -118.326582519815005, 33.9707909606947 ], [ -118.326582742282994, 33.970703165722099 ], [ -118.326582845569007, 33.970661947597797 ], [ -118.326583052142993, 33.9705795113493 ], [ -118.326583200317998, 33.970524553822401 ], [ -118.326583360919997, 33.9704558569806 ], [ -118.326583555065, 33.970387160048404 ], [ -118.326583877347005, 33.970249765462199 ], [ -118.326584234438002, 33.970113250674103 ], [ -118.326584268081007, 33.970104952021202 ], [ -118.326584194903006, 33.970003497906802 ], [ -118.326584739186004, 33.969921091400103 ], [ -118.326584990642999, 33.969824915753897 ], [ -118.326585151242995, 33.969756218915599 ], [ -118.326585311841995, 33.969687522077699 ], [ -118.326585505983999, 33.969618825149396 ], [ -118.326585666474003, 33.969550100365097 ], [ -118.326585828153995, 33.9694814035253 ], [ -118.326586021213004, 33.969412706600899 ], [ -118.326586182783998, 33.969343981814703 ], [ -118.326586375947002, 33.969275311936599 ], [ -118.326586612400007, 33.969175289517402 ], [ -118.326587132989999, 33.968978871397503 ], [ -118.326587158419002, 33.968969021238699 ], [ -118.326588018802994, 33.9686308243759 ], [ -118.326588845054999, 33.968292477960297 ], [ -118.326588869784004, 33.968282448399897 ], [ -118.326588813369995, 33.968168646031401 ], [ -118.326589465560005, 33.968054813798403 ], [ -118.326589491758995, 33.968045438743097 ], [ -118.326590334860995, 33.967710861582702 ], [ -118.326591043126001, 33.967435771182799 ], [ -118.326591061982, 33.967423680747103 ], [ -118.326591313869002, 33.967271569847298 ], [ -118.333042194962005, 33.967253841994797 ], [ -118.333036195488006, 33.972700841785098 ], [ -118.335224066394005, 33.9726958427825 ], [ -118.335224070411002, 33.972739828324997 ], [ -118.335198196544994, 33.981762843018203 ], [ -118.357650622177005, 33.981675369526698 ], [ -118.357730089588998, 33.981675100595403 ], [ -118.357920609748007, 33.981674425614202 ], [ -118.357986282663006, 33.981674202841504 ], [ -118.358401728339999, 33.981673437446098 ], [ -118.358534087143994, 33.981673255183999 ], [ -118.358543987301999, 33.981673318623699 ], [ -118.358556348754007, 33.981673473015299 ], [ -118.358556749624, 33.981677876696502 ], [ -118.358622200843996, 33.982396842079297 ], [ -118.358474200443993, 33.983046841915296 ], [ -118.356419151099004, 33.983052887320703 ], [ -118.356291987792005, 33.983052519111403 ], [ -118.356113093307002, 33.9830520329945 ], [ -118.355918815042003, 33.983051504542402 ], [ -118.355852283241006, 33.9830515637396 ], [ -118.355505042844001, 33.983051928281498 ], [ -118.355373039070997, 33.983054167966301 ], [ -118.355221708128994, 33.983056410313999 ], [ -118.352695199975003, 33.983063842412101 ], [ -118.352694792318005, 33.984343718586402 ], [ -118.352694612492002, 33.984400459564803 ], [ -118.352694636829, 33.9844098344972 ], [ -118.352694704895001, 33.984444493593301 ], [ -118.352694753822007, 33.9844627899881 ], [ -118.352694633593998, 33.984841232524701 ], [ -118.352694578677998, 33.985011903913197 ], [ -118.352694494557994, 33.985199279826901 ], [ -118.352694518422993, 33.9852023765106 ], [ -118.352694468929997, 33.985356606696001 ], [ -118.352694396819004, 33.985364152707703 ], [ -118.352694278805998, 33.985712032512701 ], [ -118.352694265554007, 33.985716594290203 ], [ -118.352694134130999, 33.986069255854702 ], [ -118.352694241318005, 33.986071578782798 ], [ -118.352693613656996, 33.988041521725997 ], [ -118.352693273721002, 33.988049976362198 ], [ -118.352693200928002, 33.988322262843703 ], [ -118.352693195558004, 33.9883366611881 ], [ -118.352693162975996, 33.988391618526101 ], [ -118.352693153253, 33.988459711083301 ], [ -118.352692899542006, 33.988735295896397 ], [ -118.352692891638995, 33.9887424125941 ], [ -118.352693377939005, 33.988781037208298 ], [ -118.352693313512006, 33.988985680109003 ], [ -118.352692940943996, 33.989020304442498 ], [ -118.352692044459005, 33.989339851532499 ], [ -118.352077162493998, 33.989344647388798 ], [ -118.351803533764993, 33.989346764364299 ], [ -118.351676454474998, 33.989347793797897 ], [ -118.351499754439004, 33.9893491055795 ], [ -118.351367245770007, 33.989350248769099 ], [ -118.351258064666993, 33.989351105742301 ], [ -118.351251097913007, 33.9893510935661 ], [ -118.350995742931005, 33.989353045530798 ], [ -118.350781326664006, 33.989354740925002 ], [ -118.350685769416998, 33.989355596542303 ], [ -118.348556890485, 33.989372304281197 ], [ -118.348362935986998, 33.989373755065898 ], [ -118.348295105936003, 33.989374358353402 ], [ -118.344885422071002, 33.9894011164915 ], [ -118.344804143241006, 33.989401672410601 ], [ -118.344597408908001, 33.989403377237799 ], [ -118.344005002597001, 33.989408026304702 ], [ -118.343923364529999, 33.9894086051928 ], [ -118.342993390746997, 33.989415943647302 ], [ -118.342499556979007, 33.989419748861501 ], [ -118.342499540118993, 33.989415627117303 ], [ -118.342497481853002, 33.989089983443499 ], [ -118.342501239447003, 33.988952639214702 ], [ -118.342504869055006, 33.988815230440103 ], [ -118.342505942081004, 33.988512934712098 ], [ -118.342486391400996, 33.9884720923271 ], [ -118.342486300090002, 33.988465379799301 ], [ -118.342486325115999, 33.988458268465401 ], [ -118.342486203906006, 33.988458269711003 ], [ -118.342486198914997, 33.988457843301802 ], [ -118.340791156584004, 33.988470211471601 ], [ -118.340659205720996, 33.9884711429943 ], [ -118.340527291601006, 33.988472061647698 ], [ -118.340395310458007, 33.988473000179503 ], [ -118.340255907156006, 33.988473965806101 ], [ -118.340123961743998, 33.988474909349598 ], [ -118.339972219649994, 33.988475941881099 ], [ -118.339877369372005, 33.9884766282809 ], [ -118.339836142322, 33.988476941827201 ], [ -118.339774265035004, 33.9884774334095 ], [ -118.339632455558998, 33.9884783356732 ], [ -118.339490576185995, 33.988479349756503 ], [ -118.339348734587006, 33.988480338323903 ], [ -118.339206890800995, 33.988481322223102 ], [ -118.339041952971996, 33.9884824799285 ], [ -118.338877018500995, 33.9884836662482 ], [ -118.338712085967998, 33.988484797343503 ], [ -118.338547150292996, 33.988485955268096 ], [ -118.338382215677996, 33.988487108456702 ], [ -118.338217281094003, 33.988488270434999 ], [ -118.338052346473006, 33.988489424074302 ], [ -118.337886619749, 33.988490609456399 ], [ -118.337787656824005, 33.988491305729198 ], [ -118.337688666833998, 33.988492000193503 ], [ -118.337525213853993, 33.988493157079702 ], [ -118.337360281385997, 33.988494311569902 ], [ -118.33726327299, 33.988494992932999 ], [ -118.337263339138005, 33.988508997101299 ], [ -118.337262725892003, 33.988550207710702 ], [ -118.337264173917006, 33.988852469247703 ], [ -118.337264916238993, 33.988990008063297 ], [ -118.337277199816, 33.988989918738099 ], [ -118.337277198129996, 33.988990843711697 ], [ -118.337763197808002, 33.988988843379197 ], [ -118.337765197381003, 33.989470843956298 ], [ -118.337276597092, 33.989478677239198 ], [ -118.337267150032005, 33.989478742408899 ], [ -118.337267150380995, 33.989478828954802 ], [ -118.337266198026001, 33.989478844237901 ], [ -118.337294198142999, 33.996312707493601 ], [ -118.33676967817, 33.996314913387998 ], [ -118.336571241889004, 33.996315906916799 ], [ -118.336108947533006, 33.9963180193228 ], [ -118.335647081662998, 33.9963201017203 ], [ -118.335548118285004, 33.996320566242197 ], [ -118.335449139648006, 33.996321004581098 ], [ -118.331641197156003, 33.996337845187099 ], [ -118.331641187675004, 33.996338184188197 ], [ -118.331641046966993, 33.996338184574903 ], [ -118.331640980108006, 33.996345625080799 ], [ -118.331595068558002, 33.997990469116701 ], [ -118.331585360155003, 33.998085761315302 ], [ -118.331568533386999, 33.998251998200601 ], [ -118.331539321527003, 33.9983345638964 ], [ -118.331510131409999, 33.998417168291397 ], [ -118.331509464806004, 33.998582041842397 ], [ -118.331508468070993, 33.998746917203498 ], [ -118.331508144639997, 33.998856859619899 ], [ -118.331507833933003, 33.998911790668799 ], [ -118.331507167319998, 33.9990766642251 ], [ -118.331506501793996, 33.999241812746597 ], [ -118.331505835179996, 33.999406687207802 ], [ -118.331505167477005, 33.999571560772303 ], [ -118.331504500856994, 33.999736435236997 ], [ -118.331503845856005, 33.999887569458799 ], [ -118.331503504094997, 33.999901309708697 ], [ -118.331503226272005, 34.0000112916753 ], [ -118.331496831764994, 34.001496336837597 ], [ -118.331703428725007, 34.002144111517403 ], [ -118.331706432719002, 34.0021523531599 ], [ -118.331770728690998, 34.002328604902402 ], [ -118.331829465325995, 34.002464688011997 ], [ -118.331866793559001, 34.002541051327498 ], [ -118.331869197577007, 34.002547845857698 ], [ -118.331872013299005, 34.002551730019199 ], [ -118.33188949174, 34.002587487112898 ], [ -118.331961526249003, 34.002719062906799 ], [ -118.332033514599004, 34.002837306062297 ], [ -118.332125762698993, 34.002973860292798 ], [ -118.332162408287004, 34.003022642193301 ], [ -118.332203203228005, 34.003076388205002 ], [ -118.332230594319, 34.003111115465103 ], [ -118.332239447987007, 34.003122340382198 ], [ -118.332245549163005, 34.003130074940202 ], [ -118.332288782088, 34.003182770240699 ], [ -118.332333101507999, 34.0032348296603 ], [ -118.332386460411996, 34.003294998673297 ], [ -118.332446326368, 34.0033601351996 ], [ -118.332484688275002, 34.003398076789701 ], [ -118.332484715443996, 34.003398103760702 ], [ -118.332203197791003, 34.003548845742401 ], [ -118.332151376403999, 34.0035493543892 ], [ -118.317119195724999, 34.003696846726399 ], [ -118.317124195019005, 33.999971846135303 ], [ -118.317143194560003, 33.989106845134302 ], [ -118.317611193947997, 33.989103844559203 ] ] ] } },
{ "type": "Feature", "properties": { "objectid": 52, "name": "Jefferson Park", "area_sqmi": 1.4276614147156159, "source_url": "https://services5.arcgis.com/7nsPwEMP38bSkCjy/arcgis/rest/services/LA_Times_Neighborhoods/FeatureServer/0", "fetched_at": "2025-12-07T08:52:51.283518" }, "geometry": { "type": "Polygon", "coordinates": [ [ [ -118.313349197609, 34.037206850676199 ], [ -118.308999196439999, 34.0372648509477 ], [ -118.308899196446006, 34.025557849758997 ], [ -118.317653197640993, 34.025545848998298 ], [ -118.317705197283004, 34.018884848374199 ], [ -118.329277199095998, 34.0215458479639 ], [ -118.335110199835995, 34.0226808479444 ], [ -118.335113201441004, 34.0325838488926 ], [ -118.333681200621001, 34.035161848822298 ], [ -118.326429199255003, 34.0355758497588 ], [ -118.322795198983002, 34.0360728498055 ], [ -118.317645198809004, 34.037109849929003 ], [ -118.313350197614, 34.037397850055299 ], [ -118.313349197609, 34.037206850676199 ] ] ] } },
{ "type": "Feature", "properties": { "objectid": 53, "name": "Koreatown", "area_sqmi": 2.7083876268799605, "source_url": "https://services5.arcgis.com/7nsPwEMP38bSkCjy/arcgis/rest/services/LA_Times_Neighborhoods/FeatureServer/0", "fetched_at": "2025-12-07T08:52:51.283518" }, "geometry": { "type": "Polygon", "coordinates": [ [ [ -118.287851194911994, 34.061818854756403 ], [ -118.287830195485, 34.059792854513297 ], [ -118.289097195189001, 34.059785854384799 ], [ -118.289077194700994, 34.0524098531316 ], [ -118.290907195046998, 34.0524088529667 ], [ -118.292436195798999, 34.052664853337703 ], [ -118.312878199059, 34.052630851714902 ], [ -118.313306198476994, 34.052824852482303 ], [ -118.313306198429999, 34.0526148523819 ], [ -118.316727199276997, 34.052508851597402 ], [ -118.318623199721998, 34.053059852293302 ], [ -118.322958006478004, 34.054682410409001 ], [ -118.322967200411995, 34.054685852212799 ], [ -118.319095200581003, 34.061730852689898 ], [ -118.314204199573993, 34.061699853258098 ], [ -118.314039199804, 34.062544853053097 ], [ -118.314217200792996, 34.071137854191498 ], [ -118.313987200339994, 34.071532853830902 ], [ -118.313446200190995, 34.071787854602498 ], [ -118.313447200118006, 34.072724854446498 ], [ -118.313588200637, 34.0729098543923 ], [ -118.313601198593005, 34.076235203101398 ], [ -118.313601201037002, 34.076235854903203 ], [ -118.309160202114995, 34.076252438545502 ], [ -118.286821196157007, 34.076335856563603 ], [ -118.286811195859997, 34.068986855062199 ], [ -118.286797195426999, 34.067720855648901 ], [ -118.287094195341993, 34.067718855476699 ], [ -118.287035195383993, 34.061823854791299 ], [ -118.287851194911994, 34.061818854756403 ] ] ] } },
{ "type": "Feature", "properties": { "objectid": 54, "name": "Lake View Terrace", "area_sqmi": 4.1366508783773632, "source_url": "https://services5.arcgis.com/7nsPwEMP38bSkCjy/arcgis/rest/services/LA_Times_Neighborhoods/FeatureServer/0", "fetched_at": "2025-12-07T08:52:51.283518" }, "geometry": { "type": "Polygon", "coordinates": [ [ [ -118.387406231561997, 34.2982378751488 ], [ -118.387402231530004, 34.296967874626198 ], [ -118.382890231008005, 34.296960875190798 ], [ -118.382963230773001, 34.293334874363303 ], [ -118.382383573051001, 34.2933338750803 ], [ -118.382384733131005, 34.2915308707639 ], [ -118.382588873513001, 34.291529431789698 ], [ -118.386922871535006, 34.291532908350398 ], [ -118.386922974390004, 34.291498875918002 ], [ -118.386923230727007, 34.2914988741976 ], [ -118.386927258445994, 34.290081240133297 ], [ -118.386928330879002, 34.289726263882997 ], [ -118.384646491745997, 34.2897263601593 ], [ -118.384648073188004, 34.288166488663798 ], [ -118.385151356617996, 34.286674516578799 ], [ -118.385328661320997, 34.286149050881797 ], [ -118.385463834652001, 34.285748390723199 ], [ -118.385465664286002, 34.285743109107003 ], [ -118.385602239877997, 34.285338047528299 ], [ -118.385755730933994, 34.284883030047702 ], [ -118.385776272656997, 34.284822154159698 ], [ -118.385620872847994, 34.284785414742302 ], [ -118.385108608313999, 34.284664325020003 ], [ -118.384571127398004, 34.284537980628201 ], [ -118.384396772673, 34.2844970139315 ], [ -118.382995442934998, 34.284166459243899 ], [ -118.382833287194998, 34.284128645862502 ], [ -118.381871229430999, 34.283901873675198 ], [ -118.381870918643003, 34.283901838593799 ], [ -118.377156354959993, 34.283373482336899 ], [ -118.377115192675006, 34.2833686809293 ], [ -118.376802468161998, 34.2834085917602 ], [ -118.376425062178001, 34.283456864469102 ], [ -118.376410868506994, 34.283458694532399 ], [ -118.376410041279996, 34.283458780045002 ], [ -118.375575132007995, 34.2835664509224 ], [ -118.375556174162, 34.283568900592002 ], [ -118.375543634793999, 34.283570533395903 ], [ -118.37505396988, 34.283633658334701 ], [ -118.375041960136997, 34.283635207406398 ], [ -118.374813202845999, 34.283664703518902 ], [ -118.374723740394998, 34.283073258824402 ], [ -118.374687377382998, 34.282832052605102 ], [ -118.374687255742003, 34.282832052981497 ], [ -118.374687227783994, 34.282831873662303 ], [ -118.374200847967003, 34.282833067485299 ], [ -118.373544858499002, 34.282834456313402 ], [ -118.372649328047004, 34.282836363500302 ], [ -118.372650665126002, 34.2828368705567 ], [ -118.372649228233996, 34.282836874076899 ], [ -118.373531227632, 34.2831708741707 ], [ -118.373538601033005, 34.283321495435104 ], [ -118.373538122984002, 34.283341837371303 ], [ -118.373537874850001, 34.283352399634303 ], [ -118.373537132332004, 34.2834897960538 ], [ -118.373536534592006, 34.283592816448099 ], [ -118.373535937097003, 34.283695891835102 ], [ -118.373535160903998, 34.283833288357499 ], [ -118.373534561452004, 34.283943205508699 ], [ -118.373533926996998, 34.284053067773897 ], [ -118.373532021673995, 34.284396532823102 ], [ -118.373531038310006, 34.284561408807399 ], [ -118.373530459007995, 34.284668550966103 ], [ -118.373529587986994, 34.284836202432899 ], [ -118.373528096076001, 34.285131549408298 ], [ -118.373526641607, 34.285413184801499 ], [ -118.373526329236, 34.285476360015402 ], [ -118.373525534261006, 34.285631645773499 ], [ -118.373523909517004, 34.285949004160202 ], [ -118.373522867846006, 34.286150841500501 ], [ -118.369850227346006, 34.286131874389802 ], [ -118.369889793721995, 34.286031280050203 ], [ -118.370042312951, 34.285772728650301 ], [ -118.370108715263001, 34.285660162773802 ], [ -118.370144199417993, 34.285595558426699 ], [ -118.370175454356001, 34.285528805113103 ], [ -118.370202349888999, 34.285460179104497 ], [ -118.370224775419999, 34.285389965627203 ], [ -118.370312906834997, 34.285077590660201 ], [ -118.370427757063993, 34.2846695079581 ], [ -118.370433784965002, 34.284648207856797 ], [ -118.370486227141996, 34.2845148743096 ], [ -118.370490456883999, 34.284447943044697 ], [ -118.370493857387999, 34.284435927785601 ], [ -118.370510344626993, 34.284365232969002 ], [ -118.370520401052005, 34.284293340752498 ], [ -118.370523945643001, 34.284220835581202 ], [ -118.370520950618001, 34.2841483053421 ], [ -118.370517649109999, 34.284110214722197 ], [ -118.370514266239994, 34.284071166919603 ], [ -118.370543227539002, 34.2836128743484 ], [ -118.371362228094995, 34.282347874041399 ], [ -118.370188227194006, 34.281902874166903 ], [ -118.369586110287997, 34.283327549285097 ], [ -118.369527175070004, 34.2834668569039 ], [ -118.368912227801005, 34.283262874197 ], [ -118.368117227164007, 34.282056874495197 ], [ -118.368112238921, 34.282044847840901 ], [ -118.367738420639995, 34.281061127530002 ], [ -118.367493028377993, 34.280415761381299 ], [ -118.367492161740998, 34.280415278083403 ], [ -118.367424004368999, 34.280377253466 ], [ -118.367419621167002, 34.280374823602699 ], [ -118.367419227086998, 34.280373873677902 ], [ -118.367418909142998, 34.280374429087303 ], [ -118.367418727328001, 34.280374328666902 ], [ -118.367293171566999, 34.280593661136599 ], [ -118.366974762655005, 34.2806115267 ], [ -118.366434779247001, 34.280641766772099 ], [ -118.366342850183997, 34.280647252193603 ], [ -118.36626937186, 34.280651637759902 ], [ -118.366266789855004, 34.280651789815501 ], [ -118.365546514051005, 34.280694683255199 ], [ -118.365355325403996, 34.280706059752497 ], [ -118.365093404166004, 34.280721646637403 ], [ -118.365066562409993, 34.280723243945801 ], [ -118.364870882822004, 34.280734889253097 ], [ -118.364821736915999, 34.280737840202796 ], [ -118.364752866391001, 34.280741921573103 ], [ -118.364504985305999, 34.280756682359097 ], [ -118.364291159901001, 34.280769416312403 ], [ -118.364162355047, 34.280724103071698 ], [ -118.363816933769996, 34.280602580248697 ], [ -118.363610335649, 34.280529895992601 ], [ -118.363580266363002, 34.280519332828398 ], [ -118.363529903268002, 34.280501641734098 ], [ -118.36345185914, 34.280474370140702 ], [ -118.363407809809004, 34.280459015758801 ], [ -118.362950045622995, 34.280299460899997 ], [ -118.362903464156005, 34.280283195259599 ], [ -118.362592154392004, 34.2801746759528 ], [ -118.362357363539004, 34.280092828729103 ], [ -118.362131518439, 34.280014097954698 ], [ -118.361905678195996, 34.279935386579602 ], [ -118.361769094093006, 34.2798877662838 ], [ -118.361326225601999, 34.279732874030401 ], [ -118.360528225455994, 34.279964874667797 ], [ -118.355298242884004, 34.278963542240596 ], [ -118.354747516233999, 34.2788532366542 ], [ -118.354721551682999, 34.2788531288044 ], [ -118.354720224542007, 34.278852874852802 ], [ -118.351747223488005, 34.278837874917201 ], [ -118.351747223019004, 34.278838278806603 ], [ -118.351746822256999, 34.278838276364503 ], [ -118.351737564158995, 34.282476724355398 ], [ -118.351005972753001, 34.282474285380196 ], [ -118.351005939084999, 34.282474285477797 ], [ -118.350957784314005, 34.282474123034802 ], [ -118.350698939691, 34.282473224031499 ], [ -118.350392721313, 34.282472187494598 ], [ -118.350344124494995, 34.282472022480597 ], [ -118.347457300710005, 34.282462179485002 ], [ -118.343176574892993, 34.282447457590401 ], [ -118.340413079130997, 34.282448771983603 ], [ -118.340413045462, 34.282448772078197 ], [ -118.340412764160007, 34.282448771065901 ], [ -118.340065353658005, 34.2824490070171 ], [ -118.339860935952004, 34.282449003916703 ], [ -118.339039192360005, 34.2824492744355 ], [ -118.334961661313997, 34.282450509411099 ], [ -118.333713219011003, 34.282450913606503 ], [ -118.326843219970996, 34.282439876887103 ], [ -118.326843521322004, 34.2824530366793 ], [ -118.326835630877, 34.282453039043602 ], [ -118.326913926993001, 34.286064899925499 ], [ -118.316883218697001, 34.286087877117701 ], [ -118.316886182380003, 34.286078051652197 ], [ -118.317378218426995, 34.284446877087298 ], [ -118.317233218487004, 34.283635876841998 ], [ -118.316596218973004, 34.282409877428996 ], [ -118.316134218502, 34.280343876501902 ], [ -118.317028218153993, 34.2801148772255 ], [ -118.317292217887996, 34.279811876869502 ], [ -118.317337218554997, 34.279490876631201 ], [ -118.319082218888994, 34.279324876657398 ], [ -118.319532219037995, 34.278941876577697 ], [ -118.319732218509003, 34.277945876731401 ], [ -118.319565218123998, 34.276636876247203 ], [ -118.319373272979007, 34.276044828220698 ], [ -118.319297705007997, 34.2758117418743 ], [ -118.319269218490007, 34.275723875879997 ], [ -118.319099114186002, 34.275599977393597 ], [ -118.318373553369995, 34.275071500898598 ], [ -118.318275218083002, 34.274999876445399 ], [ -118.318225936969, 34.2750144557711 ], [ -118.317980583375999, 34.275087041911902 ], [ -118.317048217408995, 34.275362876299702 ], [ -118.316787217561995, 34.275742876528099 ], [ -118.316462217570006, 34.275654876515603 ], [ -118.316408217322007, 34.2752238767089 ], [ -118.317185217661006, 34.274541876606797 ], [ -118.317587218105004, 34.2739298762367 ], [ -118.317518001284995, 34.273697636701399 ], [ -118.317511217459995, 34.273674876313997 ], [ -118.317471812264998, 34.273683301705603 ], [ -118.315037217859, 34.274203876122698 ], [ -118.316901816404993, 34.2731439281172 ], [ -118.317159145708999, 34.272997646572598 ], [ -118.317250217986, 34.272945876259897 ], [ -118.317545844739001, 34.272982216601903 ], [ -118.320203218217003, 34.2733088763231 ], [ -118.323275218701994, 34.272989875900997 ], [ -118.325752218892006, 34.273455875970399 ], [ -118.326294219236999, 34.273324875933902 ], [ -118.327003218922997, 34.272768875305303 ], [ -118.328539220082007, 34.272152875198501 ], [ -118.329631219484995, 34.2720488749137 ], [ -118.330843219643, 34.271712874859702 ], [ -118.331929220182005, 34.272009874869198 ], [ -118.333015220125006, 34.271893875485098 ], [ -118.333737220350997, 34.272075874677697 ], [ -118.334882221035002, 34.272047875067997 ], [ -118.336229087945, 34.272562070857099 ], [ -118.336429076130003, 34.272638420815397 ], [ -118.336451220444999, 34.272646875187 ], [ -118.336827164317995, 34.272544214307302 ], [ -118.337762221003999, 34.272288874908902 ], [ -118.338094681607004, 34.2722442622348 ], [ -118.340020221041996, 34.271985875036897 ], [ -118.342520221444005, 34.270673874046103 ], [ -118.344870222354004, 34.271228874381102 ], [ -118.352980224164995, 34.272310874268904 ], [ -118.353021223656995, 34.272098873986302 ], [ -118.345483222332007, 34.2710968738551 ], [ -118.349939222811003, 34.271578874293397 ], [ -118.353096223351002, 34.271710874081798 ], [ -118.356192224531, 34.2723718742252 ], [ -118.356202224045006, 34.2719968734798 ], [ -118.356763224263005, 34.271782874011997 ], [ -118.358358224739007, 34.271573873953898 ], [ -118.359029224701999, 34.272897873419502 ], [ -118.359226224390994, 34.271877873661801 ], [ -118.360607310027007, 34.272179324122398 ], [ -118.360660224428003, 34.272190873865902 ], [ -118.360965225035002, 34.272532873241097 ], [ -118.361061224676007, 34.27314387354 ], [ -118.381351228499, 34.274533872863898 ], [ -118.382807228453999, 34.2738808724785 ], [ -118.387909229870999, 34.273199872118198 ], [ -118.388615229601001, 34.273864871825403 ], [ -118.388730229835005, 34.273395872035202 ], [ -118.389146230248997, 34.273038872202797 ], [ -118.390313229504002, 34.272886871687597 ], [ -118.390396534079997, 34.272888003208003 ], [ -118.390983451007003, 34.272895972230401 ], [ -118.391786230232995, 34.272906871519197 ], [ -118.392115644314003, 34.272985064711499 ], [ -118.392594924327994, 34.273098830857698 ], [ -118.393033230588003, 34.273202871613897 ], [ -118.393583134405006, 34.2734594578002 ], [ -118.393904356077002, 34.273609339562299 ], [ -118.394051230387007, 34.2736778716272 ], [ -118.394878230575998, 34.274288871799598 ], [ -118.408415234694999, 34.287071872720603 ], [ -118.407817234267, 34.2870968726969 ], [ -118.407593234448001, 34.287275872484997 ], [ -118.407373181221004, 34.287066565527503 ], [ -118.406189361699006, 34.285934336263097 ], [ -118.406183484427004, 34.285934970824798 ], [ -118.406180233732002, 34.285931872325598 ], [ -118.401600233405006, 34.286427872325802 ], [ -118.401599280037004, 34.286432215487402 ], [ -118.401599042292005, 34.286432240617302 ], [ -118.401583479145998, 34.286498859930298 ], [ -118.401469038174994, 34.287011889476098 ], [ -118.401395553179, 34.2873378539378 ], [ -118.401383890188001, 34.287389591242999 ], [ -118.401264590707996, 34.2879193710123 ], [ -118.401238531752, 34.288035526655001 ], [ -118.401212397779005, 34.288151682539898 ], [ -118.401143931608999, 34.288454039684197 ], [ -118.400833765699005, 34.288449377981799 ], [ -118.400833696424996, 34.288449880367203 ], [ -118.400833232593996, 34.288449872887 ], [ -118.400833356348002, 34.2884523453938 ], [ -118.400824096975995, 34.2885195441619 ], [ -118.400818931627001, 34.288590185872501 ], [ -118.400818291077996, 34.2886610127483 ], [ -118.400822178295996, 34.2887317353863 ], [ -118.400879580387993, 34.289375733318799 ], [ -118.400917248143998, 34.290128188352703 ], [ -118.400913716448002, 34.290153630602298 ], [ -118.400907842511003, 34.290185318340697 ], [ -118.400244233657006, 34.292576873153799 ], [ -118.400216014400002, 34.2926341202499 ], [ -118.400079680006996, 34.292900514197697 ], [ -118.399926681785999, 34.293201775865903 ], [ -118.399926386665001, 34.293202298830302 ], [ -118.399920548306, 34.293213886632003 ], [ -118.399890209318002, 34.293273616269801 ], [ -118.399868952103006, 34.293318119607797 ], [ -118.399849681299003, 34.293363242050397 ], [ -118.399832421596003, 34.293408921311098 ], [ -118.399696062144002, 34.293405111645797 ], [ -118.396980369101001, 34.2933293262411 ], [ -118.396950806519996, 34.293810193818501 ], [ -118.396922104655999, 34.294277292093298 ], [ -118.396758308776, 34.296941488731697 ], [ -118.396755233600004, 34.296987873857603 ], [ -118.393723232832997, 34.296983874628701 ], [ -118.393647232272997, 34.298792874651703 ], [ -118.387408231940995, 34.298784875071597 ], [ -118.387406231561997, 34.2982378751488 ] ] ] } },
{ "type": "Feature", "properties": { "objectid": 55, "name": "Larchmont", "area_sqmi": 0.48624663326886114, "source_url": "https://services5.arcgis.com/7nsPwEMP38bSkCjy/arcgis/rest/services/LA_Times_Neighborhoods/FeatureServer/0", "fetched_at": "2025-12-07T08:52:51.283518" }, "geometry": { "type": "Polygon", "coordinates": [ [ [ -118.313601198593005, 34.076235203101398 ], [ -118.320628202394005, 34.076208854012897 ], [ -118.325955745415996, 34.0762267147215 ], [ -118.325997202780997, 34.076226854374703 ], [ -118.326020203160994, 34.0826228545695 ], [ -118.326621203825994, 34.083119854800998 ], [ -118.326612638152994, 34.0834748485901 ], [ -118.326612203558, 34.083492855188602 ], [ -118.309192113419996, 34.083513813341398 ], [ -118.309157200800996, 34.083513855810899 ], [ -118.309160202114995, 34.076252438545502 ], [ -118.309160199958995, 34.0762518552595 ], [ -118.313601198593005, 34.076235203101398 ] ] ] } },
{ "type": "Feature", "properties": { "objectid": 56, "name": "Leimert Park", "area_sqmi": 1.1762553489702317, "source_url": "https://services5.arcgis.com/7nsPwEMP38bSkCjy/arcgis/rest/services/LA_Times_Neighborhoods/FeatureServer/0", "fetched_at": "2025-12-07T08:52:51.283518" }, "geometry": { "type": "Polygon", "coordinates": [ [ [ -118.318243196287, 34.014596847374101 ], [ -118.318237196552005, 34.010825847299401 ], [ -118.317081196505995, 34.010836847389001 ], [ -118.317081232261998, 34.0108277102904 ], [ -118.317119195724999, 34.003696846726399 ], [ -118.331954198296998, 34.003638845409597 ], [ -118.332151376403999, 34.0035493543892 ], [ -118.332484688275002, 34.003398076789701 ], [ -118.332484715443996, 34.003398103760702 ], [ -118.332489958967003, 34.003403290241401 ], [ -118.332567157658005, 34.003480152036602 ], [ -118.332598799576004, 34.003508802910403 ], [ -118.332691965863006, 34.003591886255599 ], [ -118.332787835798001, 34.003671833766496 ], [ -118.332886304034005, 34.003748558278602 ], [ -118.332941265705003, 34.003788852009698 ], [ -118.333867252664007, 34.004582738039197 ], [ -118.333919434856995, 34.004627476348801 ], [ -118.333925495583998, 34.004634773693198 ], [ -118.334351923954003, 34.005272191899998 ], [ -118.335280214669993, 34.0066597824339 ], [ -118.335359199101006, 34.0067778455536 ], [ -118.335692374296002, 34.0082287705821 ], [ -118.335700199100003, 34.008262845593102 ], [ -118.335107199232993, 34.008469845790898 ], [ -118.335110199835995, 34.0226808479444 ], [ -118.329277199095998, 34.0215458479639 ], [ -118.317705197283004, 34.018884848374199 ], [ -118.318248196658999, 34.018278848258902 ], [ -118.318243196287, 34.014596847374101 ] ] ] } },
{ "type": "Feature", "properties": { "objectid": 57, "name": "Lincoln Heights", "area_sqmi": 2.561235092553674, "source_url": "https://services5.arcgis.com/7nsPwEMP38bSkCjy/arcgis/rest/services/LA_Times_Neighborhoods/FeatureServer/0", "fetched_at": "2025-12-07T08:52:51.283518" }, "geometry": { "type": "Polygon", "coordinates": [ [ [ -118.212179184305, 34.083887861552299 ], [ -118.211935184731999, 34.083126861631598 ], [ -118.210975184488007, 34.083260861393697 ], [ -118.210944183826996, 34.082941861165601 ], [ -118.211907184165, 34.082524861438003 ], [ -118.211883184122001, 34.079257860753899 ], [ -118.210207183267002, 34.079217860589701 ], [ -118.210884183613004, 34.080124860760002 ], [ -118.210337184286999, 34.080130861169103 ], [ -118.206825183484995, 34.082675861808497 ], [ -118.206182183611006, 34.083796861889397 ], [ -118.205517182790999, 34.0831628613848 ], [ -118.204820183275999, 34.083903861710397 ], [ -118.206208183433006, 34.0851288621812 ], [ -118.205027183062001, 34.085098861567197 ], [ -118.203451183238997, 34.0841168617102 ], [ -118.203799182571998, 34.082654861896799 ], [ -118.206529182972005, 34.079092860676603 ], [ -118.205360182606995, 34.077898860993002 ], [ -118.205817182727003, 34.076419861242499 ], [ -118.205524182917003, 34.075566860740203 ], [ -118.205259182153995, 34.075571860440903 ], [ -118.205231182486003, 34.0743168608616 ], [ -118.204756182878995, 34.074701860316999 ], [ -118.204471182350005, 34.075284860452399 ], [ -118.203971182291994, 34.075591860883897 ], [ -118.204007182409995, 34.077266861181101 ], [ -118.202822181943006, 34.077285861258602 ], [ -118.202853182107006, 34.078682860984401 ], [ -118.201666181895007, 34.078701861160603 ], [ -118.201708182993002, 34.080611861369 ], [ -118.200550182157002, 34.082746861406797 ], [ -118.200380182958, 34.083551862107299 ], [ -118.197263182249998, 34.083105861637002 ], [ -118.196421181930006, 34.082692862309301 ], [ -118.196970181712999, 34.0819208616699 ], [ -118.198032181369996, 34.079795861309201 ], [ -118.197419182098997, 34.0795588615714 ], [ -118.197060181601998, 34.079630861532699 ], [ -118.197265181790996, 34.079386861381202 ], [ -118.197758181994004, 34.079379861820698 ], [ -118.197186181093002, 34.079137861516699 ], [ -118.196937181294004, 34.078798861438202 ], [ -118.196552437939999, 34.078786563714097 ], [ -118.196499181628994, 34.078784861717601 ], [ -118.196464107205998, 34.078911657673203 ], [ -118.196195181948994, 34.079883862185 ], [ -118.196480181804006, 34.080458861923802 ], [ -118.196339181308005, 34.080653862257002 ], [ -118.194712180983004, 34.079430861762603 ], [ -118.193393180818006, 34.079080861819598 ], [ -118.193314180799007, 34.078431861373602 ], [ -118.193481180730998, 34.078252862075999 ], [ -118.193751180283996, 34.076714861754198 ], [ -118.193720180653003, 34.075967861352296 ], [ -118.194224582120995, 34.072931308055999 ], [ -118.194267180387996, 34.072674860689098 ], [ -118.194507924768004, 34.071739011644702 ], [ -118.195687180286001, 34.067154860189198 ], [ -118.197023180689996, 34.064568860188203 ], [ -118.199415328642999, 34.064977431948698 ], [ -118.202855852531002, 34.065565062363603 ], [ -118.202995181142995, 34.065588859457399 ], [ -118.204650182215005, 34.065566859540702 ], [ -118.207559182319997, 34.065186859217903 ], [ -118.214834182800999, 34.060272858689999 ], [ -118.214910182864998, 34.060402858395904 ], [ -118.214859182690006, 34.060252858856998 ], [ -118.219016183459999, 34.057014857501301 ], [ -118.222085183949005, 34.055981857915199 ], [ -118.225769184138002, 34.054343856911402 ], [ -118.227279184229005, 34.055019857555799 ], [ -118.226809184363006, 34.0557038573155 ], [ -118.226625184851997, 34.056627857885502 ], [ -118.227124747713006, 34.061010816947601 ], [ -118.227155185341999, 34.061277857807902 ], [ -118.227087975038998, 34.061637830812501 ], [ -118.227028729267005, 34.061955147343603 ], [ -118.226978184920995, 34.062225858226299 ], [ -118.224734185114997, 34.067577859113598 ], [ -118.224609185104001, 34.068968858912001 ], [ -118.225175167591999, 34.071946337898602 ], [ -118.225541185978997, 34.073871859587399 ], [ -118.225353185638994, 34.074308859546797 ], [ -118.226667186975007, 34.079907859668801 ], [ -118.226446401597002, 34.080089393961501 ], [ -118.226442186567994, 34.0800928601343 ], [ -118.226349187067996, 34.079914860396599 ], [ -118.221778186069997, 34.083239860849503 ], [ -118.219056750684004, 34.084834342033197 ], [ -118.218885185591006, 34.084934860844697 ], [ -118.217415335935996, 34.085400232837003 ], [ -118.214916216432997, 34.086191482929102 ], [ -118.214340185595006, 34.086373861792303 ], [ -118.212727053853996, 34.086537773215902 ], [ -118.212726185075994, 34.086537861292598 ], [ -118.212777563005005, 34.0864239615819 ], [ -118.212781674614007, 34.0864148470774 ], [ -118.21297518531, 34.085985861618802 ], [ -118.213080185269007, 34.085643861118598 ], [ -118.211401185015006, 34.085277861151702 ], [ -118.211970185010003, 34.0845748611885 ], [ -118.212179184305, 34.083887861552299 ] ] ] } },
{ "type": "Feature", "properties": { "objectid": 58, "name": "Los Feliz", "area_sqmi": 2.6239057543271751, "source_url": "https://services5.arcgis.com/7nsPwEMP38bSkCjy/arcgis/rest/services/LA_Times_Neighborhoods/FeatureServer/0", "fetched_at": "2025-12-07T08:52:51.283518" }, "geometry": { "type": "Polygon", "coordinates": [ [ [ -118.273220197051003, 34.118412861554901 ], [ -118.271771197670006, 34.116803861403604 ], [ -118.271693197101996, 34.117007861641497 ], [ -118.270397196616003, 34.115166861309902 ], [ -118.268224196285999, 34.112936861726901 ], [ -118.268175120264999, 34.112902805255601 ], [ -118.267283195556004, 34.112283861406098 ], [ -118.269033196224001, 34.111546860905001 ], [ -118.269136196687995, 34.111635860757403 ], [ -118.271379196335005, 34.109231860770699 ], [ -118.273373196340998, 34.1040578602246 ], [ -118.273043196315996, 34.102448859607698 ], [ -118.273514445878007, 34.099711725721797 ], [ -118.273528195995993, 34.0996318593917 ], [ -118.273765546337998, 34.099250672333802 ], [ -118.274062397525995, 34.098773926266396 ], [ -118.274127195657002, 34.098669859634597 ], [ -118.275515196217, 34.097443859606599 ], [ -118.276224195894002, 34.096295859446897 ], [ -118.276336748852998, 34.096204552722 ], [ -118.276509571816007, 34.096064352206398 ], [ -118.276669195880999, 34.095934858514902 ], [ -118.277174196749996, 34.0957808589039 ], [ -118.284139197293001, 34.095816858454597 ], [ -118.286200992345996, 34.097567551307002 ], [ -118.286220198026996, 34.097583858715197 ], [ -118.287112198095997, 34.098168858407497 ], [ -118.287403198622002, 34.098167858262499 ], [ -118.287404197902006, 34.098360858718401 ], [ -118.292204199143995, 34.1015088583612 ], [ -118.292795199661001, 34.101734858366697 ], [ -118.292884887038994, 34.1017348754092 ], [ -118.309271351782002, 34.101737858563503 ], [ -118.309272202520006, 34.101737858188997 ], [ -118.309294872139006, 34.1053858517771 ], [ -118.309309203042005, 34.107691858618601 ], [ -118.307659202026002, 34.108086858450797 ], [ -118.307982202689004, 34.108525858753097 ], [ -118.307359202323994, 34.109725858924897 ], [ -118.307204202696994, 34.110782858557499 ], [ -118.307521202605997, 34.113412859171 ], [ -118.306621202928, 34.113812859376097 ], [ -118.303668202104006, 34.114550859815502 ], [ -118.299202201453994, 34.116021859536801 ], [ -118.295810201120005, 34.1167238602334 ], [ -118.292456200423004, 34.117733860145599 ], [ -118.276687197941996, 34.119808861205101 ], [ -118.274249198, 34.119935861662697 ], [ -118.273220197051003, 34.118412861554901 ] ] ] } },
{ "type": "Feature", "properties": { "objectid": 59, "name": "Manchester Square", "area_sqmi": 1.0080926435488207, "source_url": "https://services5.arcgis.com/7nsPwEMP38bSkCjy/arcgis/rest/services/LA_Times_Neighborhoods/FeatureServer/0", "fetched_at": "2025-12-07T08:52:51.283518" }, "geometry": { "type": "Polygon", "coordinates": [ [ [ -118.317738314723002, 33.974589801455203 ], [ -118.311180192283999, 33.9745738432851 ], [ -118.308979174274, 33.974575462059903 ], [ -118.300301190707998, 33.9745818439103 ], [ -118.300270189718006, 33.960017842840998 ], [ -118.300279964686993, 33.960017819410602 ], [ -118.317756335081, 33.959976880955402 ], [ -118.317756335747006, 33.959977341633802 ], [ -118.317757040271999, 33.960910237829097 ], [ -118.317757068288998, 33.961807402955202 ], [ -118.317755435026996, 33.962718982523597 ], [ -118.31775151846, 33.963179014968397 ], [ -118.317751044912001, 33.963652809183998 ], [ -118.317750787964997, 33.964585818156102 ], [ -118.317749515033, 33.965491163806597 ], [ -118.317748428683998, 33.966397214020702 ], [ -118.317747427154998, 33.967283988519299 ], [ -118.317746340699003, 33.968190878175399 ], [ -118.317745103977998, 33.9690926764615 ], [ -118.317744050990996, 33.969994140757997 ], [ -118.317742901898001, 33.970812099586503 ], [ -118.317742900618001, 33.970812902850803 ], [ -118.317759210283995, 33.970812885138002 ], [ -118.317759845444002, 33.970812884366602 ], [ -118.317759703804995, 33.9709278421074 ], [ -118.317755193452996, 33.974589843550099 ], [ -118.317738314723002, 33.974589801455203 ] ] ] } },
{ "type": "Feature", "properties": { "objectid": 60, "name": "Mar Vista", "area_sqmi": 2.8915350103273569, "source_url": "https://services5.arcgis.com/7nsPwEMP38bSkCjy/arcgis/rest/services/LA_Times_Neighborhoods/FeatureServer/0", "fetched_at": "2025-12-07T08:52:51.283518" }, "geometry": { "type": "Polygon", "coordinates": [ [ [ -118.421423213653, 34.010328841031203 ], [ -118.420097213410003, 34.008649841284701 ], [ -118.419320113572994, 34.0090661118696 ], [ -118.419270936470994, 34.009003826296698 ], [ -118.419098527065003, 34.008785502189603 ], [ -118.419080393170006, 34.008762542704297 ], [ -118.419062265731, 34.008739573277097 ], [ -118.419030586835007, 34.008699482099203 ], [ -118.418971612711005, 34.008624779346299 ], [ -118.418880958857002, 34.008509985352099 ], [ -118.418792430446004, 34.008397821802397 ], [ -118.418701810642006, 34.008283027558797 ], [ -118.418611158611, 34.0081682333605 ], [ -118.418520505746002, 34.008053439098802 ], [ -118.418429853128998, 34.007938644769801 ], [ -118.418339234184003, 34.007823823211702 ], [ -118.418248583147005, 34.007709028744401 ], [ -118.418157931276994, 34.007594234213599 ], [ -118.418067313212006, 34.0074794394992 ], [ -118.417976662921006, 34.007364644830098 ], [ -118.417886011796995, 34.007249850097502 ], [ -118.417759334183003, 34.007089428106198 ], [ -118.417723073101001, 34.0070434717544 ], [ -118.417541807131002, 34.006813881725698 ], [ -118.417451020071994, 34.006699157464197 ], [ -118.417450043998997, 34.0066979266416 ], [ -118.421261212843007, 34.004426840704603 ], [ -118.418258398478997, 34.000632920051402 ], [ -118.418345658343, 34.000585507125301 ], [ -118.418379962985995, 34.000564065160702 ], [ -118.418658247173994, 34.000390505329698 ], [ -118.418731394074996, 34.000344884644001 ], [ -118.418874499406996, 34.000255714207299 ], [ -118.418965080339007, 34.000206102187299 ], [ -118.419141079577997, 34.000089544976802 ], [ -118.419163315521999, 34.000062213519698 ], [ -118.419174306231, 34.000048749724201 ], [ -118.419190212738002, 34.000038840725303 ], [ -118.420412212268999, 33.998692840082001 ], [ -118.425477713196003, 33.998131822459897 ], [ -118.425743016680002, 33.998102898747 ], [ -118.425900201082996, 33.998085774869097 ], [ -118.425952878836995, 33.998154972714701 ], [ -118.426041194096001, 33.998271006475697 ], [ -118.426129510820004, 33.998387067214601 ], [ -118.426217826427006, 33.998503072901002 ], [ -118.426306176112007, 33.998619133397597 ], [ -118.426526985704001, 33.998909243572399 ], [ -118.426571150659001, 33.998967273302597 ], [ -118.426615302691999, 33.999025303964402 ], [ -118.426836114425996, 33.999315413581101 ], [ -118.427544493731006, 34.000246085502503 ], [ -118.427579835263003, 34.000292509144401 ], [ -118.427730168438998, 34.000490017973803 ], [ -118.427845214754001, 34.000640925269003 ], [ -118.427953412568996, 34.000783302096004 ], [ -118.427959823582, 34.000791715907901 ], [ -118.428110126064993, 34.000989221680904 ], [ -118.428145500558003, 34.001035617998703 ], [ -118.428338021860995, 34.001288619034099 ], [ -118.428338918885004, 34.001289824806101 ], [ -118.428339808554, 34.001291073877901 ], [ -118.428364293759003, 34.0013241210156 ], [ -118.428447885682004, 34.001279251599698 ], [ -118.428501213613004, 34.001348840023503 ], [ -118.430848214682001, 34.000106839984703 ], [ -118.430472257995007, 33.999622307568004 ], [ -118.430477045543995, 33.9996197770175 ], [ -118.430736071221006, 33.999482806987501 ], [ -118.430753851492994, 33.999473410858201 ], [ -118.430755023811003, 33.999472790025401 ], [ -118.430815959610001, 33.999440534740202 ], [ -118.430899532400005, 33.999396352459698 ], [ -118.430980670650996, 33.999353415718303 ], [ -118.431050259458999, 33.999316592899604 ], [ -118.431119915175998, 33.999279742755597 ], [ -118.431189536332994, 33.999242919740702 ], [ -118.431259192067003, 33.999206096561998 ], [ -118.431328780485998, 33.999169245635997 ], [ -118.431398435014998, 33.999132422381003 ], [ -118.431468024398995, 33.999095572272502 ], [ -118.431537678943997, 33.999058775982803 ], [ -118.431607300677001, 33.9990219256781 ], [ -118.431676954816993, 33.998985074315698 ], [ -118.431746543011997, 33.998948251096301 ], [ -118.431816164701004, 33.998911427716799 ], [ -118.431885786189994, 33.998874577251797 ], [ -118.431927539228994, 33.998852526886303 ], [ -118.431937639712004, 33.9988471599723 ], [ -118.432052855219993, 33.998785675909701 ], [ -118.432168087860006, 33.998725236552097 ], [ -118.432177561282998, 33.998720228870397 ], [ -118.432178188451005, 33.998719896663403 ], [ -118.432206057029006, 33.998705150557001 ], [ -118.432217407625998, 33.998699147167898 ], [ -118.432275678313999, 33.998668326913098 ], [ -118.432345298455004, 33.9986315032329 ], [ -118.432380108976005, 33.998613078303897 ], [ -118.432414953031994, 33.998594652343101 ], [ -118.432484574132005, 33.998557828578903 ], [ -118.432554194090002, 33.998521004778503 ], [ -118.432623814924, 33.998484152987103 ], [ -118.432693435841003, 33.998447329102703 ], [ -118.432763056701006, 33.998410506079701 ], [ -118.432797867033997, 33.998392080128902 ], [ -118.432832677495995, 33.998373682115101 ], [ -118.432902297002997, 33.998336830167297 ], [ -118.432971917675005, 33.998300006122598 ], [ -118.433006727915995, 33.998281580111701 ], [ -118.433041538286005, 33.998263182037697 ], [ -118.433111191167001, 33.998226330750903 ], [ -118.433180811655006, 33.998189506585803 ], [ -118.433215621803996, 33.998171080514901 ], [ -118.433250432082005, 33.998152682380798 ], [ -118.433320052303998, 33.998115830188702 ], [ -118.433389672608001, 33.998079005903499 ], [ -118.433459291768997, 33.9980421815821 ], [ -118.433489265801001, 33.998026301601598 ], [ -118.433499399777006, 33.998020961482098 ], [ -118.433614699510997, 33.997960086860303 ], [ -118.433698190887, 33.997915801054702 ], [ -118.433889348893999, 33.997814705708201 ], [ -118.434028522275, 33.997741029634298 ], [ -118.434306933670001, 33.997593758810197 ], [ -118.434446138927996, 33.9975201091843 ], [ -118.434585344081, 33.9974464864437 ], [ -118.434776105878996, 33.997345584042897 ], [ -118.434859532068998, 33.997301278733701 ], [ -118.434943048261005, 33.997257021725197 ], [ -118.43513156697, 33.997157255563998 ], [ -118.435201185680995, 33.997120430236002 ], [ -118.435270804184995, 33.9970835769209 ], [ -118.435410073344997, 33.997009843909602 ], [ -118.435531049624004, 33.996945849303003 ], [ -118.435557979806006, 33.996947565094601 ], [ -118.435745861854002, 33.996959500207304 ], [ -118.435749912424001, 33.996959757844898 ], [ -118.435830747094002, 33.996919522625703 ], [ -118.435953061315999, 33.996858337349003 ], [ -118.436336333266993, 33.996666750379099 ], [ -118.436407212874997, 33.996631541652199 ], [ -118.43647795951, 33.996596167482402 ], [ -118.436548673619995, 33.996560794290197 ], [ -118.436619388384003, 33.996525558087001 ], [ -118.436712050534993, 33.9964793050246 ], [ -118.436853477211997, 33.996408557427401 ], [ -118.436945973652996, 33.996362333633698 ], [ -118.437016688081997, 33.996327097198197 ], [ -118.437087434202994, 33.996291722671799 ], [ -118.437158312316001, 33.996256348527197 ], [ -118.437228860961, 33.996221111666003 ], [ -118.437299772507998, 33.9961857373169 ], [ -118.437370351414003, 33.996150307335 ], [ -118.437421454947994, 33.996124816985699 ], [ -118.437443810892006, 33.9961137138095 ], [ -118.437452057808002, 33.996109618903503 ], [ -118.437536162732997, 33.996067490987699 ], [ -118.437677620634005, 33.9959967702558 ], [ -118.437770249143995, 33.995950516500301 ], [ -118.437841159868, 33.995915278867997 ], [ -118.437911707732994, 33.995879795490701 ], [ -118.437982585865996, 33.9958445578933 ], [ -118.438053133821001, 33.995809321452697 ], [ -118.438124042867003, 33.995773808692199 ], [ -118.438194591786001, 33.995738572165102 ], [ -118.438265468240999, 33.995703059439599 ], [ -118.438356812419002, 33.995657634799301 ], [ -118.438427529243, 33.995622255083497 ], [ -118.438498237399997, 33.995586885274399 ], [ -118.438590897620998, 33.9955406587192 ], [ -118.438661445063005, 33.995505421923703 ], [ -118.438732353594006, 33.995469908806498 ], [ -118.438802902, 33.9954346719245 ], [ -118.438873779382007, 33.9953994338047 ], [ -118.438944687732999, 33.995363920563001 ], [ -118.439015234877999, 33.995328683560999 ], [ -118.439086112081, 33.995293445316896 ], [ -118.439178770210006, 33.995246943348803 ], [ -118.439249433016002, 33.995211714804 ], [ -118.439320161691995, 33.995176467947097 ], [ -118.439412853334005, 33.995130213598401 ], [ -118.439483399723997, 33.995094701356997 ], [ -118.439554309000997, 33.9950594627201 ], [ -118.439624855272001, 33.995023950396202 ], [ -118.439695732101995, 33.994988738840199 ], [ -118.439766278473002, 33.994953474354602 ], [ -118.439837186209999, 33.994917987634899 ], [ -118.439907733685999, 33.994882750108403 ], [ -118.440000721239002, 33.994836494227897 ], [ -118.440142161796999, 33.994765733698102 ], [ -118.440234834319, 33.994719514846999 ], [ -118.440260170583002, 33.9947068099709 ], [ -118.440305347907994, 33.994684277210801 ], [ -118.440376255046004, 33.994648763129597 ], [ -118.440446800980993, 33.9946135243909 ], [ -118.440651215629003, 33.994511470184598 ], [ -118.440659130781995, 33.994507534038299 ], [ -118.440662738472, 33.994505717798702 ], [ -118.440941305985007, 33.994366644014903 ], [ -118.440964084087, 33.994355314160202 ], [ -118.440988067565002, 33.994343298337597 ], [ -118.442469042648995, 33.993603924909202 ], [ -118.442488590660005, 33.993641550839499 ], [ -118.442547582724998, 33.993754931293303 ], [ -118.442613206409007, 33.993880983687497 ], [ -118.442655573511004, 33.993962363844297 ], [ -118.443362215630998, 33.995321838530401 ], [ -118.443363343664004, 33.995321059067599 ], [ -118.443387836441005, 33.995367414269701 ], [ -118.443517817165002, 33.9952731744822 ], [ -118.444319422733003, 33.994719562089003 ], [ -118.444284977725999, 33.994684097274899 ], [ -118.444284934189994, 33.994684051907797 ], [ -118.444353215606, 33.994636838290802 ], [ -118.444353264650999, 33.994636902119097 ], [ -118.455988947479995, 34.0099185882897 ], [ -118.456011219214005, 34.009947839181201 ], [ -118.455969257207002, 34.009970140297298 ], [ -118.446329748794, 34.015093118133102 ], [ -118.443982409726999, 34.016329242694603 ], [ -118.443569457695006, 34.016546717114501 ], [ -118.443524933568995, 34.016570154729202 ], [ -118.443532711659003, 34.016579621110303 ], [ -118.443438218009007, 34.016629841158903 ], [ -118.444218017533998, 34.017790030989602 ], [ -118.444463218064001, 34.018154841294802 ], [ -118.444492545003996, 34.018268538520999 ], [ -118.444926218467003, 34.019949840892302 ], [ -118.442800218019002, 34.0206368408518 ], [ -118.431435216148998, 34.026269842304004 ], [ -118.430140216498003, 34.026782843070102 ], [ -118.430140118411003, 34.026782719007798 ], [ -118.418470779605002, 34.012074794376602 ], [ -118.418582063486994, 34.012011449943202 ], [ -118.418808206088002, 34.011882726225103 ], [ -118.418812925713993, 34.011880041311002 ], [ -118.418831677873996, 34.0118693661001 ], [ -118.419033631196001, 34.011754409361203 ], [ -118.419686897689004, 34.011382646335001 ], [ -118.421376648747, 34.010420774272902 ], [ -118.421348980117003, 34.010385419871703 ], [ -118.421341099542005, 34.0103754106119 ], [ -118.421340869649995, 34.0103751184161 ], [ -118.421423213653, 34.010328841031203 ] ] ] } },
{ "type": "Feature", "properties": { "objectid": 61, "name": "Mid-City", "area_sqmi": 3.4745621873205299, "source_url": "https://services5.arcgis.com/7nsPwEMP38bSkCjy/arcgis/rest/services/LA_Times_Neighborhoods/FeatureServer/0", "fetched_at": "2025-12-07T08:52:51.283518" }, "geometry": { "type": "MultiPolygon", "coordinates": [ [ [ [ -118.368601206286002, 34.0349668473553 ], [ -118.369553206793995, 34.035168846584902 ], [ -118.375545138410004, 34.032588125914202 ], [ -118.375784457616007, 34.032489866982303 ], [ -118.375927634017003, 34.032431028985201 ], [ -118.376298292716996, 34.032330291894503 ], [ -118.376548814569006, 34.032266940838198 ], [ -118.376765164174998, 34.032208286509899 ], [ -118.376960415252995, 34.032155384538498 ], [ -118.377075462470998, 34.032124221705701 ], [ -118.377534496032993, 34.031999297019603 ], [ -118.377618582292001, 34.031975835810002 ], [ -118.377812334891004, 34.031921771463097 ], [ -118.384218210816002, 34.0302188442326 ], [ -118.384218607728997, 34.030218739293097 ], [ -118.384247291931004, 34.030201587394998 ], [ -118.384287350239006, 34.030177635986597 ], [ -118.384288008951998, 34.030177242624703 ], [ -118.384368430001004, 34.030129153984099 ], [ -118.384783147570005, 34.0298811717294 ], [ -118.386408209717004, 34.028909845604602 ], [ -118.386478601503995, 34.028989763858497 ], [ -118.386480343128, 34.028991742557203 ], [ -118.386574801682002, 34.029099130049197 ], [ -118.386590992392996, 34.029117543403103 ], [ -118.386670589410002, 34.029208463227398 ], [ -118.386671017083003, 34.029208221148401 ], [ -118.386674209700004, 34.029211845002401 ], [ -118.386810829641007, 34.0291340621391 ], [ -118.386934582305003, 34.029223721507201 ], [ -118.386934956052002, 34.0292239943754 ], [ -118.387183208826997, 34.029404845647697 ], [ -118.387183608409998, 34.0294046171799 ], [ -118.387183641001997, 34.029404640515203 ], [ -118.387187892330005, 34.029407729957398 ], [ -118.387664965441004, 34.029136824557803 ], [ -118.387775493228006, 34.029071228361701 ], [ -118.387775610930007, 34.029071158565699 ], [ -118.390925209673, 34.031212845329101 ], [ -118.389685437606005, 34.033381470575797 ], [ -118.389657209910993, 34.033430845798897 ], [ -118.386091757711, 34.046749185416097 ], [ -118.386082210693999, 34.046784847259403 ], [ -118.386082039290002, 34.046784785601503 ], [ -118.383121209997, 34.045720847167601 ], [ -118.376831208690007, 34.044536847805901 ], [ -118.376134209225, 34.047104848027999 ], [ -118.376143209198005, 34.053325848787203 ], [ -118.362514207103004, 34.050696848727 ], [ -118.356316205848998, 34.0485038489877 ], [ -118.345875204272005, 34.0477388493861 ], [ -118.336426202235003, 34.048812850335999 ], [ -118.326731397754997, 34.047826397424899 ], [ -118.326716200915001, 34.047824850944401 ], [ -118.333243864238995, 34.035958803417898 ], [ -118.333791200536993, 34.034963848819601 ], [ -118.340101202170004, 34.034665848542403 ], [ -118.339949201595999, 34.034864848886897 ], [ -118.345542202375, 34.034599848664499 ], [ -118.348389203313005, 34.034630847740701 ], [ -118.349926203633999, 34.034530847738502 ], [ -118.349982203747999, 34.034390847893498 ], [ -118.350159203884999, 34.034381847668001 ], [ -118.350103203928001, 34.0345228482959 ], [ -118.353360204175004, 34.034379847591502 ], [ -118.360739205849001, 34.033909847224102 ], [ -118.363726206254995, 34.034154847299 ], [ -118.368297206437006, 34.035099846880598 ], [ -118.368601206286002, 34.0349668473553 ] ] ], [ [ [ -118.368601206286002, 34.0349668473553 ], [ -118.368574818805001, 34.0349612293234 ], [ -118.368446206846002, 34.0349338474511 ], [ -118.369034207088006, 34.034731847408203 ], [ -118.368936206922001, 34.034819847098497 ], [ -118.368601206286002, 34.0349668473553 ] ] ] ] } },
{ "type": "Feature", "properties": { "objectid": 62, "name": "Mid-Wilshire", "area_sqmi": 2.7773559428176049, "source_url": "https://services5.arcgis.com/7nsPwEMP38bSkCjy/arcgis/rest/services/LA_Times_Neighborhoods/FeatureServer/0", "fetched_at": "2025-12-07T08:52:51.283518" }, "geometry": { "type": "Polygon", "coordinates": [ [ [ -118.322958006478004, 34.054682410409001 ], [ -118.326716200915001, 34.047824850944401 ], [ -118.326731397754997, 34.047826397424899 ], [ -118.336426202235003, 34.048812850335999 ], [ -118.345875204272005, 34.0477388493861 ], [ -118.356316205848998, 34.0485038489877 ], [ -118.362514207103004, 34.050696848727 ], [ -118.366651207573994, 34.051506849319402 ], [ -118.366512207680998, 34.052364849433303 ], [ -118.363767407226007, 34.058310829627302 ], [ -118.363571208341, 34.058735849782003 ], [ -118.361387207898005, 34.0629718501634 ], [ -118.361423208630995, 34.0715208512635 ], [ -118.361411192446994, 34.071519183318102 ], [ -118.353701206783001, 34.070448852196002 ], [ -118.346205206207003, 34.068995852330602 ], [ -118.346153235022001, 34.068993505837597 ], [ -118.344066308180999, 34.068899301009303 ], [ -118.344034205634998, 34.068897851730298 ], [ -118.344068204346001, 34.062175851378498 ], [ -118.319095200581003, 34.061730852689898 ], [ -118.322958006478004, 34.054682410409001 ] ] ] } },
{ "type": "Feature", "properties": { "objectid": 63, "name": "Mission Hills", "area_sqmi": 3.2070295843612286, "source_url": "https://services5.arcgis.com/7nsPwEMP38bSkCjy/arcgis/rest/services/LA_Times_Neighborhoods/FeatureServer/0", "fetched_at": "2025-12-07T08:52:51.283518" }, "geometry": { "type": "Polygon", "coordinates": [ [ [ -118.467875244284997, 34.289863869528801 ], [ -118.467744244219006, 34.289766869536201 ], [ -118.468245348504993, 34.290974146636501 ], [ -118.468372244947005, 34.291279869301697 ], [ -118.468439786790995, 34.291364613345401 ], [ -118.469983151788995, 34.293301066063698 ], [ -118.470076244515994, 34.293417869771403 ], [ -118.464903663930002, 34.288308882072798 ], [ -118.464789243537993, 34.288195868821298 ], [ -118.464613213779003, 34.288084042066799 ], [ -118.460043242386007, 34.285180869605597 ], [ -118.458710242517995, 34.284110869318901 ], [ -118.457544242180006, 34.282704868962398 ], [ -118.455452241543, 34.279270869153102 ], [ -118.455287241511002, 34.279354868520599 ], [ -118.455443241607995, 34.2795878689262 ], [ -118.455202241373001, 34.279400869083602 ], [ -118.452580241283997, 34.281297869607599 ], [ -118.448866239821001, 34.277787869274903 ], [ -118.448654385360001, 34.277949992064798 ], [ -118.448201275174995, 34.277521968581397 ], [ -118.448146840066997, 34.277470016921903 ], [ -118.447982780119005, 34.277314926390197 ], [ -118.447873585950006, 34.2772120644265 ], [ -118.447818358454001, 34.277160113748302 ], [ -118.447709297182996, 34.277057251146097 ], [ -118.447566833249994, 34.276922993206703 ], [ -118.447425829251998, 34.2767891146637 ], [ -118.447134547480005, 34.276514164597103 ], [ -118.447062059456002, 34.276445541141499 ], [ -118.450303240633005, 34.274079868915599 ], [ -118.449591239450996, 34.273163868778497 ], [ -118.449418240181004, 34.273288868448901 ], [ -118.447129239288003, 34.270357868082002 ], [ -118.443736238846, 34.267149868168197 ], [ -118.443603238433994, 34.266994867997099 ], [ -118.443888238946997, 34.266957868248198 ], [ -118.442176237968994, 34.264661868001802 ], [ -118.442545891183997, 34.264122279574899 ], [ -118.442693074248993, 34.263907433907903 ], [ -118.443020238304996, 34.263429867484597 ], [ -118.443269238298996, 34.262722867880903 ], [ -118.443731237956996, 34.262742867374797 ], [ -118.444099238527002, 34.262312867678702 ], [ -118.451635238902, 34.252097865901298 ], [ -118.451893238721993, 34.251934865709302 ], [ -118.451776237950995, 34.251820866394603 ], [ -118.451781028550997, 34.251816746509903 ], [ -118.452083238591001, 34.251556866427997 ], [ -118.452150497226995, 34.251195881248002 ], [ -118.452162238503007, 34.251132865745703 ], [ -118.451890238578002, 34.249939866088702 ], [ -118.472199242078005, 34.250073864806303 ], [ -118.472083886570005, 34.260745543396098 ], [ -118.471966243094002, 34.271628867316203 ], [ -118.471923458508002, 34.271854484045598 ], [ -118.471789160064006, 34.2725626795064 ], [ -118.471633243240007, 34.273384866806403 ], [ -118.471506232026996, 34.273751104592698 ], [ -118.469659244070996, 34.279076867797002 ], [ -118.469855243284002, 34.2790778681413 ], [ -118.468223244138997, 34.285654869085903 ], [ -118.467991243664002, 34.287589868881398 ], [ -118.468319243843993, 34.289365869289199 ], [ -118.469731245240993, 34.291719869118197 ], [ -118.470608245326005, 34.293616869598701 ], [ -118.469105244445998, 34.2910788693341 ], [ -118.467875244284997, 34.289863869528801 ] ] ] } },
{ "type": "Feature", "properties": { "objectid": 64, "name": "Montecito Heights", "area_sqmi": 2.4004414779695837, "source_url": "https://services5.arcgis.com/7nsPwEMP38bSkCjy/arcgis/rest/services/LA_Times_Neighborhoods/FeatureServer/0", "fetched_at": "2025-12-07T08:52:51.283518" }, "geometry": { "type": "Polygon", "coordinates": [ [ [ -118.176983740547001, 34.111374920015201 ], [ -118.177018489288997, 34.1110959300742 ], [ -118.177023752017007, 34.111053715396899 ], [ -118.177026948336007, 34.111028126171597 ], [ -118.177031049934001, 34.110998563475398 ], [ -118.177369983063002, 34.110917471447301 ], [ -118.177457784172006, 34.110896463997499 ], [ -118.177384110719004, 34.110742540209202 ], [ -118.177344728058003, 34.110660951772502 ], [ -118.177344127104007, 34.110659695018903 ], [ -118.177249161640006, 34.110463278988902 ], [ -118.177256063143005, 34.110462032867503 ], [ -118.178007047180003, 34.11032790454 ], [ -118.178007045875006, 34.110248891676697 ], [ -118.178007181301993, 34.1102488662344 ], [ -118.178008180735006, 34.101925864853499 ], [ -118.184180180371996, 34.087233862832903 ], [ -118.184242180067997, 34.086294863367698 ], [ -118.187514180739001, 34.086262862642499 ], [ -118.187500180203998, 34.085797862461099 ], [ -118.188988180250007, 34.084901862432702 ], [ -118.192895181197997, 34.080707862376599 ], [ -118.193194630736002, 34.0801391746663 ], [ -118.193232181248007, 34.080067862175902 ], [ -118.193393180818006, 34.079080861819598 ], [ -118.194712180983004, 34.079430861762603 ], [ -118.196339181308005, 34.080653862257002 ], [ -118.196480181804006, 34.080458861923802 ], [ -118.196195181948994, 34.079883862185 ], [ -118.196408181590002, 34.078990861488101 ], [ -118.196464107205998, 34.078911657673203 ], [ -118.196552437939999, 34.078786563714097 ], [ -118.196593181707996, 34.078728861692397 ], [ -118.196937181294004, 34.078798861438202 ], [ -118.197186181093002, 34.079137861516699 ], [ -118.197758181994004, 34.079379861820698 ], [ -118.197265181790996, 34.079386861381202 ], [ -118.197060181601998, 34.079630861532699 ], [ -118.197419182098997, 34.0795588615714 ], [ -118.198032181369996, 34.079795861309201 ], [ -118.196970181712999, 34.0819208616699 ], [ -118.196421181930006, 34.082692862309301 ], [ -118.197263182249998, 34.083105861637002 ], [ -118.200380182958, 34.083551862107299 ], [ -118.200550182157002, 34.082746861406797 ], [ -118.201708182993002, 34.080611861369 ], [ -118.201666181895007, 34.078701861160603 ], [ -118.202853182107006, 34.078682860984401 ], [ -118.202822181943006, 34.077285861258602 ], [ -118.204007182409995, 34.077266861181101 ], [ -118.203971182291994, 34.075591860883897 ], [ -118.204471182350005, 34.075284860452399 ], [ -118.204756182878995, 34.074701860316999 ], [ -118.205231182486003, 34.0743168608616 ], [ -118.205259182153995, 34.075571860440903 ], [ -118.205524182917003, 34.075566860740203 ], [ -118.205817182727003, 34.076419861242499 ], [ -118.205360182606995, 34.077898860993002 ], [ -118.206529182972005, 34.079092860676603 ], [ -118.203799182571998, 34.082654861896799 ], [ -118.203451183238997, 34.0841168617102 ], [ -118.205027183062001, 34.085098861567197 ], [ -118.206208183433006, 34.0851288621812 ], [ -118.204820183275999, 34.083903861710397 ], [ -118.205517182790999, 34.0831628613848 ], [ -118.206182183611006, 34.083796861889397 ], [ -118.206825183484995, 34.082675861808497 ], [ -118.210337184286999, 34.080130861169103 ], [ -118.210884183613004, 34.080124860760002 ], [ -118.210207183267002, 34.079217860589701 ], [ -118.211883184122001, 34.079257860753899 ], [ -118.211907184165, 34.082524861438003 ], [ -118.210944183826996, 34.082941861165601 ], [ -118.210975184488007, 34.083260861393697 ], [ -118.211935184731999, 34.083126861631598 ], [ -118.212179184305, 34.083887861552299 ], [ -118.211970185010003, 34.0845748611885 ], [ -118.211401185015006, 34.085277861151702 ], [ -118.213080185269007, 34.085643861118598 ], [ -118.212781674614007, 34.0864148470774 ], [ -118.212778184702998, 34.0864238613186 ], [ -118.212777563005005, 34.0864239615819 ], [ -118.211787184336004, 34.086583861822099 ], [ -118.210767184917003, 34.087045861663199 ], [ -118.208794183956002, 34.088654862287001 ], [ -118.208199327960997, 34.089278899744201 ], [ -118.207877616717994, 34.089616393592898 ], [ -118.207734183751001, 34.089766862357699 ], [ -118.206390184138996, 34.0919498621735 ], [ -118.206190183778006, 34.093889862453402 ], [ -118.205914184080996, 34.094649862938198 ], [ -118.205523183874007, 34.0952388631746 ], [ -118.205336184708997, 34.095166863013397 ], [ -118.202649452817994, 34.099166956756399 ], [ -118.202560184679996, 34.099299863174501 ], [ -118.200439184209998, 34.101235864111501 ], [ -118.200262126647999, 34.101343872598498 ], [ -118.199887926344005, 34.101572142271898 ], [ -118.199421183571999, 34.101856864154698 ], [ -118.197637183070995, 34.102505863817001 ], [ -118.196011183482, 34.102597863947501 ], [ -118.196440183594007, 34.1030048639171 ], [ -118.193602182532004, 34.102898864235001 ], [ -118.192068605727997, 34.103407502195601 ], [ -118.192001183135005, 34.103429864533702 ], [ -118.187226182589995, 34.106833865599 ], [ -118.185592878042996, 34.108312996183798 ], [ -118.185478181768005, 34.108416865459397 ], [ -118.185099182095996, 34.109014865844301 ], [ -118.184811181529994, 34.110367865338198 ], [ -118.184449182297001, 34.110955865866202 ], [ -118.182980181388004, 34.111462866203098 ], [ -118.181178181383004, 34.111107866361301 ], [ -118.180334181153995, 34.111146865926202 ], [ -118.180453181740006, 34.1112498657968 ], [ -118.178446180981993, 34.112058865970603 ], [ -118.177404181374996, 34.112886866777899 ], [ -118.176200477517995, 34.112456330189403 ], [ -118.176199999166002, 34.112456158694499 ], [ -118.176326028952005, 34.112416387757598 ], [ -118.176520878012994, 34.112354886660199 ], [ -118.177005180668004, 34.112202866258002 ], [ -118.176898181278005, 34.1120618666369 ], [ -118.176899428257002, 34.1120518686376 ], [ -118.176904543066996, 34.112010891982798 ], [ -118.176982181122, 34.1113888662763 ], [ -118.176983740547001, 34.111374920015201 ] ] ] } },
{ "type": "Feature", "properties": { "objectid": 65, "name": "Mount Washington", "area_sqmi": 1.8756859439533151, "source_url": "https://services5.arcgis.com/7nsPwEMP38bSkCjy/arcgis/rest/services/LA_Times_Neighborhoods/FeatureServer/0", "fetched_at": "2025-12-07T08:52:51.283518" }, "geometry": { "type": "Polygon", "coordinates": [ [ [ -118.213561187726995, 34.116270865042701 ], [ -118.212070186635998, 34.115923864886703 ], [ -118.211329186425004, 34.115423864462002 ], [ -118.210127186223005, 34.114962865227099 ], [ -118.208707213976993, 34.113992165829103 ], [ -118.208651185918995, 34.113953864546602 ], [ -118.20796618608, 34.113090865179402 ], [ -118.207965186436994, 34.112577864880897 ], [ -118.205331185351994, 34.109396864813199 ], [ -118.203753184869996, 34.107186864411098 ], [ -118.204049184802003, 34.106865864323602 ], [ -118.206053185160997, 34.105878864476701 ], [ -118.205704184949994, 34.105389863644398 ], [ -118.205509184988003, 34.1054068638404 ], [ -118.205443737650995, 34.104950074636697 ], [ -118.205168184711994, 34.103026863848797 ], [ -118.204998184881006, 34.100945863388901 ], [ -118.205198366225005, 34.100038792581998 ], [ -118.205222184823995, 34.099930863213501 ], [ -118.205842184850994, 34.099031863025402 ], [ -118.208494185375002, 34.097137863131103 ], [ -118.209680184888995, 34.095392863007802 ], [ -118.211176185663007, 34.093843862507597 ], [ -118.211213500021998, 34.093746606843297 ], [ -118.211561605354007, 34.092839320984098 ], [ -118.211585185591005, 34.092777862 ], [ -118.211575366811005, 34.092629214048699 ], [ -118.211461805119995, 34.090909811293798 ], [ -118.211457184408999, 34.090839862392997 ], [ -118.212130185327993, 34.0903468624197 ], [ -118.215630185200993, 34.088528861791701 ], [ -118.216094185922998, 34.089157862035599 ], [ -118.216596185675996, 34.088813861207299 ], [ -118.218227186237002, 34.088679861632798 ], [ -118.219031185692998, 34.089022861835304 ], [ -118.220860186061998, 34.0910438613436 ], [ -118.221086186552, 34.092087861769997 ], [ -118.221016186762, 34.0936728616118 ], [ -118.222315186703, 34.095418861950499 ], [ -118.222488359386006, 34.095540500529403 ], [ -118.223891188031004, 34.096525862130598 ], [ -118.225373187711995, 34.096780861926099 ], [ -118.227492188710997, 34.097767862248404 ], [ -118.229992189290996, 34.099540862009903 ], [ -118.232178189682003, 34.100312862149501 ], [ -118.233097189158997, 34.101230862349198 ], [ -118.234040189417996, 34.101821862394601 ], [ -118.234130189552005, 34.102756862117701 ], [ -118.234079280930004, 34.102847332982002 ], [ -118.233789189853994, 34.103362862077297 ], [ -118.232987189498004, 34.103856861917599 ], [ -118.233211149754993, 34.104227363288103 ], [ -118.233230189563002, 34.104258862118201 ], [ -118.232826189841006, 34.104472862452702 ], [ -118.232646872946006, 34.104520944820798 ], [ -118.232054183225003, 34.104679869617897 ], [ -118.231696189667005, 34.104775862881198 ], [ -118.231458239074001, 34.104787984710399 ], [ -118.228948188727998, 34.1049158624676 ], [ -118.228794712487996, 34.104954016578297 ], [ -118.228496689321005, 34.105028104888397 ], [ -118.227878188654998, 34.105181862460299 ], [ -118.226560422052003, 34.105728215354297 ], [ -118.225372188600005, 34.106220863240999 ], [ -118.224908836815004, 34.106785975279202 ], [ -118.224903188116002, 34.1067928626751 ], [ -118.224862955641001, 34.106818070442998 ], [ -118.222306212470997, 34.1084199884912 ], [ -118.221644129878996, 34.108834813796797 ], [ -118.221588188599, 34.108869863355601 ], [ -118.220922188179003, 34.110630863330002 ], [ -118.221021188720002, 34.1114578636953 ], [ -118.223998793902993, 34.115234891933603 ], [ -118.224038189422004, 34.115284863839598 ], [ -118.224007041982006, 34.115327337744603 ], [ -118.223576188679999, 34.115914864172098 ], [ -118.222988807121993, 34.116236946969302 ], [ -118.222945188560999, 34.116260863941299 ], [ -118.222774170421005, 34.116845782092199 ], [ -118.222757189218001, 34.116903863925899 ], [ -118.222649198455997, 34.1169277957449 ], [ -118.222485750282004, 34.116964016478299 ], [ -118.222396188467997, 34.116983864462902 ], [ -118.220891824503994, 34.116468129019303 ], [ -118.219622188019002, 34.116032864642399 ], [ -118.219585305004003, 34.116061656264797 ], [ -118.219075188144004, 34.1164598645124 ], [ -118.218387188791993, 34.117787865053302 ], [ -118.216731187492002, 34.117467865110001 ], [ -118.214883188166993, 34.116556864916497 ], [ -118.213670292418996, 34.116294468124501 ], [ -118.213561187726995, 34.116270865042701 ] ] ] } },
{ "type": "Feature", "properties": { "objectid": 66, "name": "North Hills", "area_sqmi": 5.2513994478164916, "source_url": "https://services5.arcgis.com/7nsPwEMP38bSkCjy/arcgis/rest/services/LA_Times_Neighborhoods/FeatureServer/0", "fetched_at": "2025-12-07T08:52:51.283518" }, "geometry": { "type": "Polygon", "coordinates": [ [ [ -118.495248461461998, 34.220230093877497 ], [ -118.495689243339001, 34.220130860317198 ], [ -118.495781422220006, 34.220146932203903 ], [ -118.497244007277004, 34.220401949695997 ], [ -118.498895244232997, 34.220689859806797 ], [ -118.498905283773993, 34.220738813608399 ], [ -118.499087393910003, 34.221626812525997 ], [ -118.499113244032998, 34.221752860462601 ], [ -118.499008243931996, 34.222939860546902 ], [ -118.498899883283997, 34.223202755203999 ], [ -118.497093243937996, 34.227585861096898 ], [ -118.496309243780999, 34.232125861413401 ], [ -118.495983245122005, 34.239425861965998 ], [ -118.495343244517997, 34.241134862320898 ], [ -118.493061245001002, 34.243928863232703 ], [ -118.491543244599001, 34.249683863892102 ], [ -118.491525244710004, 34.250196863524302 ], [ -118.502416246440006, 34.250263863211998 ], [ -118.502347262273005, 34.257519294381602 ], [ -118.502347247833001, 34.257520864025601 ], [ -118.473302242407001, 34.257335865440901 ], [ -118.472133242132003, 34.2573278654869 ], [ -118.472199242078005, 34.250073864806303 ], [ -118.451890238578002, 34.249939866088702 ], [ -118.452010077327003, 34.248804917499399 ], [ -118.452026237965001, 34.248651865864502 ], [ -118.452121880901998, 34.248429953477398 ], [ -118.453069238167004, 34.246231865149397 ], [ -118.454035237748002, 34.244896865016798 ], [ -118.456133238088, 34.242672864769702 ], [ -118.457786237771003, 34.234972863507302 ], [ -118.459266238271994, 34.232068863391703 ], [ -118.459262237530993, 34.2318508636328 ], [ -118.459068238078004, 34.2318498633187 ], [ -118.458845238021993, 34.2314248638409 ], [ -118.458607237883001, 34.2304138629368 ], [ -118.459437237968999, 34.2271668633121 ], [ -118.459862237696996, 34.224089862868702 ], [ -118.459610237091994, 34.2214678621215 ], [ -118.492425242774999, 34.221283860165997 ], [ -118.492468744744997, 34.221275908234702 ], [ -118.493137717373003, 34.221153615038197 ], [ -118.493437243044994, 34.221098860456998 ], [ -118.493503631533002, 34.221063345751801 ], [ -118.494925243157994, 34.220302859895902 ], [ -118.494968269598999, 34.220293173540199 ], [ -118.495248461461998, 34.220230093877497 ] ] ] } },
{ "type": "Feature", "properties": { "objectid": 67, "name": "North Hollywood", "area_sqmi": 5.8694760731282232, "source_url": "https://services5.arcgis.com/7nsPwEMP38bSkCjy/arcgis/rest/services/LA_Times_Neighborhoods/FeatureServer/0", "fetched_at": "2025-12-07T08:52:51.283518" }, "geometry": { "type": "Polygon", "coordinates": [ [ [ -118.396217224490002, 34.201326863288401 ], [ -118.394022225065996, 34.2008928639288 ], [ -118.392578224624003, 34.2011998638406 ], [ -118.370324220450001, 34.201201865547297 ], [ -118.370324220284999, 34.201201339050201 ], [ -118.370325219766002, 34.196383864595397 ], [ -118.370028118332002, 34.196327829971601 ], [ -118.365960842163005, 34.195521376587102 ], [ -118.365960723284999, 34.195524454793102 ], [ -118.365960687851, 34.195560692168897 ], [ -118.361232227532994, 34.1946688800628 ], [ -118.361163267709003, 34.194655004870199 ], [ -118.36120221857, 34.193975864754997 ], [ -118.361061427720003, 34.193978860758797 ], [ -118.361047209755, 34.193883781172097 ], [ -118.361043144370001, 34.193856648040203 ], [ -118.361042886, 34.1938551062823 ], [ -118.360960293231003, 34.193307424090797 ], [ -118.360874471089005, 34.192739004421398 ], [ -118.36087198557, 34.192722441594697 ], [ -118.360790010120994, 34.192179264236501 ], [ -118.360239968423002, 34.188533768239601 ], [ -118.360213587569007, 34.188358916267703 ], [ -118.360192925261003, 34.188222077677501 ], [ -118.360172296651001, 34.188085238983803 ], [ -118.360151635446002, 34.187948373337903 ], [ -118.360131040721996, 34.187811562484598 ], [ -118.360110346259006, 34.187674751925002 ], [ -118.360089717918996, 34.187537913217803 ], [ -118.360069023471993, 34.187401074704098 ], [ -118.360048428900996, 34.1872642367914 ], [ -118.360027767134, 34.187127398174198 ], [ -118.360007139185001, 34.186990587400601 ], [ -118.359986478639001, 34.186853748773302 ], [ -118.359973781725998, 34.186769454133497 ], [ -118.359870945466, 34.18609001155 ], [ -118.357770216670005, 34.172166863136901 ], [ -118.354739298652007, 34.164914061352398 ], [ -118.354770371914995, 34.164913920608903 ], [ -118.354840621009004, 34.164914099447103 ], [ -118.355248914799006, 34.164915043616503 ], [ -118.355406663024993, 34.164915408598098 ], [ -118.355413072974002, 34.164913664218503 ], [ -118.361546215920995, 34.1649118617336 ], [ -118.361525216046005, 34.157664861152497 ], [ -118.370241216601002, 34.157654860492897 ], [ -118.367465216080006, 34.153035859714699 ], [ -118.367474555911997, 34.153035321058901 ], [ -118.370220216893003, 34.152876859913597 ], [ -118.370220216513999, 34.153071859541903 ], [ -118.373133217562994, 34.1529988596617 ], [ -118.374323217064997, 34.153195859779203 ], [ -118.375436217567994, 34.153586859994498 ], [ -118.374853217216, 34.152907859996397 ], [ -118.375550217672, 34.152952860040102 ], [ -118.375579077793006, 34.152960498366198 ], [ -118.376725218298006, 34.153263859890799 ], [ -118.377814432286002, 34.154030212176899 ], [ -118.377953218268999, 34.154127859304801 ], [ -118.378290362173999, 34.154531341606997 ], [ -118.378324218271999, 34.154571859823399 ], [ -118.377686217733995, 34.154450859580301 ], [ -118.379281218765996, 34.1568678597353 ], [ -118.379162218437997, 34.157132860153197 ], [ -118.381491219298994, 34.162482860744802 ], [ -118.383623219807006, 34.167349861152303 ], [ -118.383971851832996, 34.167925276835803 ], [ -118.384252906539004, 34.168389157146201 ], [ -118.384427220307003, 34.168676860622099 ], [ -118.384816067678997, 34.169060947169299 ], [ -118.385947366275005, 34.170178395335 ], [ -118.386224220790993, 34.170451860948603 ], [ -118.388754221059003, 34.172152860872004 ], [ -118.389123221285999, 34.172152860555499 ], [ -118.391349221826005, 34.173629860662402 ], [ -118.392595222012005, 34.174739861095702 ], [ -118.392692495233007, 34.174869103433899 ], [ -118.393806223075998, 34.176348861031798 ], [ -118.395393223132999, 34.179563861799899 ], [ -118.396455223276007, 34.1810408615749 ], [ -118.396455223779995, 34.181396861671097 ], [ -118.399747223698, 34.1842508616716 ], [ -118.400680224799004, 34.185435861659599 ], [ -118.401244224140996, 34.186679861460298 ], [ -118.401519224713994, 34.186679862153397 ], [ -118.403376226568994, 34.199907862783697 ], [ -118.403811226109994, 34.201342863664799 ], [ -118.404606615263006, 34.202980487020497 ], [ -118.404609227009004, 34.2029858631726 ], [ -118.396217224490002, 34.201326863288401 ] ] ] } },
{ "type": "Feature", "properties": { "objectid": 68, "name": "Northridge", "area_sqmi": 9.479678573921742, "source_url": "https://services5.arcgis.com/7nsPwEMP38bSkCjy/arcgis/rest/services/LA_Times_Neighborhoods/FeatureServer/0", "fetched_at": "2025-12-07T08:52:51.283518" }, "geometry": { "type": "Polygon", "coordinates": [ [ [ -118.499090244019001, 34.2216028603262 ], [ -118.498905718421, 34.220738901970499 ], [ -118.498895244232997, 34.220689859806797 ], [ -118.501159170036999, 34.221138468075303 ], [ -118.501434891266001, 34.2211931033263 ], [ -118.501605244504006, 34.221226859622398 ], [ -118.510860246126995, 34.221098859240897 ], [ -118.510996245735001, 34.220903859265 ], [ -118.517466246810002, 34.220813858998099 ], [ -118.517466247211004, 34.221005858744498 ], [ -118.518624242570993, 34.220988556320599 ], [ -118.562295443375007, 34.220336018026302 ], [ -118.562306253990002, 34.220335855998101 ], [ -118.562316925415004, 34.231815870296003 ], [ -118.562319255003004, 34.234321857455903 ], [ -118.564003255497994, 34.234865857820203 ], [ -118.564486256039999, 34.235552857783702 ], [ -118.564685257088996, 34.243769859105399 ], [ -118.564407257084994, 34.244940858794997 ], [ -118.563832256699996, 34.245935859100101 ], [ -118.563786257125003, 34.246990859127401 ], [ -118.563362256443995, 34.247589858753898 ], [ -118.563018257055006, 34.248535858974002 ], [ -118.561992256449997, 34.249519859467703 ], [ -118.561815257082003, 34.250001859833098 ], [ -118.560817256969997, 34.251123859409702 ], [ -118.560499256735, 34.2517008594073 ], [ -118.559777257082999, 34.253766860287399 ], [ -118.560088256502993, 34.255360859822297 ], [ -118.559956256470002, 34.2557628606272 ], [ -118.558544256462, 34.257264860240902 ], [ -118.523731251420003, 34.257270862817499 ], [ -118.523335251183994, 34.257343862170202 ], [ -118.523336250973998, 34.257495862454903 ], [ -118.521219250780007, 34.257638862244399 ], [ -118.502347247833001, 34.257520864025601 ], [ -118.502347262273005, 34.257519294381602 ], [ -118.502416246440006, 34.250263863211998 ], [ -118.491525244710004, 34.250196863524302 ], [ -118.491543244599001, 34.249683863892102 ], [ -118.493061245001002, 34.243928863232703 ], [ -118.495343244517997, 34.241134862320898 ], [ -118.495983245122005, 34.239425861965998 ], [ -118.496309243780999, 34.232125861413401 ], [ -118.497093243937996, 34.227585861096898 ], [ -118.498870244415997, 34.223451859819001 ], [ -118.498899883283997, 34.223202755203999 ], [ -118.499087393910003, 34.221626812525997 ], [ -118.499090244019001, 34.2216028603262 ] ] ] } },
{ "type": "Feature", "properties": { "objectid": 69, "name": "Pacific Palisades", "area_sqmi": 22.782915073409768, "source_url": "https://services5.arcgis.com/7nsPwEMP38bSkCjy/arcgis/rest/services/LA_Times_Neighborhoods/FeatureServer/0", "fetched_at": "2025-12-07T08:52:51.283518" }, "geometry": { "type": "Polygon", "coordinates": [ [ [ -118.557033245922, 34.126530846500302 ], [ -118.556691245338001, 34.126520846341798 ], [ -118.556164245553006, 34.127074846737301 ], [ -118.555859245750995, 34.128183846597899 ], [ -118.554626245760005, 34.128015846292399 ], [ -118.553971241816001, 34.1286042709797 ], [ -118.553898245697994, 34.128669846610599 ], [ -118.553849641206995, 34.128638139365698 ], [ -118.553765260671994, 34.128583092772899 ], [ -118.553665244982, 34.128517846456198 ], [ -118.553634244977999, 34.1282518464918 ], [ -118.554145245517006, 34.127780846434597 ], [ -118.554269245767998, 34.127433846245403 ], [ -118.554770313364003, 34.127060749814703 ], [ -118.554825245559996, 34.127019846171002 ], [ -118.554780235197001, 34.126921462676002 ], [ -118.554662562114999, 34.126664246925102 ], [ -118.554599245435, 34.126525846715097 ], [ -118.553572245124997, 34.126041846922902 ], [ -118.552423245238998, 34.125972846450303 ], [ -118.551598244987005, 34.126318846469204 ], [ -118.550073244860997, 34.126283846701803 ], [ -118.549495244173002, 34.126438846550997 ], [ -118.548098243992996, 34.125825846527597 ], [ -118.546219244183007, 34.126083846595797 ], [ -118.545241243337998, 34.126589846683402 ], [ -118.544422243799005, 34.126552847301703 ], [ -118.539825242833999, 34.128386847268501 ], [ -118.538418242377006, 34.128040847791098 ], [ -118.536820242291995, 34.129218847657498 ], [ -118.536228242478998, 34.129143848078499 ], [ -118.534773241596994, 34.128329848031498 ], [ -118.534149242409995, 34.128222848000597 ], [ -118.532390242190999, 34.128891847592001 ], [ -118.531591241938003, 34.128893847826497 ], [ -118.529736241004997, 34.129371847795802 ], [ -118.528345240766001, 34.128925848587699 ], [ -118.527141240663994, 34.128940848391501 ], [ -118.526459240218998, 34.128626848451603 ], [ -118.527008592046997, 34.128125347172798 ], [ -118.527056241300002, 34.128081848250801 ], [ -118.527053821796997, 34.1280034760142 ], [ -118.527024241066002, 34.127044848197997 ], [ -118.527313241021005, 34.125729847794901 ], [ -118.527331203599999, 34.125686655876301 ], [ -118.527533240509001, 34.125200848213296 ], [ -118.527943240937006, 34.124918847892403 ], [ -118.527945719959007, 34.1248771046752 ], [ -118.528009240990002, 34.123807847877899 ], [ -118.528168240642003, 34.123444847702103 ], [ -118.528018240793003, 34.123062848032902 ], [ -118.528621240502005, 34.122381847671797 ], [ -118.528700240256995, 34.1217448474614 ], [ -118.527630240069996, 34.120361847232203 ], [ -118.527488239849006, 34.1190228467932 ], [ -118.527069240196994, 34.118745846796898 ], [ -118.526373239576003, 34.118591846831698 ], [ -118.526891239796001, 34.118018846853197 ], [ -118.526479239327003, 34.117244847445399 ], [ -118.526473239853004, 34.116644846931401 ], [ -118.526279240047998, 34.116267846657401 ], [ -118.526326239252995, 34.115712846612197 ], [ -118.525928239863006, 34.114858846557702 ], [ -118.526119239139007, 34.113617847015902 ], [ -118.525951239151993, 34.113055846699297 ], [ -118.526189238867005, 34.1122588465986 ], [ -118.525917238763, 34.111536846258701 ], [ -118.526030239224994, 34.111093846178399 ], [ -118.525709239484002, 34.110527846013703 ], [ -118.525899238598996, 34.1093308465381 ], [ -118.525229238351997, 34.108394846280802 ], [ -118.525296238769002, 34.107594846139001 ], [ -118.525797238834002, 34.106704846166402 ], [ -118.525862239096995, 34.1063068455245 ], [ -118.525661238598005, 34.105884845659098 ], [ -118.525331239029995, 34.105632845684298 ], [ -118.525252239042004, 34.105006845802201 ], [ -118.524216238307005, 34.103517845580498 ], [ -118.523989237897993, 34.102751845575597 ], [ -118.523969238006998, 34.101875845903201 ], [ -118.523717237992003, 34.101562845879499 ], [ -118.523713238325001, 34.100618845720398 ], [ -118.523360238216995, 34.099921845650599 ], [ -118.523453237542, 34.098968845401103 ], [ -118.522945237767999, 34.098208845143397 ], [ -118.522954237098006, 34.0973788455277 ], [ -118.522257236876996, 34.095255844976997 ], [ -118.522300236716006, 34.094511844408601 ], [ -118.522010236978005, 34.093837845230603 ], [ -118.522739237427999, 34.092669844591498 ], [ -118.522548236904001, 34.091813844416102 ], [ -118.521639236412, 34.090672844313602 ], [ -118.521288236437996, 34.0897088441235 ], [ -118.521302236593996, 34.0891628439079 ], [ -118.519587235865998, 34.086810843714701 ], [ -118.518696235421004, 34.084432843557302 ], [ -118.518026235250005, 34.0832028436595 ], [ -118.518093235262, 34.082884843540697 ], [ -118.519051235237001, 34.083304843840097 ], [ -118.519226236281995, 34.083243843655197 ], [ -118.518649235593998, 34.082909843862701 ], [ -118.518429235935997, 34.082392844129402 ], [ -118.518568235374005, 34.081959843462698 ], [ -118.518662235120999, 34.082339844040703 ], [ -118.518885236160997, 34.082488844148699 ], [ -118.519751235935004, 34.082530843904301 ], [ -118.519707235332007, 34.082366843732601 ], [ -118.519118235787005, 34.082264843474597 ], [ -118.519166235642004, 34.081693843938602 ], [ -118.518447235826997, 34.081070843461397 ], [ -118.518614235811995, 34.080719843902202 ], [ -118.518767235663006, 34.081066843512602 ], [ -118.519655235326994, 34.081276843449302 ], [ -118.520087235361004, 34.081585843654302 ], [ -118.520876235974001, 34.081598843270903 ], [ -118.519613235595997, 34.080665843645399 ], [ -118.519151235679004, 34.079945843015302 ], [ -118.518834235192003, 34.0789728434696 ], [ -118.519112235516999, 34.078198843287403 ], [ -118.518201234862005, 34.077377843508103 ], [ -118.517831235475001, 34.0767308431532 ], [ -118.517930234759007, 34.076003843069302 ], [ -118.517766234909999, 34.075624842622801 ], [ -118.517521234769006, 34.0754278430678 ], [ -118.516617234939005, 34.075323843412399 ], [ -118.516247234538994, 34.075041843111499 ], [ -118.516056234019004, 34.074475842941197 ], [ -118.516109234821002, 34.074085842840397 ], [ -118.516677234509999, 34.073469842640598 ], [ -118.516836234745995, 34.073003842413499 ], [ -118.516229234820003, 34.071448842847097 ], [ -118.514341233620002, 34.069616842404102 ], [ -118.512980233823995, 34.0685288425191 ], [ -118.512697233083998, 34.067690842248098 ], [ -118.509547233169997, 34.066097842372898 ], [ -118.507118232181, 34.064486842407298 ], [ -118.506636232535996, 34.063892842275997 ], [ -118.506366232250002, 34.063226842723601 ], [ -118.506358232007003, 34.062281842279504 ], [ -118.507067232175999, 34.060972842085903 ], [ -118.507319231555002, 34.060105841904203 ], [ -118.506364231524998, 34.059689841573302 ], [ -118.506318231595998, 34.059140842060799 ], [ -118.506593231325994, 34.058432841644098 ], [ -118.506383231955994, 34.056119841358303 ], [ -118.507620231784003, 34.053899841049699 ], [ -118.507918231006002, 34.052800840942098 ], [ -118.509714231838004, 34.051777840662602 ], [ -118.510310231204997, 34.051104840945897 ], [ -118.509893231654004, 34.050916841079903 ], [ -118.509839510469007, 34.050859654297199 ], [ -118.509773801920005, 34.050789706326299 ], [ -118.509490231894006, 34.050487840853002 ], [ -118.509314136067999, 34.050059086978997 ], [ -118.509192021003997, 34.049761763281303 ], [ -118.509168231765997, 34.049703840552098 ], [ -118.509316231401996, 34.048770840507501 ], [ -118.510179230911007, 34.047456840675203 ], [ -118.510174768767001, 34.047409417853899 ], [ -118.510116318190995, 34.046788269301302 ], [ -118.510112231373995, 34.046744840513597 ], [ -118.510002736992007, 34.046648161316 ], [ -118.509778765128004, 34.046450403420302 ], [ -118.509625231339001, 34.046314840716903 ], [ -118.509312231593995, 34.046247839990698 ], [ -118.509184770488005, 34.0462764992252 ], [ -118.508579491828002, 34.0464125940332 ], [ -118.508338230785995, 34.046466840365397 ], [ -118.508293508053995, 34.046526771789097 ], [ -118.504662231097001, 34.051392840769999 ], [ -118.503973230704005, 34.052102840913598 ], [ -118.503888848955, 34.052148526005197 ], [ -118.502560231016005, 34.052867841271997 ], [ -118.501817230767003, 34.0529568413479 ], [ -118.500448230491003, 34.052825841884598 ], [ -118.499912230209006, 34.052992841526603 ], [ -118.499396230185994, 34.053465841925899 ], [ -118.498708230147002, 34.054609841715198 ], [ -118.496389229781002, 34.056084842225502 ], [ -118.496076229409994, 34.056631842223197 ], [ -118.495551229895995, 34.059871842691798 ], [ -118.495520051922995, 34.059912996934798 ], [ -118.495391124340003, 34.060083181891301 ], [ -118.495201229437995, 34.060333842826097 ], [ -118.495072260819001, 34.0603702798455 ], [ -118.494644738665997, 34.060491064430401 ], [ -118.494440229695002, 34.060548843031299 ], [ -118.494366423157999, 34.060520546561399 ], [ -118.494060468900003, 34.0604032507322 ], [ -118.493694229292004, 34.060262842618101 ], [ -118.493619069725995, 34.060133473427001 ], [ -118.493519780583995, 34.059962571548397 ], [ -118.493407229818999, 34.059768842723699 ], [ -118.493350229699004, 34.058722842853797 ], [ -118.492670229414998, 34.058188842761801 ], [ -118.493078229736, 34.0575098428343 ], [ -118.493176228772001, 34.0568938425059 ], [ -118.493123228797998, 34.056120841917398 ], [ -118.492613228631001, 34.055135842521899 ], [ -118.492460229290998, 34.054455842087002 ], [ -118.492525228458007, 34.053508841952301 ], [ -118.493055123570997, 34.051851077748204 ], [ -118.493280229202995, 34.051146841481902 ], [ -118.493809228637005, 34.050120841349496 ], [ -118.493834375307003, 34.050137480981 ], [ -118.493948195998996, 34.0502127960563 ], [ -118.493983130640999, 34.050242658147802 ], [ -118.494122420097, 34.050361759357202 ], [ -118.494134198526993, 34.050371823714997 ], [ -118.494426682207006, 34.050621921295203 ], [ -118.494550774562001, 34.050491746723601 ], [ -118.494522476182993, 34.050467649099801 ], [ -118.494653228698994, 34.050166841866698 ], [ -118.494867229055004, 34.050349841911697 ], [ -118.494867376244997, 34.050349640265502 ], [ -118.494867441558995, 34.050349695893203 ], [ -118.494867551360002, 34.050349398837099 ], [ -118.495199507319995, 34.049893714168498 ], [ -118.495223657609998, 34.049866227303198 ], [ -118.495345537576, 34.0497266290905 ], [ -118.495401447969996, 34.049624149978499 ], [ -118.495416292399995, 34.049596126970897 ], [ -118.495417229229005, 34.049594841140198 ], [ -118.495487681187996, 34.049521870978701 ], [ -118.497317347611002, 34.047636142674897 ], [ -118.497711021943999, 34.047230380987997 ], [ -118.498295745240995, 34.0466278642376 ], [ -118.499204036859993, 34.045691482260096 ], [ -118.499500511459004, 34.0453858879279 ], [ -118.500047119081003, 34.044822457743699 ], [ -118.500097017469002, 34.0447705614055 ], [ -118.500107394219, 34.044759754964801 ], [ -118.500326102597, 34.0445323041289 ], [ -118.500575285466994, 34.044273144781101 ], [ -118.500816460139006, 34.044022307774298 ], [ -118.501057674264999, 34.043771427746996 ], [ -118.501298599578007, 34.0435208468433 ], [ -118.501539530996993, 34.043270260021302 ], [ -118.501780915140003, 34.043019196625501 ], [ -118.502021591814994, 34.042768869537603 ], [ -118.502032250591995, 34.042757859813598 ], [ -118.502052888937001, 34.042736534666197 ], [ -118.502324417889, 34.042454762858 ], [ -118.502533876022, 34.042237165133798 ], [ -118.502545980917006, 34.042224611321302 ], [ -118.502737232113006, 34.042025967226998 ], [ -118.503151422654994, 34.041596229546201 ], [ -118.503566364538997, 34.041165718290898 ], [ -118.503982645717997, 34.040733881962403 ], [ -118.503993852913993, 34.040744247949398 ], [ -118.504066656687002, 34.040811578336601 ], [ -118.504592230116003, 34.0412978401191 ], [ -118.504592396535998, 34.041297780823598 ], [ -118.504592550089995, 34.041297922624999 ], [ -118.504593503147007, 34.041297391242303 ], [ -118.506610229946006, 34.040586840245503 ], [ -118.506610567818001, 34.040586659421699 ], [ -118.506612053761003, 34.040586142916503 ], [ -118.506646542018004, 34.040567412996602 ], [ -118.507559948286996, 34.040078735884798 ], [ -118.507563339171995, 34.040081261264099 ], [ -118.507566996023002, 34.040074965776299 ], [ -118.507567230258005, 34.040074839477803 ], [ -118.507585098023995, 34.040043793821397 ], [ -118.507599686801001, 34.040018673333599 ], [ -118.507606884739999, 34.040006281180702 ], [ -118.507610196170006, 34.0400005289682 ], [ -118.507797969109006, 34.039674273278003 ], [ -118.507828085759996, 34.039621964678297 ], [ -118.507857131622004, 34.039571130082301 ], [ -118.507921774313999, 34.039458811388002 ], [ -118.508097012186994, 34.039155067984701 ], [ -118.508103689717998, 34.039143493884097 ], [ -118.508108472554994, 34.039135204848101 ], [ -118.508320648847004, 34.0392057839342 ], [ -118.508335364879002, 34.039210228769498 ], [ -118.508357795758997, 34.039159050467902 ], [ -118.508356733406998, 34.039158696128403 ], [ -118.508358230902999, 34.039158839478901 ], [ -118.508128230573007, 34.039081839887402 ], [ -118.508275230419002, 34.0383548391708 ], [ -118.508275182201004, 34.038354567109202 ], [ -118.508229230132997, 34.038095839661302 ], [ -118.508097229708994, 34.038103839212802 ], [ -118.507966553293997, 34.037501477261003 ], [ -118.507953954168002, 34.037442712111798 ], [ -118.507950999746001, 34.037429117625102 ], [ -118.507924717834001, 34.037308243568802 ], [ -118.507911552650995, 34.037247735419299 ], [ -118.507895247096997, 34.037172786117203 ], [ -118.507700229758001, 34.036273839687503 ], [ -118.508714459372001, 34.033970859413799 ], [ -118.508715965486005, 34.0339681601737 ], [ -118.508716652147996, 34.033966932991703 ], [ -118.508740669229994, 34.033818554928501 ], [ -118.508752121303004, 34.033747776504903 ], [ -118.508777569624002, 34.033590461768902 ], [ -118.508814407271998, 34.033362945848701 ], [ -118.508813955568002, 34.0333620308881 ], [ -118.508705525642995, 34.033042578836401 ], [ -118.508737247878997, 34.03303488217 ], [ -118.508821298092997, 34.033014319101397 ], [ -118.508869447291005, 34.033002520589498 ], [ -118.509067845727003, 34.032953870244903 ], [ -118.509496972511002, 34.032848684328997 ], [ -118.509510477038006, 34.0328332398878 ], [ -118.509542856874006, 34.032800897593297 ], [ -118.509554502506006, 34.032789251959699 ], [ -118.509661056127001, 34.032682788543198 ], [ -118.509696060972999, 34.032647825173498 ], [ -118.509771907436004, 34.032572075066398 ], [ -118.509781475731003, 34.032560549071199 ], [ -118.509931643921007, 34.032412486394897 ], [ -118.510094486859998, 34.0322497587538 ], [ -118.510094668747996, 34.032249575874602 ], [ -118.510272588339006, 34.032071877360799 ], [ -118.510326257524, 34.032018230782697 ], [ -118.510361982948993, 34.0319825501549 ], [ -118.510453772226001, 34.031890848925201 ], [ -118.510464405834995, 34.031880204583302 ], [ -118.510474993149998, 34.0318696046116 ], [ -118.510496788056003, 34.031847841286002 ], [ -118.510569830169004, 34.031750001327701 ], [ -118.510765621499999, 34.031487737063699 ], [ -118.510775437679996, 34.031478723428599 ], [ -118.510830955737006, 34.0314277508785 ], [ -118.510920469301993, 34.031365744764898 ], [ -118.511032312911993, 34.031320204420098 ], [ -118.511095619561999, 34.031289265213204 ], [ -118.511121229175004, 34.031276749830099 ], [ -118.511153675106002, 34.031260392893699 ], [ -118.511181168025999, 34.031246148488101 ], [ -118.511238708845994, 34.0312163380027 ], [ -118.511333375205993, 34.031157891572299 ], [ -118.511405334201996, 34.031095703408297 ], [ -118.511470660374997, 34.031015210524998 ], [ -118.511521824930995, 34.030922111900303 ], [ -118.511570616257004, 34.030849636075502 ], [ -118.511657942686, 34.0307857256159 ], [ -118.511733608791005, 34.030744972740301 ], [ -118.511744003350998, 34.030739378812903 ], [ -118.511848449168994, 34.030688402138402 ], [ -118.511943112902998, 34.030630047195302 ], [ -118.512006242889996, 34.030585593300799 ], [ -118.512018928849002, 34.030576663858199 ], [ -118.512250391646006, 34.030382614921898 ], [ -118.512274887220002, 34.030362066808003 ], [ -118.512285296250994, 34.030353366973699 ], [ -118.512308576966007, 34.030333895035 ], [ -118.512424751419999, 34.030236456910799 ], [ -118.512520041352005, 34.030156555702 ], [ -118.512540958082994, 34.030139017636003 ], [ -118.512657196964, 34.0300415790133 ], [ -118.512729698588998, 34.029980789642998 ], [ -118.512768658265998, 34.029940092830202 ], [ -118.512872256692006, 34.029831853167899 ], [ -118.512932729406003, 34.029768668901902 ], [ -118.512975887327002, 34.029723612377801 ], [ -118.513079483967999, 34.0296153454982 ], [ -118.513183114238998, 34.0295071324785 ], [ -118.513234929475999, 34.029452970489999 ], [ -118.513241252729003, 34.029446373199598 ], [ -118.513286043228007, 34.029398319221897 ], [ -118.513367742419007, 34.029310709272799 ], [ -118.513387142919001, 34.029287891789103 ], [ -118.513484044150999, 34.029173913840701 ], [ -118.513524983259998, 34.029125758053098 ], [ -118.513580943963007, 34.029059924100203 ], [ -118.513678001255997, 34.028946054417503 ], [ -118.513757456099, 34.028852637029097 ], [ -118.513766213485994, 34.028842346569597 ], [ -118.513776421963001, 34.028829607667703 ], [ -118.513802252673997, 34.028797383150298 ], [ -118.513877880058999, 34.028746553498799 ], [ -118.513895873552997, 34.028734464815301 ], [ -118.514069414819005, 34.0286138493735 ], [ -118.514146925787003, 34.028542546618702 ], [ -118.514490239500006, 34.028180529230802 ], [ -118.514614528246, 34.028051377966896 ], [ -118.514696891132004, 34.027983740563897 ], [ -118.514793978610996, 34.027927156281599 ], [ -118.514869335344002, 34.0278381902977 ], [ -118.514900376087994, 34.0277893027353 ], [ -118.514999699632995, 34.027551376996499 ], [ -118.515000230135001, 34.027550838318298 ], [ -118.515254216995999, 34.0269434792731 ], [ -118.515254391585998, 34.026943346001801 ], [ -118.515893549569, 34.026426430482701 ], [ -118.516090914046998, 34.026266841401203 ], [ -118.516174527483003, 34.026198618850799 ], [ -118.516751109460003, 34.025732005269397 ], [ -118.519547231241006, 34.0275328379266 ], [ -118.530027233848003, 34.033413838083099 ], [ -118.535638234597997, 34.035117837267499 ], [ -118.543127236342002, 34.038513837160799 ], [ -118.544811545526997, 34.038461965297898 ], [ -118.545069991315998, 34.0385585798835 ], [ -118.545112321325007, 34.038574403739702 ], [ -118.545282321974, 34.038644403400802 ], [ -118.545562321717995, 34.038734404166902 ], [ -118.546112322216999, 34.038844403832201 ], [ -118.546339050851998, 34.038876086005402 ], [ -118.546372322188006, 34.038884403618802 ], [ -118.546442322377004, 34.038884404181204 ], [ -118.546602322438005, 34.038914403546499 ], [ -118.546822322235002, 34.038924403485503 ], [ -118.547072322524997, 34.038954403897399 ], [ -118.547512322155995, 34.039014403900197 ], [ -118.547772321775, 34.039044403500903 ], [ -118.548002322534003, 34.039044403818501 ], [ -118.548062321884004, 34.039044403754701 ], [ -118.548322322866994, 34.039054403300803 ], [ -118.548462321941003, 34.039064403817697 ], [ -118.548732322202, 34.0391344041441 ], [ -118.549212322564003, 34.039194403686402 ], [ -118.549628837775998, 34.039239841961901 ], [ -118.549762323053997, 34.039254403569203 ], [ -118.549952322237999, 34.039264403682203 ], [ -118.550122322264002, 34.039254403792803 ], [ -118.550312322379, 34.039234403681199 ], [ -118.550582323057995, 34.039204403735198 ], [ -118.550762322444001, 34.039164403670398 ], [ -118.550821665431997, 34.039149567679701 ], [ -118.550962322763993, 34.039114403242102 ], [ -118.551172322940999, 34.0390544038288 ], [ -118.551332323200995, 34.039004403263 ], [ -118.551472322883001, 34.038994403222503 ], [ -118.551552323360994, 34.038974403158598 ], [ -118.551882322606005, 34.038894403556398 ], [ -118.552032323267994, 34.038854403475298 ], [ -118.552195967455006, 34.0387971277015 ], [ -118.552232323322002, 34.0387844038721 ], [ -118.552372322584006, 34.038764403803903 ], [ -118.552522322753006, 34.038734403901699 ], [ -118.552722323184994, 34.038674403367999 ], [ -118.552952327114994, 34.038574403493101 ], [ -118.553122322872994, 34.038474403123601 ], [ -118.553232322751995, 34.038404403016898 ], [ -118.553352326785003, 34.038364401695802 ], [ -118.553412324071999, 34.0382944042871 ], [ -118.553475807243004, 34.038252080780403 ], [ -118.553565370369995, 34.038192369568797 ], [ -118.556245238610998, 34.038109836853799 ], [ -118.557855395646996, 34.038581568940501 ], [ -118.557862323679004, 34.038584402928599 ], [ -118.557962323959003, 34.038614403011501 ], [ -118.558072323892006, 34.038674403339499 ], [ -118.558832323955002, 34.038934403126802 ], [ -118.559049754764004, 34.039020302409803 ], [ -118.559642324606997, 34.039254402856699 ], [ -118.559872324346003, 34.039374402690299 ], [ -118.560062324498006, 34.0394644031471 ], [ -118.560275067552993, 34.039505315263497 ], [ -118.560322324420994, 34.039514403478201 ], [ -118.560542324029001, 34.039614402691797 ], [ -118.560762324435998, 34.039694403525701 ], [ -118.561002325025996, 34.039794402775797 ], [ -118.561182324347996, 34.039854403197999 ], [ -118.561572324815998, 34.0399944032295 ], [ -118.561721340719004, 34.040039108063603 ], [ -118.561772325020996, 34.040054403512201 ], [ -118.562502324364999, 34.040334403391803 ], [ -118.562692329247994, 34.0403944036456 ], [ -118.562712322085005, 34.0404244012052 ], [ -118.562792324895995, 34.040434403269003 ], [ -118.562852325291004, 34.040434403067898 ], [ -118.563097753229002, 34.040522056025701 ], [ -118.563132325428995, 34.040534402770597 ], [ -118.563399492591003, 34.040629820574701 ], [ -118.563552325282998, 34.040684403369603 ], [ -118.563612325201007, 34.040704403480902 ], [ -118.563846713627001, 34.040782533892298 ], [ -118.564335951730001, 34.040945612547098 ], [ -118.564482325621995, 34.040994403107597 ], [ -118.564799433190004, 34.041064872206398 ], [ -118.565260879698997, 34.041167415131099 ], [ -118.565292325485004, 34.041174402711803 ], [ -118.565452325595999, 34.0411944034038 ], [ -118.565622325670006, 34.041184403336601 ], [ -118.565722656654003, 34.041179625737797 ], [ -118.565832325244003, 34.0411744031125 ], [ -118.566022325961001, 34.041194403098601 ], [ -118.566177847670005, 34.041219286736698 ], [ -118.566272325547999, 34.041234403388998 ], [ -118.566522325932993, 34.041284403054 ], [ -118.566619474164995, 34.041308097692202 ], [ -118.566932325978996, 34.0413844033286 ], [ -118.567027721071, 34.0414082519207 ], [ -118.567075257563005, 34.041420139080202 ], [ -118.569595531399997, 34.046140874065401 ], [ -118.569623555757005, 34.046193968882903 ], [ -118.569720255923997, 34.046374846948702 ], [ -118.569751792044997, 34.046433566114601 ], [ -118.570119241501999, 34.0471218365903 ], [ -118.570126584457995, 34.047688625488902 ], [ -118.570128660763999, 34.047848856600503 ], [ -118.570131325111007, 34.048132419442901 ], [ -118.570131364763, 34.048136649289098 ], [ -118.570133902294003, 34.0482534617827 ], [ -118.570141235145002, 34.048819374462099 ], [ -118.570142449147994, 34.048915517251103 ], [ -118.570144099575003, 34.049051228448597 ], [ -118.570144528613994, 34.049075408476199 ], [ -118.570144639730998, 34.049082178529801 ], [ -118.570158702521994, 34.0501675909196 ], [ -118.570159359342, 34.050219950265301 ], [ -118.570160984040001, 34.050346950896397 ], [ -118.570160998084006, 34.050349011754697 ], [ -118.570203533110998, 34.053630496241396 ], [ -118.570310236409995, 34.061873957404103 ], [ -118.570312756443997, 34.062064375572298 ], [ -118.570338621326997, 34.064061486994603 ], [ -118.570347702158998, 34.064763890763899 ], [ -118.570360221879, 34.065728347679801 ], [ -118.570407015230003, 34.069351297055 ], [ -118.571415026912007, 34.069526025166198 ], [ -118.571736958228996, 34.069581804692703 ], [ -118.571809623692005, 34.069594394241598 ], [ -118.571813689886994, 34.069595089915097 ], [ -118.572061900161003, 34.0696381560088 ], [ -118.573798387666002, 34.069939086200598 ], [ -118.574778345230001, 34.070108918725197 ], [ -118.576319665268002, 34.070376035540797 ], [ -118.577591454518, 34.070596360647599 ], [ -118.578360437038, 34.070729576713902 ], [ -118.578737556281993, 34.0707949073945 ], [ -118.580149568823998, 34.071039594786797 ], [ -118.587772658277999, 34.072360010418301 ], [ -118.587856341524997, 34.072374502089403 ], [ -118.588198867068996, 34.072433943039101 ], [ -118.588358059602001, 34.0724613571956 ], [ -118.588358084773006, 34.072461393134702 ], [ -118.590806580299002, 34.072885507786403 ], [ -118.590809886610003, 34.072886096550498 ], [ -118.591626189714006, 34.073027438071001 ], [ -118.596274182548996, 34.073832141888097 ], [ -118.599216236865004, 34.074341836358798 ], [ -118.599202282896002, 34.074364406321003 ], [ -118.599200553735002, 34.074367272793999 ], [ -118.599186196307997, 34.074390539846299 ], [ -118.599094441803999, 34.074539231369101 ], [ -118.599055582093996, 34.074601839806597 ], [ -118.599006081978999, 34.074682421893897 ], [ -118.564764246682003, 34.130172846234302 ], [ -118.565826246962999, 34.130577845911702 ], [ -118.566041247377001, 34.130870846362001 ], [ -118.564881247591003, 34.131290846223102 ], [ -118.564410264703994, 34.131667437780997 ], [ -118.564397247204994, 34.1316778464872 ], [ -118.564206952747995, 34.131362859952901 ], [ -118.563988247054994, 34.131000846824897 ], [ -118.563944905343007, 34.130970291065204 ], [ -118.563878181544993, 34.130923254155299 ], [ -118.563666247106994, 34.130773846156998 ], [ -118.562826336026006, 34.130582655906601 ], [ -118.562534709465993, 34.130516272342497 ], [ -118.562146247214002, 34.1304278467492 ], [ -118.561388246838007, 34.130395205064602 ], [ -118.561101246451997, 34.130382846828802 ], [ -118.561059859712003, 34.130360527388703 ], [ -118.560541246173997, 34.130080846749699 ], [ -118.560060245938004, 34.130025846393202 ], [ -118.560053367467006, 34.130005015637103 ], [ -118.559849246826005, 34.129386846723598 ], [ -118.559444007018996, 34.128884821314699 ], [ -118.559334246288998, 34.128748846367998 ], [ -118.559296765518994, 34.128720330877897 ], [ -118.558017245743002, 34.127746846360303 ], [ -118.557849246323002, 34.127125846075501 ], [ -118.557784894546003, 34.127045183536502 ], [ -118.557693102946004, 34.1269301238613 ], [ -118.557490245997002, 34.126675846188398 ], [ -118.557275802915001, 34.126607806596802 ], [ -118.557134013614004, 34.126562818699099 ], [ -118.557033245922, 34.126530846500302 ] ] ] } },
{ "type": "Feature", "properties": { "objectid": 70, "name": "Pacoima", "area_sqmi": 7.1529560132278762, "source_url": "https://services5.arcgis.com/7nsPwEMP38bSkCjy/arcgis/rest/services/LA_Times_Neighborhoods/FeatureServer/0", "fetched_at": "2025-12-07T08:52:51.283518" }, "geometry": { "type": "Polygon", "coordinates": [ [ [ -118.411309234800001, 34.289807872854198 ], [ -118.409151234312006, 34.2877678724888 ], [ -118.409006295953006, 34.288628509019503 ], [ -118.408628375600998, 34.288267058426101 ], [ -118.407593234448001, 34.287275872484997 ], [ -118.407817234267, 34.2870968726969 ], [ -118.408415234694999, 34.287071872720603 ], [ -118.394878230575998, 34.274288871799598 ], [ -118.393904356077002, 34.273609339562299 ], [ -118.393806230777997, 34.2735408714587 ], [ -118.397187230946003, 34.271074871532498 ], [ -118.398256231370993, 34.270067871431202 ], [ -118.401216231380005, 34.266505870805098 ], [ -118.401650231635998, 34.265722870867897 ], [ -118.401924231574995, 34.264662870377599 ], [ -118.396778230270002, 34.259787869923599 ], [ -118.396013229597997, 34.258739869982499 ], [ -118.395609229260003, 34.259034870302997 ], [ -118.395137229230997, 34.259004869719 ], [ -118.393681228969001, 34.2582418703592 ], [ -118.390552228195006, 34.257473870437401 ], [ -118.390910228777003, 34.257211870457098 ], [ -118.387660854657, 34.256724068664603 ], [ -118.387626228461997, 34.256718870390003 ], [ -118.390120228689995, 34.2525088692663 ], [ -118.389641227818004, 34.252858869718303 ], [ -118.390062228196996, 34.252209869291299 ], [ -118.390215228426996, 34.252353870079403 ], [ -118.392076228213995, 34.249679869454603 ], [ -118.396737228895006, 34.245437868555499 ], [ -118.398707229449997, 34.243959868626099 ], [ -118.398587229015007, 34.243846868438702 ], [ -118.400088228697996, 34.242464867795 ], [ -118.401366229065999, 34.240713867383597 ], [ -118.401503229493997, 34.240842867518197 ], [ -118.403544229014997, 34.238128867751399 ], [ -118.407219229405996, 34.235240866716403 ], [ -118.410145229475006, 34.233222866623201 ], [ -118.410898230124005, 34.234151866433898 ], [ -118.412008230883998, 34.2351098663665 ], [ -118.411908230348999, 34.235203866665202 ], [ -118.414529231291993, 34.237415866561101 ], [ -118.434926236357995, 34.256745867208302 ], [ -118.435155236534001, 34.256578867189901 ], [ -118.439715236995994, 34.260881867323803 ], [ -118.441048238094993, 34.262837867723299 ], [ -118.441338237303, 34.262626867685697 ], [ -118.442192237943999, 34.263990867931703 ], [ -118.442401238350001, 34.263937868312802 ], [ -118.442545891183997, 34.264122279574899 ], [ -118.442572238474, 34.264155867469903 ], [ -118.442176237968994, 34.264661868001802 ], [ -118.443888238946997, 34.266957868248198 ], [ -118.443603238433994, 34.266994867997099 ], [ -118.447129239288003, 34.270357868082002 ], [ -118.449418240181004, 34.273288868448901 ], [ -118.449591239450996, 34.273163868778497 ], [ -118.450303240633005, 34.274079868915599 ], [ -118.447062059456002, 34.276445541141499 ], [ -118.447036298769007, 34.276421153152498 ], [ -118.446949296691002, 34.276338817612903 ], [ -118.446850848631996, 34.276245615628604 ], [ -118.446559037653998, 34.275969896227203 ], [ -118.446268392, 34.275695243763302 ], [ -118.446137343543995, 34.275571576637198 ], [ -118.445754541804007, 34.2752097951428 ], [ -118.445645451583005, 34.275106656735197 ], [ -118.445536331374001, 34.275003546288097 ], [ -118.445427241687995, 34.274900406782002 ], [ -118.445045312627997, 34.274539418616598 ], [ -118.444979006121997, 34.274476268788597 ], [ -118.444694962903995, 34.274208760057 ], [ -118.444585605637997, 34.274104741780803 ], [ -118.444477213319999, 34.274001598864999 ], [ -118.444040298670998, 34.273588214500997 ], [ -118.443930948737005, 34.273485267541197 ], [ -118.443882558783002, 34.273443659514903 ], [ -118.443882064575007, 34.2734432348987 ], [ -118.443746239464005, 34.273314868568796 ], [ -118.435598483318998, 34.279376687804003 ], [ -118.435071096119003, 34.278878544551503 ], [ -118.434124735194999, 34.277984641575699 ], [ -118.434120344560995, 34.2779805084364 ], [ -118.434116882576006, 34.277977226626199 ], [ -118.434007073694005, 34.277873525908198 ], [ -118.434004499666997, 34.277874964072701 ], [ -118.433726942057007, 34.2777488966357 ], [ -118.433726577456994, 34.2777491647971 ], [ -118.433726238169001, 34.277748870307697 ], [ -118.433707567246998, 34.277763113877697 ], [ -118.433064160125994, 34.278232479465998 ], [ -118.432930738964998, 34.278332123095403 ], [ -118.432799790857004, 34.278434994260401 ], [ -118.432671392586002, 34.278541031389999 ], [ -118.432551290652995, 34.278645251897203 ], [ -118.432545237081001, 34.278649870466197 ], [ -118.432537657645, 34.278657218934697 ], [ -118.432513131004001, 34.278678920928201 ], [ -118.432434091542007, 34.278751171234397 ], [ -118.430621170772994, 34.280447937131903 ], [ -118.430616654990004, 34.280452164276397 ], [ -118.430654467546006, 34.280482877743601 ], [ -118.430581237449005, 34.280553870155998 ], [ -118.417931415991006, 34.289780168581402 ], [ -118.417533073583996, 34.290070461084802 ], [ -118.417458225814997, 34.290124888004101 ], [ -118.417378826055, 34.290182859183403 ], [ -118.417135084905993, 34.2903605806573 ], [ -118.417135325000999, 34.290360807017898 ], [ -118.417135236259, 34.290360872234302 ], [ -118.417147147684005, 34.290371986833399 ], [ -118.417353468285, 34.290567074650397 ], [ -118.417389548822001, 34.290598163342999 ], [ -118.418644236470996, 34.2917688725217 ], [ -118.418098032176999, 34.2921682554691 ], [ -118.417405825458999, 34.292674307896498 ], [ -118.417163728765004, 34.292851281759198 ], [ -118.417110558822003, 34.292890160689304 ], [ -118.417076773453999, 34.292914864678799 ], [ -118.416996150239001, 34.292973782814897 ], [ -118.416921631183996, 34.293028283084404 ], [ -118.416834678650005, 34.293091843280699 ], [ -118.415803626038993, 34.293845529898498 ], [ -118.415803858500993, 34.293845749075501 ], [ -118.415682868168005, 34.293934216673399 ], [ -118.415679235964006, 34.293936872448 ], [ -118.411309234800001, 34.289807872854198 ] ] ] } },
{ "type": "Feature", "properties": { "objectid": 71, "name": "Palms", "area_sqmi": 1.9300415179873283, "source_url": "https://services5.arcgis.com/7nsPwEMP38bSkCjy/arcgis/rest/services/LA_Times_Neighborhoods/FeatureServer/0", "fetched_at": "2025-12-07T08:52:51.283518" }, "geometry": { "type": "Polygon", "coordinates": [ [ [ -118.388352209492993, 34.029489845087099 ], [ -118.387775493228006, 34.029071228361701 ], [ -118.387775610930007, 34.029071158565699 ], [ -118.387886245447007, 34.029005498817703 ], [ -118.387919316424998, 34.028985867159101 ], [ -118.388166424678005, 34.028844240837799 ], [ -118.388998479275998, 34.028367113881302 ], [ -118.389037584348998, 34.028344027632002 ], [ -118.389037813713998, 34.028343987225497 ], [ -118.389204664315997, 34.028248839868397 ], [ -118.389412495090994, 34.028129736192902 ], [ -118.389449595505994, 34.028108471963399 ], [ -118.389827892263995, 34.027891638605801 ], [ -118.389846941683999, 34.027879992394801 ], [ -118.390133660930005, 34.027715697596101 ], [ -118.390183610508004, 34.027687716666698 ], [ -118.390186770273999, 34.027685899782298 ], [ -118.390243252043007, 34.027653457666197 ], [ -118.390346456833996, 34.027594260224198 ], [ -118.390346836960006, 34.0275940426272 ], [ -118.390366535287995, 34.027582726901599 ], [ -118.390414807555004, 34.027554995615297 ], [ -118.390442740154, 34.027538974292099 ], [ -118.390450750826005, 34.027534380316801 ], [ -118.390512763014996, 34.027498869400098 ], [ -118.390516913011993, 34.027496480436596 ], [ -118.390534223564003, 34.027486516593001 ], [ -118.390561184009002, 34.027471241250197 ], [ -118.391028247343002, 34.0272032830797 ], [ -118.391486122803002, 34.026940716110801 ], [ -118.392634210398995, 34.026282844321202 ], [ -118.392634464102002, 34.026282223241402 ], [ -118.392646461352996, 34.026275334374297 ], [ -118.392900550251994, 34.026130658197403 ], [ -118.393458459775005, 34.0253760151408 ], [ -118.393948868536995, 34.025710611906703 ], [ -118.393949470978001, 34.025711392471401 ], [ -118.394171240817997, 34.025585312218801 ], [ -118.394209210648995, 34.025563844444498 ], [ -118.394096210667001, 34.0253148448394 ], [ -118.394300918203001, 34.025200014380601 ], [ -118.394333623291999, 34.025242395004199 ], [ -118.394606450492006, 34.025087319743797 ], [ -118.394713851757999, 34.0250105592037 ], [ -118.394821165299007, 34.024933835817599 ], [ -118.395148759673006, 34.024747639587503 ], [ -118.395230583480995, 34.024701179887302 ], [ -118.395558175988995, 34.024515202522799 ], [ -118.395766352535006, 34.0244799518508 ], [ -118.396093941947001, 34.0242937530641 ], [ -118.396175434422005, 34.024247265861 ], [ -118.396502990833994, 34.024061341036699 ], [ -118.396584787063006, 34.024014844444999 ], [ -118.396666602899003, 34.023968391908298 ], [ -118.397007716261996, 34.023774479559499 ], [ -118.397062318581007, 34.023743414360098 ], [ -118.397017855279003, 34.023685745282101 ], [ -118.397144208632994, 34.0236139120316 ], [ -118.397266644406997, 34.023544125398899 ], [ -118.397413075047993, 34.023461014329598 ], [ -118.397494890242001, 34.023414408872803 ], [ -118.397576683493995, 34.023367761962099 ], [ -118.397702707232995, 34.023296260073302 ], [ -118.397825407171993, 34.0232266640284 ], [ -118.397961664899, 34.023149109508097 ], [ -118.397972230625001, 34.0231430569441 ], [ -118.398092624837005, 34.023074567196602 ], [ -118.398215323176998, 34.023004998706902 ], [ -118.398309349216007, 34.022951496257498 ], [ -118.398362210808003, 34.022921844406198 ], [ -118.398361993898007, 34.0229215404038 ], [ -118.398362112678996, 34.022921473298403 ], [ -118.398359880385996, 34.022918576826797 ], [ -118.397529825679001, 34.021754645524098 ], [ -118.397565136368996, 34.021724833645798 ], [ -118.397623413310995, 34.021675612738598 ], [ -118.398984646132007, 34.020867886187602 ], [ -118.398988721943994, 34.0208654989802 ], [ -118.399112755055995, 34.020791955712703 ], [ -118.399112951549995, 34.020791838765298 ], [ -118.399113210335997, 34.020791843318896 ], [ -118.399154258096999, 34.020845069336097 ], [ -118.399171680690003, 34.020867727652501 ], [ -118.399504043644001, 34.021298952012103 ], [ -118.399504210949004, 34.021298844176002 ], [ -118.399504742185002, 34.021298539502801 ], [ -118.400261210503999, 34.0208648439501 ], [ -118.400507876003005, 34.021285341960898 ], [ -118.400482849095994, 34.021298429604698 ], [ -118.400606411612003, 34.021458550200002 ], [ -118.400609069260994, 34.021462086208402 ], [ -118.400619577437993, 34.021475762751997 ], [ -118.400620210580996, 34.021476843392001 ], [ -118.400862545896999, 34.021339031142801 ], [ -118.401282962880003, 34.021100122761098 ], [ -118.401299450959996, 34.021090780357703 ], [ -118.401279628951002, 34.021065511368398 ], [ -118.401276951035001, 34.021062042155599 ], [ -118.400514675809006, 34.019940773090198 ], [ -118.400524617776, 34.019934816130899 ], [ -118.402093026398006, 34.0190238517296 ], [ -118.402496816156997, 34.018783907236603 ], [ -118.402712513246001, 34.018655741734598 ], [ -118.403058089664995, 34.018450392948701 ], [ -118.403064703783997, 34.018458956162704 ], [ -118.403075954669006, 34.018473526134102 ], [ -118.403219160822005, 34.018388439899702 ], [ -118.403367070418994, 34.018300563761201 ], [ -118.403528406315004, 34.018204700955302 ], [ -118.404389240507996, 34.017693159988298 ], [ -118.4043896, 34.017692946022201 ], [ -118.404537181075, 34.017605254360198 ], [ -118.405022306592002, 34.017316976178599 ], [ -118.405216807757995, 34.017201395089103 ], [ -118.405455991780997, 34.017059261313896 ], [ -118.405554214315003, 34.0169716945164 ], [ -118.405560068894999, 34.016966474804399 ], [ -118.406876211899998, 34.018578843419398 ], [ -118.406930051548997, 34.018548236996402 ], [ -118.406930090770004, 34.0185482873501 ], [ -118.406975756039003, 34.0186076003301 ], [ -118.407057927649007, 34.018560877182701 ], [ -118.408333620009998, 34.017835013106897 ], [ -118.409405797857005, 34.017225032836897 ], [ -118.409684120880002, 34.017066649315403 ], [ -118.411318793603002, 34.016136573451497 ], [ -118.411327829076995, 34.016147982217099 ], [ -118.411637819825003, 34.0159715881246 ], [ -118.411676357811004, 34.015949664838999 ], [ -118.412719601033999, 34.015356022782697 ], [ -118.412816922287007, 34.015300581070498 ], [ -118.412896684854005, 34.015255133336098 ], [ -118.413956508452998, 34.014652294011903 ], [ -118.414286483246997, 34.014464570721401 ], [ -118.414675314194, 34.014243227217101 ], [ -118.414684418481997, 34.014254707617198 ], [ -118.414847811656003, 34.014161552409497 ], [ -118.414838744115002, 34.014150061978597 ], [ -118.415253210686998, 34.013914345510898 ], [ -118.415244063206998, 34.013902895954502 ], [ -118.415657115830996, 34.013667423668799 ], [ -118.417119087331997, 34.012834260910701 ], [ -118.41714639592, 34.012826892066599 ], [ -118.417525906245999, 34.012612589995797 ], [ -118.418211621085007, 34.012222317034002 ], [ -118.418396851140002, 34.012116875486697 ], [ -118.418470779605002, 34.012074794376602 ], [ -118.430140118411003, 34.026782719007798 ], [ -118.430140216498003, 34.026782843070102 ], [ -118.429930293222995, 34.026865939693799 ], [ -118.422195215420004, 34.029927843766103 ], [ -118.418577214709003, 34.031910843893698 ], [ -118.414690214193996, 34.0318368437948 ], [ -118.413410213735006, 34.031593844477598 ], [ -118.412346633062995, 34.031262264314698 ], [ -118.409395995042004, 34.030342381803301 ], [ -118.409285213616002, 34.0303078446128 ], [ -118.398446211183995, 34.029329844607297 ], [ -118.400588212103997, 34.029644844447802 ], [ -118.398075212107003, 34.035746845197203 ], [ -118.398317211982004, 34.036832845954102 ], [ -118.398617212427993, 34.037423845322202 ], [ -118.398526434497001, 34.037398500857002 ], [ -118.389344209971995, 34.034834845992002 ], [ -118.389685437606005, 34.033381470575797 ], [ -118.389695210430006, 34.033339845894297 ], [ -118.390925209673, 34.031212845329101 ], [ -118.388352209492993, 34.029489845087099 ] ] ] } },
{ "type": "Feature", "properties": { "objectid": 72, "name": "Panorama City", "area_sqmi": 3.6477464118840834, "source_url": "https://services5.arcgis.com/7nsPwEMP38bSkCjy/arcgis/rest/services/LA_Times_Neighborhoods/FeatureServer/0", "fetched_at": "2025-12-07T08:52:51.283518" }, "geometry": { "type": "Polygon", "coordinates": [ [ [ -118.422786579236998, 34.221650041819601 ], [ -118.426774230315999, 34.207137862818598 ], [ -118.428721230891, 34.207521862098297 ], [ -118.428721231317994, 34.207750862914203 ], [ -118.458090235830994, 34.213515861866703 ], [ -118.458051236450999, 34.213268861300001 ], [ -118.458278236816, 34.213144861257398 ], [ -118.458319236535999, 34.213560861400303 ], [ -118.466302237584998, 34.215131860879502 ], [ -118.466302238279994, 34.217950861644098 ], [ -118.467514238410004, 34.220162862057101 ], [ -118.467738238809005, 34.221421861416502 ], [ -118.459610237091994, 34.2214678621215 ], [ -118.459862237696996, 34.224089862868702 ], [ -118.459437237968999, 34.2271668633121 ], [ -118.458607237883001, 34.2304138629368 ], [ -118.458845238021993, 34.2314248638409 ], [ -118.459068238078004, 34.2318498633187 ], [ -118.459262237530993, 34.2318508636328 ], [ -118.459266238271994, 34.232068863391703 ], [ -118.457786237771003, 34.234972863507302 ], [ -118.456133238088, 34.242672864769702 ], [ -118.454035237748002, 34.244896865016798 ], [ -118.453069238167004, 34.246231865149397 ], [ -118.452198238326005, 34.248173865369999 ], [ -118.452121880901998, 34.248429953477398 ], [ -118.452010077327003, 34.248804917499399 ], [ -118.451921238794995, 34.249102865491203 ], [ -118.451887237872, 34.250007866004097 ], [ -118.452150497226995, 34.251195881248002 ], [ -118.452162238284998, 34.251248865955198 ], [ -118.452083238591001, 34.251556866427997 ], [ -118.451781028550997, 34.251816746509903 ], [ -118.451776237950995, 34.251820866394603 ], [ -118.450241238212001, 34.250195866245797 ], [ -118.441057234973997, 34.236198864880997 ], [ -118.438644234611999, 34.2329248648674 ], [ -118.436122233828002, 34.2295758640782 ], [ -118.427807232058996, 34.221666864459799 ], [ -118.422782231311999, 34.221665864591102 ], [ -118.422786579236998, 34.221650041819601 ] ] ] } },
{ "type": "Feature", "properties": { "objectid": 73, "name": "Pico-Robertson", "area_sqmi": 1.0217605396105947, "source_url": "https://services5.arcgis.com/7nsPwEMP38bSkCjy/arcgis/rest/services/LA_Times_Neighborhoods/FeatureServer/0", "fetched_at": "2025-12-07T08:52:51.283518" }, "geometry": { "type": "Polygon", "coordinates": [ [ [ -118.377306047543996, 34.060948272264604 ], [ -118.377280395826006, 34.059527039818299 ], [ -118.377280213907994, 34.059527053008097 ], [ -118.377280209738998, 34.059526849274398 ], [ -118.377278210659, 34.059388849595699 ], [ -118.376186209853998, 34.059466848850597 ], [ -118.376134209225, 34.047104848027999 ], [ -118.376831208690007, 34.044536847805901 ], [ -118.383121209997, 34.045720847167601 ], [ -118.386082039290002, 34.046784785601503 ], [ -118.386082210693999, 34.046784847259403 ], [ -118.385514210682004, 34.048864847888503 ], [ -118.389576211347006, 34.049572847820698 ], [ -118.389492211906997, 34.0524488474544 ], [ -118.397540212476997, 34.052446847395998 ], [ -118.398996616657996, 34.052341285152302 ], [ -118.399608783757998, 34.0522969141334 ], [ -118.399982213486993, 34.052269847090599 ], [ -118.401502213238004, 34.051839846729003 ], [ -118.406655214048001, 34.052307846379897 ], [ -118.405496213996997, 34.052851846766799 ], [ -118.405866757460998, 34.053605709458701 ], [ -118.405870679171997, 34.053616592227499 ], [ -118.405898117971006, 34.053692727475003 ], [ -118.405950490169005, 34.053838243961998 ], [ -118.405965784678997, 34.053880812604604 ], [ -118.406014925906007, 34.053959099857401 ], [ -118.406098248489002, 34.054094262674397 ], [ -118.406132266412996, 34.054149833376002 ], [ -118.405574214835994, 34.0541458470354 ], [ -118.405574214194999, 34.054281787662397 ], [ -118.405574178408997, 34.054316858386798 ], [ -118.405297214238999, 34.054406847231498 ], [ -118.405297242779994, 34.054406925569197 ], [ -118.405296932406003, 34.054407025779703 ], [ -118.405298179151998, 34.054409497210003 ], [ -118.405462374964003, 34.054860792572597 ], [ -118.405464029193993, 34.054866213356497 ], [ -118.405470079243997, 34.054865466406703 ], [ -118.405913601158005, 34.054836641936902 ], [ -118.405938238408993, 34.054836897200197 ], [ -118.405936878765999, 34.055548737440503 ], [ -118.405936500671999, 34.0556163628398 ], [ -118.405936301720004, 34.0558945879813 ], [ -118.405936176668007, 34.055964137308102 ], [ -118.405935893730003, 34.056116783437098 ], [ -118.405935857833001, 34.056147112092198 ], [ -118.405935790618003, 34.056177237105601 ], [ -118.405935528515002, 34.0563408746793 ], [ -118.405935272826994, 34.056478599415698 ], [ -118.405935058506003, 34.056604535543798 ], [ -118.405934827806007, 34.0567340165627 ], [ -118.405934328710003, 34.057018918593599 ], [ -118.405934310316994, 34.057062900937197 ], [ -118.405934157852002, 34.057106709735201 ], [ -118.405932451780004, 34.057108478872003 ], [ -118.405813928494993, 34.057108547235899 ], [ -118.405732082, 34.057108532839798 ], [ -118.404005214795006, 34.057105847594499 ], [ -118.403988583002999, 34.057103435730298 ], [ -118.403990483143005, 34.057028569527702 ], [ -118.403567854545003, 34.057027839596103 ], [ -118.403468698997003, 34.057027576787299 ], [ -118.403468844838997, 34.0569452923163 ], [ -118.403383635647003, 34.056945129794698 ], [ -118.403273214014007, 34.056835847593497 ], [ -118.403270288095001, 34.056837810088197 ], [ -118.403269568379002, 34.056837033565401 ], [ -118.402985797932004, 34.057020632645298 ], [ -118.402933132406005, 34.057053297880699 ], [ -118.402783213676003, 34.056891847168203 ], [ -118.402780198383994, 34.056893922640803 ], [ -118.402778471535001, 34.056892064026201 ], [ -118.402726205942002, 34.056925679858097 ], [ -118.402478073563003, 34.0570851970012 ], [ -118.402473292275999, 34.057103847659199 ], [ -118.402195214650007, 34.057103847278498 ], [ -118.402383214479997, 34.057000847258301 ], [ -118.402382590561004, 34.0570001686784 ], [ -118.402382746127998, 34.057000083415801 ], [ -118.402359629535994, 34.056975160875098 ], [ -118.402282214181, 34.0568908475976 ], [ -118.402281535735995, 34.056891218585299 ], [ -118.402281128526994, 34.0568907808943 ], [ -118.401893205039002, 34.057102850369297 ], [ -118.401655924143, 34.0571035784507 ], [ -118.401627891743004, 34.0571035806231 ], [ -118.401575793423007, 34.057103341867801 ], [ -118.401611352840007, 34.057083273559599 ], [ -118.401694344182999, 34.057036359351898 ], [ -118.401664742003007, 34.0569988493857 ], [ -118.401660455891005, 34.056993656376001 ], [ -118.401656172135006, 34.056988503025998 ], [ -118.401647594916994, 34.056978204471498 ], [ -118.401643306839006, 34.056973052938403 ], [ -118.401638971112007, 34.056967903366697 ], [ -118.401634684132006, 34.056962754534297 ], [ -118.401630396046997, 34.056957601197702 ], [ -118.401626055109006, 34.056952494015 ], [ -118.401621715068998, 34.056947348063197 ], [ -118.401617429143002, 34.056942192915898 ], [ -118.401613094713994, 34.0569370875142 ], [ -118.401608752491995, 34.056931937963 ], [ -118.401604409390998, 34.0569268307868 ], [ -118.401600072779999, 34.056921721785699 ], [ -118.401598531453004, 34.056922628445903 ], [ -118.401596214210002, 34.056919847704599 ], [ -118.401283214141003, 34.057102847587203 ], [ -118.401199826387995, 34.057102847862197 ], [ -118.401060918341003, 34.0571023319768 ], [ -118.401003969583996, 34.057102769005901 ], [ -118.400763901866, 34.057102402011097 ], [ -118.400919214336994, 34.057001847717103 ], [ -118.400797213961994, 34.056871847469402 ], [ -118.400795959156, 34.056872421403703 ], [ -118.400793942432998, 34.056871544592497 ], [ -118.400784348136995, 34.0568777303085 ], [ -118.400294213379993, 34.057101847430303 ], [ -118.400056213740996, 34.056859847354303 ], [ -118.400053474206999, 34.056861842510102 ], [ -118.400009416882995, 34.0568145866525 ], [ -118.399936376504002, 34.056870924746597 ], [ -118.399721250420001, 34.057036730501203 ], [ -118.399721294635995, 34.057100848402897 ], [ -118.399606725810997, 34.057100869638901 ], [ -118.399275611570999, 34.057098520027701 ], [ -118.399110600059004, 34.0571002302433 ], [ -118.399110627235004, 34.057038945630502 ], [ -118.398945738278996, 34.057039074826001 ], [ -118.398508285572007, 34.057038128235199 ], [ -118.398483392399996, 34.057038168903397 ], [ -118.398483291559998, 34.057099775605501 ], [ -118.398442285152996, 34.057099816239898 ], [ -118.398421154635002, 34.0570998030108 ], [ -118.398086978359999, 34.057100190991001 ], [ -118.397987740733001, 34.057099533587802 ], [ -118.397948806599004, 34.057099382411003 ], [ -118.397831535652003, 34.057099026812899 ], [ -118.397484871857998, 34.057097887394903 ], [ -118.397364700208996, 34.0570984478342 ], [ -118.397328733039004, 34.057098558958799 ], [ -118.397287248623996, 34.057098757640702 ], [ -118.397173241244005, 34.057097483723602 ], [ -118.396878386845998, 34.0570980131018 ], [ -118.396683660500003, 34.057097845992097 ], [ -118.396454581165003, 34.057097615546098 ], [ -118.395938309499996, 34.0570969409006 ], [ -118.395421991446, 34.057096302064501 ], [ -118.394905611842006, 34.057095928977901 ], [ -118.394389298071005, 34.0570950422984 ], [ -118.393872949308999, 34.057094541185599 ], [ -118.393356588458005, 34.057093769247203 ], [ -118.392840190358001, 34.057093134058498 ], [ -118.392667604354003, 34.057092575620402 ], [ -118.392322830073994, 34.057092193265802 ], [ -118.391806160767004, 34.057091692471502 ], [ -118.391290151660996, 34.057091074635899 ], [ -118.390773449329998, 34.057090453232597 ], [ -118.390331663924002, 34.057089973363603 ], [ -118.389865464652004, 34.057089418334101 ], [ -118.389353150234001, 34.057090880870099 ], [ -118.388816110947005, 34.057092476732102 ], [ -118.388305828442995, 34.057093919268098 ], [ -118.387794855866005, 34.057095342931497 ], [ -118.387282126653005, 34.057096825059801 ], [ -118.386770637618994, 34.0570982983348 ], [ -118.386259312126995, 34.057099769821797 ], [ -118.385747915406, 34.057101064473798 ], [ -118.385236490921997, 34.057102682502602 ], [ -118.384937088021999, 34.057103612842198 ], [ -118.383678211572999, 34.057103848578699 ], [ -118.383678137569007, 34.0571070790105 ], [ -118.383677881945005, 34.0571070798226 ], [ -118.383578951486001, 34.0571105413349 ], [ -118.383527366139006, 34.059371157835997 ], [ -118.383491738234994, 34.060931602261903 ], [ -118.383456349260996, 34.0620930828266 ], [ -118.383460458116005, 34.062311950595301 ], [ -118.383447720901003, 34.062941654172398 ], [ -118.382488744179, 34.062944370394497 ], [ -118.382366709538005, 34.062944682876498 ], [ -118.381431929933001, 34.062947560218703 ], [ -118.381323145581007, 34.062947884792798 ], [ -118.381090126776996, 34.062948579693398 ], [ -118.377343741409007, 34.062958845118303 ], [ -118.377327207139004, 34.062121955762102 ], [ -118.377326683532004, 34.0620954477873 ], [ -118.377306047543996, 34.060948272264604 ] ] ] } },
{ "type": "Feature", "properties": { "objectid": 74, "name": "Pico-Union", "area_sqmi": 1.6424913525933322, "source_url": "https://services5.arcgis.com/7nsPwEMP38bSkCjy/arcgis/rest/services/LA_Times_Neighborhoods/FeatureServer/0", "fetched_at": "2025-12-07T08:52:51.283518" }, "geometry": { "type": "Polygon", "coordinates": [ [ [ -118.281458193635004, 34.052501853831203 ], [ -118.280937193602995, 34.05226685417 ], [ -118.281016193835995, 34.052146854205198 ], [ -118.268835191148, 34.046772853564299 ], [ -118.268291191296996, 34.047005854092198 ], [ -118.268871932449997, 34.046607884570001 ], [ -118.270695952633005, 34.045357924275002 ], [ -118.271300191475007, 34.044943853957101 ], [ -118.271748897424999, 34.044447313454903 ], [ -118.272147886715004, 34.044005791048797 ], [ -118.272360191459001, 34.043770853194502 ], [ -118.273140191408999, 34.042503853113097 ], [ -118.273740339653003, 34.040587816083502 ], [ -118.273789191324994, 34.040431853296496 ], [ -118.274127191470996, 34.0380728531266 ], [ -118.273916191115006, 34.038060853005497 ], [ -118.274295191343995, 34.035402852846197 ], [ -118.279625191673006, 34.037821852194398 ], [ -118.284021192649007, 34.037038852087498 ], [ -118.284020192358994, 34.036906852380902 ], [ -118.286189192844006, 34.036796852115501 ], [ -118.291191112039996, 34.036845041787899 ], [ -118.296361194520003, 34.036894851016001 ], [ -118.296295194457002, 34.037234851257303 ], [ -118.297604625711998, 34.037259136558099 ], [ -118.300285195656002, 34.037308850786097 ], [ -118.300361195441994, 34.0399738517185 ], [ -118.300798195617006, 34.039970851716802 ], [ -118.300621196251996, 34.040818851423403 ], [ -118.300756196360993, 34.041502852009003 ], [ -118.300761196074006, 34.043696852160203 ], [ -118.300435195591007, 34.043742852049299 ], [ -118.300341195985993, 34.044050851443899 ], [ -118.300288196048996, 34.0465588524509 ], [ -118.299979196227994, 34.0472328523553 ], [ -118.300028196311004, 34.052628853199401 ], [ -118.292436195798999, 34.052664853337703 ], [ -118.290907195046998, 34.0524088529667 ], [ -118.283577193734004, 34.052366853446102 ], [ -118.282949194056002, 34.053329854315599 ], [ -118.281458193635004, 34.052501853831203 ] ] ] } },
{ "type": "Feature", "properties": { "objectid": 75, "name": "Playa del Rey", "area_sqmi": 2.6256341751044148, "source_url": "https://services5.arcgis.com/7nsPwEMP38bSkCjy/arcgis/rest/services/LA_Times_Neighborhoods/FeatureServer/0", "fetched_at": "2025-12-07T08:52:51.283518" }, "geometry": { "type": "Polygon", "coordinates": [ [ [ -118.427350568189993, 33.9675613561514 ], [ -118.426569970488003, 33.966425941574997 ], [ -118.426481210351994, 33.966296836147102 ], [ -118.426362570921995, 33.966219318171298 ], [ -118.425477210387996, 33.965640835891101 ], [ -118.427173210345998, 33.965202836049798 ], [ -118.430305212022006, 33.967196835911899 ], [ -118.431124211511005, 33.966924836441898 ], [ -118.432789212073004, 33.9658498357743 ], [ -118.439755212194001, 33.962326835080603 ], [ -118.437953211790997, 33.959661834788598 ], [ -118.436546212338996, 33.960323835139697 ], [ -118.436906211939998, 33.960856834820198 ], [ -118.435142211450994, 33.962913835442201 ], [ -118.435786211836998, 33.963726835427998 ], [ -118.433863212202994, 33.9646368356997 ], [ -118.433300211242994, 33.963926835534501 ], [ -118.431954211141999, 33.964666835745298 ], [ -118.431161211836994, 33.964131835540798 ], [ -118.431110211340993, 33.963751835982599 ], [ -118.428900210655002, 33.963757835672602 ], [ -118.428167878446004, 33.961896796781602 ], [ -118.428100210346997, 33.961724835602503 ], [ -118.428138913286006, 33.961599514429203 ], [ -118.428436210184003, 33.960636835146602 ], [ -118.430264211468995, 33.960628835059097 ], [ -118.430606211492005, 33.960201835403602 ], [ -118.430667210820999, 33.959709835480602 ], [ -118.432628210934993, 33.959704835154497 ], [ -118.432682211214001, 33.958812834891901 ], [ -118.434038211214002, 33.958125834793002 ], [ -118.433145211156003, 33.956954834692297 ], [ -118.431566210300005, 33.956330834895702 ], [ -118.431984210948002, 33.9557098350285 ], [ -118.431579210302999, 33.9552558344161 ], [ -118.431441210485005, 33.954304834256497 ], [ -118.431839210120998, 33.952931834806698 ], [ -118.433178211004005, 33.952530834495001 ], [ -118.433110211195, 33.951877834541897 ], [ -118.437345211622002, 33.952085834398503 ], [ -118.439208212075002, 33.951640833888497 ], [ -118.437116210889997, 33.948657833831902 ], [ -118.436611211008994, 33.9477078340296 ], [ -118.436296211303002, 33.946450833212602 ], [ -118.436183210745, 33.944392833372902 ], [ -118.435890210298993, 33.9434188334928 ], [ -118.435380210277003, 33.942512832791699 ], [ -118.435498210106999, 33.942463833253903 ], [ -118.429795208754001, 33.932710832149297 ], [ -118.429184208394005, 33.9309298320265 ], [ -118.428787207805996, 33.9309748323261 ], [ -118.428773039101003, 33.928431815926899 ], [ -118.428769803657005, 33.927219822142497 ], [ -118.428769736749004, 33.927193854767999 ], [ -118.427682758990997, 33.927201781751201 ], [ -118.427676280797996, 33.9236009511771 ], [ -118.427672235133002, 33.923600954708299 ], [ -118.427672207390003, 33.923586831474204 ], [ -118.426589406809995, 33.923587828246603 ], [ -118.426589894190997, 33.9235151093038 ], [ -118.426594596181005, 33.9228266158743 ], [ -118.426594306623997, 33.922653117017298 ], [ -118.426593111922003, 33.921932412188802 ], [ -118.426593098276001, 33.921924421097302 ], [ -118.426592869087997, 33.921781473003897 ], [ -118.426583219555994, 33.921781470180797 ], [ -118.426583207704994, 33.921773831580303 ], [ -118.424424216979006, 33.921774824332097 ], [ -118.424424015938001, 33.921735131689601 ], [ -118.424422972127005, 33.9215290452996 ], [ -118.424421928325003, 33.921322959814802 ], [ -118.424420884387004, 33.921116846386901 ], [ -118.424420186500001, 33.920979483121201 ], [ -118.424419142706995, 33.9207733967447 ], [ -118.424418413328993, 33.9206360065482 ], [ -118.424417684892006, 33.920498588402701 ], [ -118.424416989041006, 33.920361198091499 ], [ -118.424416204002, 33.920212816675203 ], [ -118.424414918897, 33.919965486289698 ], [ -118.424403214042997, 33.919965523884102 ], [ -118.424403206893999, 33.9199628310474 ], [ -118.422242673054996, 33.919961834919398 ], [ -118.422242527730006, 33.919929988980698 ], [ -118.422242405760997, 33.9199032077399 ], [ -118.422242059620999, 33.919834512581502 ], [ -118.422241851937002, 33.919793295486599 ], [ -118.422241298114997, 33.9196833832343 ], [ -118.422241228887003, 33.919669644202799 ], [ -118.422240638280002, 33.919545992806803 ], [ -118.422240569053002, 33.9195322537755 ], [ -118.422239945865002, 33.919408574547703 ], [ -118.422239287112006, 33.919271183218299 ], [ -118.422238594842, 33.919133792909399 ], [ -118.422238108073998, 33.919030748262102 ], [ -118.422237935016, 33.918996402488503 ], [ -118.422241402260994, 33.918834003679301 ], [ -118.422241263432994, 33.918800012988001 ], [ -118.422240920356003, 33.9187319245532 ], [ -118.422240366677997, 33.918622039356599 ], [ -118.422239846387001, 33.918512126998301 ], [ -118.422239292571007, 33.918402213856901 ], [ -118.422238738624998, 33.9182922745727 ], [ -118.422238217252996, 33.9181823613199 ], [ -118.422237594210998, 33.918058708250697 ], [ -118.422237004710993, 33.917935058671503 ], [ -118.422236727808993, 33.9178801025542 ], [ -118.422236450906993, 33.917825146437302 ], [ -118.422235827739001, 33.917701467228099 ], [ -118.422235273938, 33.9175915549962 ], [ -118.422234720134, 33.917481641863702 ], [ -118.422234231207995, 33.917371727603602 ], [ -118.422233677419996, 33.917261817177902 ], [ -118.422233449420006, 33.917216565830401 ], [ -118.422233208571996, 33.916342052198402 ], [ -118.426489011431002, 33.916332670613102 ], [ -118.427403531601001, 33.916330634800502 ], [ -118.42745011884, 33.916330308269202 ], [ -118.427689817673993, 33.9163335250093 ], [ -118.427754087661, 33.916333297006403 ], [ -118.427933385307995, 33.916332660752502 ], [ -118.428448539157998, 33.916332145625397 ], [ -118.428581208942006, 33.916331927425396 ], [ -118.428781431212002, 33.916331598676599 ], [ -118.429008245134995, 33.916331090234998 ], [ -118.429082292193002, 33.916414397400096 ], [ -118.429102291156994, 33.916454398205701 ], [ -118.429102294510997, 33.916514395728001 ], [ -118.429132289915998, 33.916564394948502 ], [ -118.429242292146, 33.9166843969167 ], [ -118.429418371818002, 33.916837902215697 ], [ -118.429632292574993, 33.9170243972398 ], [ -118.429892295493005, 33.917064398901303 ], [ -118.430102293166001, 33.917534396848303 ], [ -118.430185429228004, 33.917723053159897 ], [ -118.430362292501002, 33.918124396798 ], [ -118.430422294115999, 33.918254396519202 ], [ -118.430573809820004, 33.918534704745099 ], [ -118.430622292603005, 33.9186243967482 ], [ -118.430875663576003, 33.919112601738 ], [ -118.431032293220994, 33.919414397082399 ], [ -118.431092293554002, 33.919544396496597 ], [ -118.431244648543, 33.9198414900739 ], [ -118.431292292880997, 33.919934396964699 ], [ -118.431352293770999, 33.920044395867798 ], [ -118.431432293585004, 33.920144397365902 ], [ -118.431603631778998, 33.920465657451103 ], [ -118.431672293646997, 33.920594396807203 ], [ -118.431742294439005, 33.920754396309498 ], [ -118.431990952007993, 33.921145150915002 ], [ -118.432406940394998, 33.921798842343698 ], [ -118.432442293261005, 33.921854397513798 ], [ -118.432562294782002, 33.922064397164696 ], [ -118.432652293841002, 33.922194398210898 ], [ -118.432692294427994, 33.922284396630801 ], [ -118.432779687294996, 33.922400921886002 ], [ -118.432852293897994, 33.9224943976104 ], [ -118.432922293762999, 33.922584398246897 ], [ -118.433161093354002, 33.922977714720602 ], [ -118.433262294108999, 33.923144397021098 ], [ -118.433322293800998, 33.923234397305599 ], [ -118.433499522245, 33.923557350173198 ], [ -118.433745615006998, 33.9240057830811 ], [ -118.433775391203994, 33.924061476038098 ], [ -118.433835663200995, 33.924199242557798 ], [ -118.433842293105002, 33.924214397729699 ], [ -118.433842295668995, 33.924264396461297 ], [ -118.433902293550005, 33.924354398280499 ], [ -118.434042293573995, 33.924614397232098 ], [ -118.434150122988001, 33.924834286587 ], [ -118.434462601310003, 33.925471497950497 ], [ -118.434552294081001, 33.925654397708598 ], [ -118.434632295137007, 33.925844397614199 ], [ -118.434731221009002, 33.926044554375103 ], [ -118.435062294299001, 33.9267143974728 ], [ -118.435083363562001, 33.926761217146797 ], [ -118.435152294817001, 33.9269143976937 ], [ -118.435192295018993, 33.9270343963966 ], [ -118.435340659705005, 33.927305328129201 ], [ -118.435609276400996, 33.927795844218998 ], [ -118.435652295872998, 33.9278743967323 ], [ -118.435752294637993, 33.927994398455397 ], [ -118.435907541942996, 33.928335944809703 ], [ -118.436129757687993, 33.9288248190689 ], [ -118.436202295941996, 33.928984397680097 ], [ -118.436282294492003, 33.929124397812203 ], [ -118.436332294598003, 33.929224397444699 ], [ -118.436399788398006, 33.929393132090603 ], [ -118.436432296042, 33.929474397218698 ], [ -118.436502294611998, 33.929614398246301 ], [ -118.436552295838993, 33.9297443979533 ], [ -118.436652292825002, 33.929924396592199 ], [ -118.436698590118993, 33.929957466490897 ], [ -118.436722294587994, 33.929974397896302 ], [ -118.436842296576998, 33.930074399820398 ], [ -118.436862294975001, 33.930164398186101 ], [ -118.436902296078003, 33.930384397519603 ], [ -118.436942295421005, 33.930474397332802 ], [ -118.437052845378005, 33.930686287757702 ], [ -118.437182294427998, 33.930934398802499 ], [ -118.437212295487001, 33.931024397817303 ], [ -118.437352296281006, 33.931394397674602 ], [ -118.437387336072007, 33.931461295636197 ], [ -118.437462294605993, 33.931604398342301 ], [ -118.437502294832001, 33.9316843982241 ], [ -118.437532295726001, 33.931784396924002 ], [ -118.437671207522001, 33.932034440280098 ], [ -118.437682294957995, 33.932054398650003 ], [ -118.437882295652003, 33.932514397938697 ], [ -118.437992295334993, 33.9327143983909 ], [ -118.438019907549005, 33.932769622214998 ], [ -118.438102295205994, 33.932934398262098 ], [ -118.438122296019003, 33.933034397098297 ], [ -118.438162296480996, 33.933114397676199 ], [ -118.438222293761996, 33.933184399743702 ], [ -118.438242296547003, 33.933274397896298 ], [ -118.438294932795003, 33.933391117759797 ], [ -118.438472295253007, 33.9337843978373 ], [ -118.438542295849004, 33.933934397508203 ], [ -118.438602295761996, 33.934044398419303 ], [ -118.438674849576998, 33.934198574530697 ], [ -118.438682295834994, 33.934214398125 ], [ -118.438752296363006, 33.934394398762201 ], [ -118.439005627246004, 33.934950095211697 ], [ -118.439062295346005, 33.935074398173199 ], [ -118.439082296348005, 33.9351443975943 ], [ -118.439332769459, 33.935636710092702 ], [ -118.439372296190001, 33.935714398697698 ], [ -118.439422296862006, 33.935844398214499 ], [ -118.439622296590002, 33.936224397649298 ], [ -118.439672295161998, 33.936304399174901 ], [ -118.439692231275998, 33.936384139763703 ], [ -118.439702296681006, 33.936474397517202 ], [ -118.439945598235994, 33.936988039008703 ], [ -118.440062295442999, 33.9372343987338 ], [ -118.440272295987, 33.9376543984785 ], [ -118.440306192425993, 33.937722192333098 ], [ -118.440332294989005, 33.937774399248198 ], [ -118.440342297393002, 33.937834397362501 ], [ -118.440601998898003, 33.938346166561601 ], [ -118.440682296774, 33.9385043980839 ], [ -118.440852296171002, 33.938744399452901 ], [ -118.440932297016005, 33.938904397998897 ], [ -118.440972307916994, 33.938966638438799 ], [ -118.441278882709994, 33.939443534085903 ], [ -118.441292296898993, 33.9394643986817 ], [ -118.441459446400003, 33.939745211976103 ], [ -118.441542296921995, 33.9398843987181 ], [ -118.441650598512993, 33.940012392573699 ], [ -118.441762293119993, 33.940144398333601 ], [ -118.441934381764995, 33.940304752168501 ], [ -118.442134310445994, 33.940491048889797 ], [ -118.442202296356996, 33.940554398931397 ], [ -118.442296885931, 33.940548296704499 ], [ -118.442436047561003, 33.940539318193501 ], [ -118.442693545009007, 33.940522707391999 ], [ -118.442797972688993, 33.940783760383397 ], [ -118.443263074938002, 33.941873328206299 ], [ -118.443636769883, 33.9427235057708 ], [ -118.444169460498998, 33.943601722192703 ], [ -118.444706684520995, 33.944522855012103 ], [ -118.445110589858004, 33.945397963201003 ], [ -118.445449023544001, 33.946069369625498 ], [ -118.445914565078994, 33.946749656859602 ], [ -118.446354565475005, 33.947622432446501 ], [ -118.447104745138006, 33.949018634160602 ], [ -118.447563629276004, 33.949728945614403 ], [ -118.447984288501004, 33.950328199897001 ], [ -118.448296913855998, 33.950861623402801 ], [ -118.448424214577997, 33.951157922326701 ], [ -118.448524314362004, 33.951382322441098 ], [ -118.448634615298005, 33.951612022498402 ], [ -118.448837014278993, 33.951974922613999 ], [ -118.449146915995996, 33.952513922918598 ], [ -118.449402615074007, 33.952908822713901 ], [ -118.449732914560997, 33.953507123100103 ], [ -118.450087016302007, 33.954081522581603 ], [ -118.450115722616999, 33.954122540594398 ], [ -118.450657918679994, 33.955091515328803 ], [ -118.451238397362999, 33.956044659705 ], [ -118.451852426431998, 33.956847403124399 ], [ -118.452377209741002, 33.9578186399442 ], [ -118.453000408563994, 33.958725102365101 ], [ -118.453704489019998, 33.959498873029901 ], [ -118.454312646066995, 33.960001077472697 ], [ -118.455024074101004, 33.960542246653702 ], [ -118.455661814300996, 33.960954881941603 ], [ -118.456213420650002, 33.961239223574204 ], [ -118.456374523296006, 33.9613319118939 ], [ -118.457153071036004, 33.961779840664903 ], [ -118.457235206861, 33.961827092377099 ], [ -118.457368442144997, 33.961903745785698 ], [ -118.456146787494006, 33.962487182665598 ], [ -118.456065416613995, 33.962518423677501 ], [ -118.455612716751006, 33.962724323105299 ], [ -118.454979016752006, 33.963022223365201 ], [ -118.454601516029996, 33.963218323283698 ], [ -118.454526188862999, 33.963261145895402 ], [ -118.451598194729996, 33.964659493162401 ], [ -118.451449544347994, 33.964438504461903 ], [ -118.451435691214002, 33.964417911229802 ], [ -118.451313248125004, 33.964235884952203 ], [ -118.451313214313004, 33.964235834592898 ], [ -118.432391470821003, 33.974952725508899 ], [ -118.432275649535001, 33.975017491855802 ], [ -118.432276036846005, 33.975018104411099 ], [ -118.432271212844, 33.9750208371076 ], [ -118.427416210979999, 33.967656836430002 ], [ -118.427350568189993, 33.9675613561514 ] ] ] } },
{ "type": "Feature", "properties": { "objectid": 76, "name": "Playa Vista", "area_sqmi": 1.2548610108487581, "source_url": "https://services5.arcgis.com/7nsPwEMP38bSkCjy/arcgis/rest/services/LA_Times_Neighborhoods/FeatureServer/0", "fetched_at": "2025-12-07T08:52:51.283518" }, "geometry": { "type": "Polygon", "coordinates": [ [ [ -118.425477207007006, 33.965640833437199 ], [ -118.426128211275994, 33.9659858354227 ], [ -118.426362572895997, 33.966219317044903 ], [ -118.426569964660999, 33.966425940834597 ], [ -118.426662208126004, 33.966517834694002 ], [ -118.427350566615999, 33.967561355080399 ], [ -118.432271211043997, 33.975020839750599 ], [ -118.428362210987004, 33.977369835348803 ], [ -118.423209207797001, 33.980782840489802 ], [ -118.420665216847993, 33.981121835662101 ], [ -118.419214209139, 33.9816628390532 ], [ -118.414022211551995, 33.985453837327697 ], [ -118.413831212272001, 33.985297836900003 ], [ -118.412194858480007, 33.9864983816367 ], [ -118.412055205631006, 33.986600841203803 ], [ -118.411665622821005, 33.986795192926799 ], [ -118.410587100894006, 33.987333221577401 ], [ -118.410301207475001, 33.987475838305599 ], [ -118.409932942018997, 33.987564796463701 ], [ -118.407532987351004, 33.988144499357901 ], [ -118.407432209299998, 33.9881688406238 ], [ -118.407235296598998, 33.988165490850598 ], [ -118.404081925080007, 33.988111854690104 ], [ -118.404081203404999, 33.988111841005903 ], [ -118.403298954066003, 33.987635823595902 ], [ -118.402109209892998, 33.986911838636303 ], [ -118.401251206197003, 33.986390838663198 ], [ -118.398990205264994, 33.987823842864401 ], [ -118.398459214114993, 33.9877768387692 ], [ -118.395863210491996, 33.984917839414003 ], [ -118.395690203515002, 33.984370839839599 ], [ -118.395097213347, 33.983822838399099 ], [ -118.398475209870995, 33.983182838110501 ], [ -118.398356234548004, 33.983051354598302 ], [ -118.398097765847993, 33.982765409302601 ], [ -118.398003246098995, 33.982660738477797 ], [ -118.397582373657002, 33.982194907396199 ], [ -118.397647756005, 33.982098076367002 ], [ -118.399242204936996, 33.982800838900097 ], [ -118.401626204242007, 33.982288837764301 ], [ -118.404500212551994, 33.977220840903698 ], [ -118.404781205213993, 33.976959838319303 ], [ -118.411622208992995, 33.975300840616498 ], [ -118.418922214442006, 33.972316836353997 ], [ -118.418922206019005, 33.972116837495101 ], [ -118.422687214660996, 33.9700098380386 ], [ -118.423541211201993, 33.966988837704598 ], [ -118.425477207007006, 33.965640833437199 ] ], [ [ -118.412472109540005, 33.980302311810597 ], [ -118.410193532511997, 33.981299555102296 ], [ -118.410178439207996, 33.981274827259398 ], [ -118.410043834386002, 33.981054413802802 ], [ -118.409969342485994, 33.980932354415103 ], [ -118.409969238594996, 33.980932188392998 ], [ -118.409143673208007, 33.981293673798604 ], [ -118.409049300416996, 33.981335002539403 ], [ -118.409367445903001, 33.981607680346897 ], [ -118.409726416384999, 33.981915302380798 ], [ -118.411067246735001, 33.983064687382601 ], [ -118.411737569360994, 33.983638709192697 ], [ -118.412406984434995, 33.984212344014999 ], [ -118.413057438402006, 33.984769692387097 ], [ -118.413317210909995, 33.984992276878202 ], [ -118.413364571759999, 33.985032844351501 ], [ -118.413377563736006, 33.985043989914303 ], [ -118.413407105993997, 33.985069279698102 ], [ -118.413449601503004, 33.985105693694898 ], [ -118.413533378335998, 33.985055274024504 ], [ -118.413674710360993, 33.984970174404097 ], [ -118.414870386534005, 33.984250001466798 ], [ -118.414880163061994, 33.984244112520898 ], [ -118.414825601909001, 33.9841547044078 ], [ -118.414640329913993, 33.983851346987102 ], [ -118.414479143665005, 33.983587439439397 ], [ -118.414432820163, 33.983511688555403 ], [ -118.413995253671999, 33.982795244399703 ], [ -118.413557616564006, 33.982078637952199 ], [ -118.413320120033006, 33.981689479203702 ], [ -118.413119973188998, 33.981361852891197 ], [ -118.412472109540005, 33.980302311810597 ] ] ] } },
{ "type": "Feature", "properties": { "objectid": 77, "name": "Porter Ranch", "area_sqmi": 5.6026985620037406, "source_url": "https://services5.arcgis.com/7nsPwEMP38bSkCjy/arcgis/rest/services/LA_Times_Neighborhoods/FeatureServer/0", "fetched_at": "2025-12-07T08:52:51.283518" }, "geometry": { "type": "Polygon", "coordinates": [ [ [ -118.529508254592002, 34.257270860774597 ], [ -118.558734250967007, 34.257264860267703 ], [ -118.557832252379001, 34.2590008598076 ], [ -118.558532261325993, 34.263052864336501 ], [ -118.557910260235005, 34.264011855582098 ], [ -118.557621262984995, 34.264167864428501 ], [ -118.556731257120006, 34.265256859782397 ], [ -118.556731254666005, 34.265932856929098 ], [ -118.556968262042005, 34.266187859373197 ], [ -118.556714253717004, 34.266748861071498 ], [ -118.556641251589994, 34.271029864037502 ], [ -118.556664443412004, 34.271093227738199 ], [ -118.557120255594995, 34.2723388657516 ], [ -118.557479260682996, 34.272612863253997 ], [ -118.557324253532002, 34.272596863958199 ], [ -118.558033259480993, 34.273589866744899 ], [ -118.558651254311002, 34.273910862711602 ], [ -118.559247257600006, 34.273949866761498 ], [ -118.560252263085005, 34.274725863947701 ], [ -118.565491258342007, 34.274845860954798 ], [ -118.568695263219993, 34.275591865985 ], [ -118.570143260725999, 34.275544857534904 ], [ -118.571496266866006, 34.280896857397401 ], [ -118.571352265002005, 34.283079863348398 ], [ -118.570541263364007, 34.286517859545299 ], [ -118.570717265232005, 34.289201859404102 ], [ -118.571141267439998, 34.290268863079 ], [ -118.572479256804996, 34.291599866957597 ], [ -118.572932257622995, 34.292554867997701 ], [ -118.567446601335007, 34.294963263643098 ], [ -118.566379261131004, 34.295431862554103 ], [ -118.566100176413002, 34.2958215889999 ], [ -118.566098036000994, 34.295822554333199 ], [ -118.565000834998003, 34.296548285445603 ], [ -118.564909338470002, 34.296608801342899 ], [ -118.564479264352997, 34.296892864650097 ], [ -118.563562265567001, 34.297851862483597 ], [ -118.562133489127007, 34.298778505026 ], [ -118.562108209613996, 34.298794809264599 ], [ -118.561939101003006, 34.298824060622003 ], [ -118.559779262267, 34.299196861524202 ], [ -118.557403259812006, 34.299247868173303 ], [ -118.555662416727998, 34.297828531923997 ], [ -118.554804936279993, 34.297129266258302 ], [ -118.554674496166996, 34.296926411025296 ], [ -118.554620495875994, 34.296842428437202 ], [ -118.554447557041996, 34.296573452771902 ], [ -118.554046558863007, 34.296418968247799 ], [ -118.554046520062997, 34.2964189684253 ], [ -118.554046260685993, 34.296418862271601 ], [ -118.551544350040999, 34.296745947724197 ], [ -118.551028081591994, 34.2968130989467 ], [ -118.551027771407007, 34.296813132559897 ], [ -118.550981485356004, 34.296819536666 ], [ -118.549816261697003, 34.296971866569102 ], [ -118.546713253280004, 34.297871867004098 ], [ -118.540955258972005, 34.298798863466402 ], [ -118.539044257203997, 34.295730864793001 ], [ -118.535565255012997, 34.292704869970102 ], [ -118.535101251100997, 34.292457870408199 ], [ -118.534949249850001, 34.292100863112204 ], [ -118.534406249502993, 34.291660868771402 ], [ -118.534221256492003, 34.290967870523602 ], [ -118.533360258269994, 34.290720865261498 ], [ -118.533281259012995, 34.2899348608276 ], [ -118.530388259047001, 34.2867518676711 ], [ -118.528846256771999, 34.286146869376402 ], [ -118.528350256238994, 34.284260868115297 ], [ -118.527655252599999, 34.283458869059501 ], [ -118.528000251909006, 34.281968869117101 ], [ -118.527550252129004, 34.281440860032298 ], [ -118.527583247710993, 34.280341864724299 ], [ -118.527327251931993, 34.280157861032301 ], [ -118.527185254515999, 34.279772859935498 ], [ -118.527491256797006, 34.279390867038998 ], [ -118.527041248486, 34.278731868993603 ], [ -118.526982252731003, 34.277989868804902 ], [ -118.526473603596003, 34.2769559701471 ], [ -118.526369247850994, 34.276743868920803 ], [ -118.526366024816994, 34.2765998539534 ], [ -118.526350265168006, 34.275895116468 ], [ -118.526317258549, 34.274419859165697 ], [ -118.526467253009997, 34.273229867703002 ], [ -118.526889258007998, 34.272182861165703 ], [ -118.526567254073996, 34.2721808592907 ], [ -118.525704254686005, 34.269547863416399 ], [ -118.526496248382003, 34.267244863441803 ], [ -118.527271251510996, 34.267266865977 ], [ -118.527888258434999, 34.265078860616804 ], [ -118.529286253796997, 34.261902862325002 ], [ -118.529508254592002, 34.257270860774597 ] ], [ [ -118.570244264720998, 34.278152860448898 ], [ -118.570011257526005, 34.2782028618129 ], [ -118.569475259765994, 34.278317865772202 ], [ -118.569847256234993, 34.279516857307698 ], [ -118.569662257293999, 34.279922862526597 ], [ -118.570806263148, 34.279825860195501 ], [ -118.570540260206997, 34.279464861518498 ], [ -118.570647261912001, 34.2794418587659 ], [ -118.570244264720998, 34.278152860448898 ] ] ] } },
{ "type": "Feature", "properties": { "objectid": 78, "name": "Rancho Park", "area_sqmi": 0.61210507160056582, "source_url": "https://services5.arcgis.com/7nsPwEMP38bSkCjy/arcgis/rest/services/LA_Times_Neighborhoods/FeatureServer/0", "fetched_at": "2025-12-07T08:52:51.283518" }, "geometry": { "type": "Polygon", "coordinates": [ [ [ -118.414844214734003, 34.0323158443301 ], [ -118.412346633062995, 34.031262264314698 ], [ -118.412170213824993, 34.0311878437752 ], [ -118.414690214193996, 34.0318368437948 ], [ -118.418577214709003, 34.031910843893698 ], [ -118.422195215420004, 34.029927843766103 ], [ -118.429930215846994, 34.026865842603598 ], [ -118.429930293222995, 34.026865939693799 ], [ -118.431603217169993, 34.028978842528801 ], [ -118.430224216148005, 34.0276348426871 ], [ -118.431638216557005, 34.029878842901802 ], [ -118.430941216454002, 34.031064843146403 ], [ -118.434180218137996, 34.035152843787898 ], [ -118.434445217814002, 34.036094843869797 ], [ -118.434519193138996, 34.036184174923797 ], [ -118.435157425968001, 34.036954887680999 ], [ -118.435158218211996, 34.0369558431575 ], [ -118.424666216583006, 34.041944844461298 ], [ -118.424223216852994, 34.041083844638997 ], [ -118.421185216137005, 34.0371448439858 ], [ -118.418286215652998, 34.036231844415802 ], [ -118.416123214031003, 34.033214844122398 ], [ -118.414844214734003, 34.0323158443301 ] ] ] } },
{ "type": "Feature", "properties": { "objectid": 79, "name": "Reseda", "area_sqmi": 5.8786105078035957, "source_url": "https://services5.arcgis.com/7nsPwEMP38bSkCjy/arcgis/rest/services/LA_Times_Neighborhoods/FeatureServer/0", "fetched_at": "2025-12-07T08:52:51.283518" }, "geometry": { "type": "Polygon", "coordinates": [ [ [ -118.558217250772003, 34.186572852620699 ], [ -118.562232251504994, 34.186567852591402 ], [ -118.562306253990002, 34.220335855998101 ], [ -118.562295443375007, 34.220336018026302 ], [ -118.518624247407004, 34.220989859029103 ], [ -118.518624242570993, 34.220988556320599 ], [ -118.518493244189997, 34.186617855243803 ], [ -118.527308242038004, 34.186607868975699 ], [ -118.555759831331002, 34.186575636647703 ], [ -118.558217250772003, 34.186572852620699 ] ] ] } },
{ "type": "Feature", "properties": { "objectid": 80, "name": "San Pedro", "area_sqmi": 10.570967444733053, "source_url": "https://services5.arcgis.com/7nsPwEMP38bSkCjy/arcgis/rest/services/LA_Times_Neighborhoods/FeatureServer/0", "fetched_at": "2025-12-07T08:52:51.283518" }, "geometry": { "type": "MultiPolygon", "coordinates": [ [ [ [ -118.267597567202998, 33.721779288403297 ], [ -118.267648961877995, 33.721783939745201 ], [ -118.267689003537001, 33.721805317689601 ], [ -118.267717658910001, 33.721841039480303 ], [ -118.268126674596004, 33.7229535382818 ], [ -118.268154125549003, 33.722965885045703 ], [ -118.268175792782998, 33.722961071059501 ], [ -118.268193951590007, 33.723008021942903 ], [ -118.268175673795, 33.723012313167096 ], [ -118.268175676194005, 33.7230130645084 ], [ -118.268174179271, 33.7230752793497 ], [ -118.268174155980006, 33.723076030748302 ], [ -118.268315719490005, 33.723424919550403 ], [ -118.268368207278996, 33.7234095393936 ], [ -118.268390919585997, 33.723377996561197 ], [ -118.268390738177004, 33.723377503223801 ], [ -118.268390942875996, 33.723377245162503 ], [ -118.268295610878994, 33.723121484736801 ], [ -118.268390606525003, 33.723095104495997 ], [ -118.268546046918004, 33.723501214688703 ], [ -118.268941575122994, 33.724543629747799 ], [ -118.269261140506998, 33.725384423412898 ], [ -118.269635713558998, 33.726376092357697 ], [ -118.269541869180003, 33.7264019987323 ], [ -118.269360488955002, 33.725921542893701 ], [ -118.269333044500002, 33.725911579225901 ], [ -118.268855599513998, 33.726040032739903 ], [ -118.268855858622999, 33.726040719106699 ], [ -118.268855601919, 33.726040784081498 ], [ -118.269104345215993, 33.7266985581943 ], [ -118.269547593135997, 33.726584498845497 ], [ -118.269585251837995, 33.726582976166704 ], [ -118.269605827823, 33.726590100052903 ], [ -118.269619611226005, 33.7266100979284 ], [ -118.269621352754996, 33.726632398300303 ], [ -118.269614612938, 33.726653708729103 ], [ -118.269601015979006, 33.726683793085797 ], [ -118.269595955868994, 33.7267081480719 ], [ -118.269596008492002, 33.726708534361002 ], [ -118.269595932588999, 33.726708899471198 ], [ -118.269599439505996, 33.726728920379003 ], [ -118.269722093314002, 33.727057821348701 ], [ -118.269751472783, 33.727142185426104 ], [ -118.269767071500993, 33.727199403100897 ], [ -118.269775799502995, 33.727245172771198 ], [ -118.269786218598, 33.727289521822598 ], [ -118.269796642253993, 33.7273352876893 ], [ -118.269812176629003, 33.727372455268103 ], [ -118.269834567982002, 33.727416777464001 ], [ -118.269869047327006, 33.727481101309003 ], [ -118.269886272847003, 33.727516848259299 ], [ -118.269908772682996, 33.727586909207503 ], [ -118.269920890250006, 33.727624105906997 ], [ -118.269932991242996, 33.727664136294997 ], [ -118.269943332300997, 33.727684163328099 ], [ -118.269960496164003, 33.727692711638099 ], [ -118.269986252097993, 33.727712682607802 ], [ -118.270000037688007, 33.727741267264101 ], [ -118.270010397128999, 33.727767004489401 ], [ -118.270013831304993, 33.727796320790397 ], [ -118.269943783277, 33.727816485295598 ], [ -118.269944016709005, 33.727817171717902 ], [ -118.269943760068998, 33.727817258161998 ], [ -118.269983515993999, 33.727924504266298 ], [ -118.270152937980001, 33.7278797515024 ], [ -118.270364809198, 33.728435637452499 ], [ -118.269207161588994, 33.729014817501202 ], [ -118.270173999091, 33.728964048630097 ], [ -118.268901724798994, 33.729301012601603 ], [ -118.268889439321001, 33.729387852884201 ], [ -118.268889517014998, 33.729388045914099 ], [ -118.268889441794997, 33.729388625693097 ], [ -118.269086364361002, 33.729907194715899 ], [ -118.269142392410998, 33.729929030195898 ], [ -118.269614776767995, 33.729802068088603 ], [ -118.270189606458999, 33.729774481290903 ], [ -118.269828474411, 33.729870433869699 ], [ -118.268930557378994, 33.730105233360298 ], [ -118.268901041687997, 33.7301549312036 ], [ -118.268901197285004, 33.730155381664296 ], [ -118.268901044093994, 33.7301556825457 ], [ -118.269116413271007, 33.730729573928201 ], [ -118.269163362567994, 33.730772403040397 ], [ -118.269437200927001, 33.730702129407597 ], [ -118.270011071526, 33.730550101001903 ], [ -118.270260924042006, 33.730483700463402 ], [ -118.270510811120005, 33.730420175915697 ], [ -118.270819982532998, 33.730336467161401 ], [ -118.271252397466, 33.730220043049499 ], [ -118.271264385728003, 33.730216903293197 ], [ -118.271271805401, 33.730215212131299 ], [ -118.271279793424995, 33.730214485705602 ], [ -118.271286376831, 33.7302163814295 ], [ -118.271292940715995, 33.730220187766598 ], [ -118.271295527630997, 33.730225656036303 ], [ -118.271296652440995, 33.730231857483602 ], [ -118.271295882258997, 33.730239995240701 ], [ -118.271261575541999, 33.730444589398999 ], [ -118.271191663536001, 33.730897358790799 ], [ -118.271120987030997, 33.731336390964699 ], [ -118.271054563972996, 33.731764100390798 ], [ -118.270986048105996, 33.732204329825699 ], [ -118.270916123456004, 33.732654093803703 ], [ -118.270833489926005, 33.733186663442901 ], [ -118.270778654428995, 33.733535519613 ], [ -118.270720998751003, 33.733894385781497 ], [ -118.270693019177997, 33.734070006545998 ], [ -118.270638741099006, 33.7344088148444 ], [ -118.270591208023006, 33.734719958357601 ], [ -118.270524820101002, 33.735120361474799 ], [ -118.270461928095003, 33.735114535023797 ], [ -118.270457805955999, 33.735158959693102 ], [ -118.270420303303993, 33.735154278299497 ], [ -118.270399788785994, 33.7353105618675 ], [ -118.270399866282006, 33.735310690495801 ], [ -118.270399791204994, 33.735311313210097 ], [ -118.270825847908995, 33.735979870451501 ], [ -118.270871155955007, 33.7360384380097 ], [ -118.270898088346001, 33.736071780163002 ], [ -118.270939357456996, 33.736120825402502 ], [ -118.270964004160007, 33.736146530404703 ], [ -118.270989752188001, 33.736163173809203 ], [ -118.271011476492006, 33.736175039110897 ], [ -118.271015990056995, 33.736156438443501 ], [ -118.271022786179998, 33.736144487432199 ], [ -118.271151947982005, 33.7361752163511 ], [ -118.271290205539998, 33.736205903155003 ], [ -118.271320494823996, 33.736212511117699 ], [ -118.271342790177002, 33.736218192549899 ], [ -118.271382783095007, 33.736230016581999 ], [ -118.271628393650005, 33.736253312258199 ], [ -118.271709879976996, 33.736200662689598 ], [ -118.271771940392, 33.735798379517 ], [ -118.271827938708, 33.735452375269901 ], [ -118.271827810237994, 33.7354523755602 ], [ -118.271827936275997, 33.735451623927297 ], [ -118.271808096884001, 33.735450530994498 ], [ -118.271812908680999, 33.735420938475599 ], [ -118.271812780142, 33.735420917298903 ], [ -118.271812906180003, 33.735420165666099 ], [ -118.271721871593996, 33.735412106471998 ], [ -118.271634482783995, 33.735403180294298 ], [ -118.271603437736999, 33.735401146607998 ], [ -118.271558306322007, 33.735397255605498 ], [ -118.271656988260006, 33.734774873701603 ], [ -118.271680116493997, 33.734776023633501 ], [ -118.271778343308, 33.734783658735303 ], [ -118.271909992134994, 33.734797443680698 ], [ -118.272071161078003, 33.7337874179049 ], [ -118.272071058234999, 33.733787396670401 ], [ -118.272071158575002, 33.733786645095599 ], [ -118.271829835904001, 33.733760249399403 ], [ -118.271825298940001, 33.733763587048202 ], [ -118.271818541574007, 33.733763602315598 ], [ -118.271855903488003, 33.733518599946798 ], [ -118.271889278315001, 33.733311925326497 ], [ -118.271939566810005, 33.733147266485503 ], [ -118.272053351300997, 33.733159546013702 ], [ -118.272163017883003, 33.733169666574703 ], [ -118.272243527876, 33.732658331752198 ], [ -118.272249881554998, 33.732636850294099 ], [ -118.272258827780007, 33.7326225329736 ], [ -118.272270357156003, 33.732612481755403 ], [ -118.272284466274002, 33.732605644759502 ], [ -118.272301158684002, 33.732603116798202 ], [ -118.272322132289005, 33.732605559506403 ], [ -118.272341425329998, 33.732612685838802 ], [ -118.272351329751004, 33.732624470311698 ], [ -118.272404334735, 33.7327273922931 ], [ -118.272540534067005, 33.732671741695597 ], [ -118.272864877551001, 33.733230674781701 ], [ -118.272696727684007, 33.7332981836024 ], [ -118.272697089412006, 33.733298805327898 ], [ -118.272696730123997, 33.733298934944798 ], [ -118.273038655316995, 33.733890650940303 ], [ -118.273206317499998, 33.733823013942903 ], [ -118.273332566462003, 33.734041154769102 ], [ -118.273506878812995, 33.734619060452196 ], [ -118.273474161327997, 33.734632015078098 ], [ -118.273474523066994, 33.7346326368014 ], [ -118.273474163844995, 33.734632787887499 ], [ -118.273527267290007, 33.7347256840564 ], [ -118.273551866491005, 33.7347682402958 ], [ -118.274618601545001, 33.738304531680299 ], [ -118.274640453703, 33.738630159167499 ], [ -118.274674696640005, 33.739146021298303 ], [ -118.274710654561005, 33.739667589792099 ], [ -118.274716386145997, 33.739754454072802 ], [ -118.272243156358996, 33.740905817949098 ], [ -118.271749177228997, 33.741698813273601 ], [ -118.274520166244997, 33.740804815104397 ], [ -118.270961160346999, 33.746947818907202 ], [ -118.269439160147002, 33.748899829035999 ], [ -118.265525168070994, 33.751110820753503 ], [ -118.263116173154998, 33.753019817712897 ], [ -118.258117162145993, 33.758821813865197 ], [ -118.257416156652994, 33.758124817228698 ], [ -118.257617162078006, 33.759321824775 ], [ -118.256818162989006, 33.758424831700999 ], [ -118.257019160541006, 33.759621818828201 ], [ -118.256219165906003, 33.758624829890401 ], [ -118.256320156843003, 33.759722831360698 ], [ -118.255620165969006, 33.758824825103801 ], [ -118.255721171160005, 33.760022821060602 ], [ -118.254922156955999, 33.759124827884499 ], [ -118.255322174897003, 33.760122824998199 ], [ -118.245306337160002, 33.7637002065659 ], [ -118.245184190724999, 33.763548188913802 ], [ -118.242184169311003, 33.759813826843903 ], [ -118.242006319273003, 33.7595925363416 ], [ -118.241924810357006, 33.759491117692903 ], [ -118.241320978687, 33.758739369979999 ], [ -118.241165186238007, 33.758545426115802 ], [ -118.241103879994, 33.758506500225003 ], [ -118.240950061171006, 33.758408875196999 ], [ -118.240905208159006, 33.758380413694802 ], [ -118.240779635186001, 33.758300678435099 ], [ -118.241431740989995, 33.758110267920401 ], [ -118.242208183227007, 33.757883560362799 ], [ -118.243326205437, 33.757557108243098 ], [ -118.248978173780998, 33.755906831974997 ], [ -118.248978070407006, 33.755906638984598 ], [ -118.248978378554995, 33.7559065524785 ], [ -118.248842336712002, 33.755582379553097 ], [ -118.248737536879005, 33.755332761682801 ], [ -118.248716467940994, 33.755282464795997 ], [ -118.248712535213997, 33.7552735855298 ], [ -118.247289782644003, 33.751882027670298 ], [ -118.249264648473996, 33.749749380534602 ], [ -118.249361388951002, 33.749787842382702 ], [ -118.249546689059997, 33.749879036980502 ], [ -118.249701151577995, 33.7499703167571 ], [ -118.249907147529996, 33.750107278692099 ], [ -118.250054855878005, 33.750234336270303 ], [ -118.250249022589998, 33.750419988174301 ], [ -118.250364171933001, 33.750547113087102 ], [ -118.250551692021006, 33.750804328264401 ], [ -118.250587580420998, 33.750774199561398 ], [ -118.250643985012005, 33.750729731012001 ], [ -118.251295063624994, 33.750171644747901 ], [ -118.251554754260994, 33.749933546976798 ], [ -118.251701726860006, 33.749805853742998 ], [ -118.251838312486996, 33.749651004695103 ], [ -118.251923638581999, 33.749542073656102 ], [ -118.251988465853998, 33.749444605994398 ], [ -118.252044718413998, 33.749350032853599 ], [ -118.252267382217994, 33.748952424549699 ], [ -118.252552870556002, 33.7484676348477 ], [ -118.252599774518004, 33.748392401483997 ], [ -118.252727517362999, 33.748144059251203 ], [ -118.252988813550004, 33.747683169332099 ], [ -118.253055550751995, 33.747563757708001 ], [ -118.253096730371993, 33.7474909190462 ], [ -118.253102356173997, 33.7474646743986 ], [ -118.253112287836998, 33.7474431863929 ], [ -118.253130740814996, 33.747409744745099 ], [ -118.253305430015004, 33.747101688982603 ], [ -118.253453670637001, 33.746834712343201 ], [ -118.253734845967998, 33.746338937874803 ], [ -118.253808109117003, 33.746202832144299 ], [ -118.253843860244999, 33.746128330253597 ], [ -118.253879654599999, 33.746068146824797 ], [ -118.253981941513999, 33.745910512640698 ], [ -118.253998934299005, 33.745861810831997 ], [ -118.254010779007004, 33.745810264763399 ], [ -118.254071564425999, 33.745516766905702 ], [ -118.254081644017006, 33.7454509059977 ], [ -118.254084897186004, 33.745396522940702 ], [ -118.254084870773994, 33.745396286858302 ], [ -118.254084894846997, 33.745395750129703 ], [ -118.254077881933, 33.745337095329504 ], [ -118.254063973545001, 33.745275578496603 ], [ -118.254041551138997, 33.745219811356399 ], [ -118.254015668039003, 33.745158319800503 ], [ -118.253979480314996, 33.745088284614702 ], [ -118.253933000859007, 33.745013956250098 ], [ -118.253877921476004, 33.744933935763498 ], [ -118.253846977091996, 33.744898215382001 ], [ -118.253812615059005, 33.744862502201897 ], [ -118.253800093316997, 33.744851580389799 ], [ -118.253971164614995, 33.744666816979702 ], [ -118.253708771163005, 33.744785160546598 ], [ -118.253704446319006, 33.744782593612797 ], [ -118.253659840308998, 33.744758365423898 ], [ -118.253628960922001, 33.744744111957303 ], [ -118.253589490199005, 33.744727021464499 ], [ -118.253550053810002, 33.744712786011704 ], [ -118.253520913445996, 33.744704260570501 ], [ -118.253491756073998, 33.744698611750401 ], [ -118.253462632955006, 33.744695796509099 ], [ -118.253440345243007, 33.744692988330698 ], [ -118.253411252381994, 33.744700198152103 ], [ -118.253378716213007, 33.744707436684401 ], [ -118.253353010766006, 33.7447046142196 ], [ -118.253332436125007, 33.744698947289002 ], [ -118.253294725814001, 33.7446861464148 ], [ -118.253253593709005, 33.744680501277202 ], [ -118.253219301284005, 33.744676280028003 ], [ -118.253183321484002, 33.744674917444797 ], [ -118.253154224336001, 33.744680710384003 ], [ -118.253128566401003, 33.744693644627397 ], [ -118.253085755775004, 33.744702321523597 ], [ -118.253044671156999, 33.744712433070802 ], [ -118.253001890476995, 33.7447225267032 ], [ -118.252863162419004, 33.744734281755697 ], [ -118.252768975373002, 33.744748776746299 ], [ -118.252649117407998, 33.744771933877303 ], [ -118.252532715659001, 33.744799377056403 ], [ -118.252371742603998, 33.744822598727502 ], [ -118.252169667431005, 33.744841634375199 ], [ -118.251986363583995, 33.744847750109898 ], [ -118.251849331046003, 33.744850892132597 ], [ -118.251717459353003, 33.744861193216302 ], [ -118.251592529983995, 33.744864309626301 ], [ -118.251614949053007, 33.744730866151102 ], [ -118.252416176352, 33.744122828157899 ], [ -118.255416176840995, 33.742722810029001 ], [ -118.255216172771995, 33.740622829120603 ], [ -118.261116169057004, 33.736923818973999 ], [ -118.260716165665002, 33.733723815721604 ], [ -118.261133756760003, 33.731705434436499 ], [ -118.261164720438003, 33.731706612313701 ], [ -118.261210402211006, 33.731706513137503 ], [ -118.261249212124, 33.731702607728103 ], [ -118.262650168175995, 33.731282366286699 ], [ -118.262649883475007, 33.731281701429097 ], [ -118.262650165826003, 33.7312816149444 ], [ -118.262590629738995, 33.731140062245103 ], [ -118.262505669670006, 33.731084433275797 ], [ -118.261182103511999, 33.731471724824701 ], [ -118.261215338962003, 33.731311186318401 ], [ -118.261234565207005, 33.731305498732297 ], [ -118.261234280451006, 33.731304812404403 ], [ -118.261234562802997, 33.731304725923003 ], [ -118.261222679333002, 33.731275642379998 ], [ -118.261247308284993, 33.731156639868203 ], [ -118.263607926714002, 33.730465982617098 ], [ -118.263543573529006, 33.730779263742498 ], [ -118.262705167118995, 33.731024727228501 ], [ -118.262681196797999, 33.731115413537601 ], [ -118.262681326133006, 33.731115692327201 ], [ -118.262681199214995, 33.731116186346902 ], [ -118.262740292684995, 33.731255829398499 ], [ -118.263491518630005, 33.731032646252899 ], [ -118.263206160701003, 33.7324218255294 ], [ -118.263296173875005, 33.734219818282199 ], [ -118.263426006428006, 33.734220500094203 ], [ -118.263426165292998, 33.734336679584203 ], [ -118.263426167649996, 33.7343374309269 ], [ -118.263424229045, 33.7346286361227 ], [ -118.263424231401999, 33.734629387465397 ], [ -118.263432258026, 33.734640811844798 ], [ -118.264001527231002, 33.734639564023098 ], [ -118.264488547973997, 33.734637549798101 ], [ -118.264990987881006, 33.734636444192397 ], [ -118.264979485930994, 33.734965001758702 ], [ -118.264979488300995, 33.734965753101299 ], [ -118.265220194072, 33.735129982582599 ], [ -118.265298155268994, 33.735440825813399 ], [ -118.265444730015005, 33.735283170249602 ], [ -118.265487834875003, 33.735312592379998 ], [ -118.266676548340996, 33.734099863917699 ], [ -118.266692612290001, 33.734077287874001 ], [ -118.266700411990001, 33.7340575852703 ], [ -118.266706040208007, 33.7340337228663 ], [ -118.266714243609997, 33.7339226984042 ], [ -118.266823153906003, 33.734074765852398 ], [ -118.266816140228997, 33.7340911607903 ], [ -118.266806200353003, 33.734108463834701 ], [ -118.265538392438998, 33.735383086046802 ], [ -118.264961296357995, 33.735975411628402 ], [ -118.264961273034999, 33.7359761630278 ], [ -118.264952827749994, 33.736548837643497 ], [ -118.264952804494001, 33.736549610509798 ], [ -118.265261692660999, 33.7370832027934 ], [ -118.265656716878993, 33.737772154722798 ], [ -118.266058612606002, 33.738470621632302 ], [ -118.266195499578998, 33.738416887253003 ], [ -118.266280472749997, 33.738562675466298 ], [ -118.266966934942005, 33.738285645548601 ], [ -118.267463777518998, 33.738085370380702 ], [ -118.268066122917006, 33.737845508960604 ], [ -118.268639946823996, 33.737614659989902 ], [ -118.269253696625995, 33.737367618618698 ], [ -118.269660714509001, 33.737203900623001 ], [ -118.270006423604997, 33.7370641902614 ], [ -118.270275146250995, 33.736955049278002 ], [ -118.270580232967006, 33.736832129913999 ], [ -118.270907295944994, 33.736703836456101 ], [ -118.270907424277993, 33.736703793232898 ], [ -118.270907757819003, 33.736703642212198 ], [ -118.270907421784997, 33.736703020423199 ], [ -118.270893072948994, 33.736675617788002 ], [ -118.270875132737999, 33.736650026472702 ], [ -118.270855074045002, 33.7366208549197 ], [ -118.270830690973, 33.736589288783797 ], [ -118.270794179065007, 33.736549420711199 ], [ -118.270749744452999, 33.7364988369117 ], [ -118.270719663861996, 33.736461337191201 ], [ -118.270665159361997, 33.736387527159998 ], [ -118.270643679223994, 33.736363725543697 ], [ -118.270617917782999, 33.736342917479199 ], [ -118.270590042894995, 33.736328060546597 ], [ -118.270484646705995, 33.736288841030202 ], [ -118.270629163951995, 33.736228816064099 ], [ -118.268238568841994, 33.732981047784797 ], [ -118.268300926167996, 33.732980908736799 ], [ -118.268300923699002, 33.732980135927498 ], [ -118.268299370940994, 33.7328881744249 ], [ -118.268244956431005, 33.732889412050902 ], [ -118.268235226650006, 33.7326907988692 ], [ -118.268330256168994, 33.7326877103675 ], [ -118.268330202382998, 33.732686959139699 ], [ -118.268330253768994, 33.732686959025102 ], [ -118.268280856415998, 33.731701021966899 ], [ -118.268226541044996, 33.730783769160098 ], [ -118.268219406921006, 33.730697916778297 ], [ -118.268220867405006, 33.730624259999402 ], [ -118.268225830507006, 33.730561286013398 ], [ -118.268251010965002, 33.730400935249698 ], [ -118.268261018244004, 33.730316482946201 ], [ -118.268264247863002, 33.730257784773798 ], [ -118.268264221964998, 33.730257720430401 ], [ -118.268264245463001, 33.730257033431798 ], [ -118.268245284971997, 33.730216996689698 ], [ -118.268228144849004, 33.730191854032903 ], [ -118.268192974206002, 33.730200648074202 ], [ -118.268203981859003, 33.729809944335102 ], [ -118.268365498665005, 33.729758191978803 ], [ -118.268374437787003, 33.729693298555702 ], [ -118.268374385168002, 33.729692912265797 ], [ -118.268374435317995, 33.729692525746799 ], [ -118.268365051095003, 33.729618120354097 ], [ -118.268208297997006, 33.729657024782099 ], [ -118.268218175894006, 33.729306810479997 ], [ -118.267415165282998, 33.729306816366297 ], [ -118.264814978326001, 33.7225256943074 ], [ -118.264823391101004, 33.722521382378297 ], [ -118.267531975443006, 33.721793731349301 ], [ -118.267597567202998, 33.721779288403297 ] ] ], [ [ [ -118.294002260756997, 33.7046743740312 ], [ -118.294062260263999, 33.704674377612498 ], [ -118.294122259771001, 33.704674381163898 ], [ -118.294182242861993, 33.704684366882297 ], [ -118.294242258709005, 33.704674366710002 ], [ -118.294282249844002, 33.704674376197602 ], [ -118.294322250264997, 33.704684367806102 ], [ -118.294382259147, 33.704694374828698 ], [ -118.294442242358997, 33.704704381884298 ], [ -118.294482259117004, 33.704704369775698 ], [ -118.294512249535003, 33.704694378582801 ], [ -118.294542258644995, 33.7047043731176 ], [ -118.294552243084993, 33.704724377379698 ], [ -118.294552245719998, 33.704725128718401 ], [ -118.294552249665003, 33.704799511879003 ], [ -118.294552252298999, 33.704800263217699 ], [ -118.294552257747, 33.704904378177197 ], [ -118.294582260461993, 33.705044376901199 ], [ -118.294632250538996, 33.705134372935497 ], [ -118.294682254552001, 33.705184375884301 ], [ -118.294782260193003, 33.705254370852202 ], [ -118.294798883002997, 33.705277664743697 ], [ -118.294832257525997, 33.7053243810062 ], [ -118.294852264317996, 33.705404382426501 ], [ -118.294852136797999, 33.705404640343097 ], [ -118.29485226688, 33.705405112298401 ], [ -118.294843808715001, 33.705424839746399 ], [ -118.294822255718998, 33.705475125378598 ], [ -118.294822241898004, 33.705544377977098 ], [ -118.294832261536001, 33.705574364291103 ], [ -118.294972261994005, 33.705674379266704 ], [ -118.295032267370004, 33.705734361171302 ], [ -118.295040655790999, 33.7057679149938 ], [ -118.295052248765003, 33.705814362626299 ], [ -118.295052173219005, 33.705814792151799 ], [ -118.295052251404002, 33.705815113965102 ], [ -118.295042255715003, 33.705865113682002 ], [ -118.294962251881998, 33.705925117004398 ], [ -118.294932333329996, 33.705984954528098 ], [ -118.294936888430001, 33.706016735997601 ], [ -118.294942260341003, 33.7060543759575 ], [ -118.294982264132003, 33.706094378220698 ], [ -118.295042260442997, 33.706144377987798 ], [ -118.295082266920005, 33.706214369624099 ], [ -118.295132248772006, 33.7062943618632 ], [ -118.295152256080996, 33.706374363245402 ], [ -118.295152180759999, 33.706374857171497 ], [ -118.295152258719995, 33.706375114584297 ], [ -118.295142256256995, 33.706445121583897 ], [ -118.295092245533993, 33.706525123045203 ], [ -118.295062481196993, 33.706606963914098 ], [ -118.295052305401001, 33.706634960393302 ], [ -118.295062260861002, 33.706734371164899 ], [ -118.295082246709001, 33.706764375947301 ], [ -118.295112686923005, 33.706787185092999 ], [ -118.295122267132996, 33.706794374501101 ], [ -118.295162255139005, 33.706844380376097 ], [ -118.295202262049003, 33.706914371979998 ], [ -118.295212249551, 33.706964365603298 ], [ -118.295212173777003, 33.706964730728501 ], [ -118.295212252191007, 33.7069651169422 ], [ -118.295195707405995, 33.707044564029303 ], [ -118.295162263956001, 33.707205112027602 ], [ -118.295157483729994, 33.707226268766497 ], [ -118.295128249371004, 33.707334727455702 ], [ -118.295123339360998, 33.707377437393497 ], [ -118.295092356526993, 33.707514644698001 ], [ -118.295137207143995, 33.707632646157499 ], [ -118.295206550551995, 33.7077327698657 ], [ -118.295229646211993, 33.707763217803198 ], [ -118.295382258491998, 33.707964375429398 ], [ -118.295437188123998, 33.708033965379201 ], [ -118.295532263677998, 33.708154376427601 ], [ -118.295691154804999, 33.708351096043501 ], [ -118.295742261176997, 33.708414362488703 ], [ -118.295842258345004, 33.708524371162703 ], [ -118.295945119536995, 33.708601506704397 ], [ -118.295962245976995, 33.708614366239502 ], [ -118.296232245952993, 33.708764378535797 ], [ -118.296742253825997, 33.709044382197803 ], [ -118.297302250268999, 33.7093243674977 ], [ -118.297642263035996, 33.7095143683716 ], [ -118.297691294136001, 33.709535027102099 ], [ -118.297832264950003, 33.709594377891499 ], [ -118.298122811580001, 33.709691225686697 ], [ -118.298132249551003, 33.709694357944997 ], [ -118.298132275312994, 33.7096943793482 ], [ -118.298350897297993, 33.709754009303502 ], [ -118.298352259954001, 33.709754370862697 ], [ -118.298361455635003, 33.709754369518699 ], [ -118.298371601699003, 33.709754365816302 ], [ -118.298405122293005, 33.709754368523498 ], [ -118.298482258172996, 33.709754370325797 ], [ -118.298682255431004, 33.709784378472797 ], [ -118.299000588697993, 33.709843008246501 ], [ -118.299062250546001, 33.709854361265599 ], [ -118.299222248838007, 33.709904367897899 ], [ -118.299382268800002, 33.709924363364202 ], [ -118.299568318051996, 33.709932465459097 ], [ -118.299612248477999, 33.709934373934203 ], [ -118.300052254034995, 33.709984368568897 ], [ -118.300497871052997, 33.710080609015797 ], [ -118.300715097907002, 33.710165934199502 ], [ -118.300957943027996, 33.710239280693202 ], [ -118.301189589084004, 33.710369885836698 ], [ -118.301432597773001, 33.710481377874899 ], [ -118.301758488339004, 33.7106332127291 ], [ -118.302056434817999, 33.710764100666402 ], [ -118.302072268976005, 33.710774365073902 ], [ -118.302192927529006, 33.710819615016398 ], [ -118.302232255429999, 33.7108343713832 ], [ -118.302307716273006, 33.710889695478002 ], [ -118.302382250186994, 33.7109443778456 ], [ -118.302432234224995, 33.710965182526202 ], [ -118.302482449929997, 33.710986115405802 ], [ -118.302502258388003, 33.710994373328496 ], [ -118.302570319786994, 33.7110420092067 ], [ -118.302583813579005, 33.711051442220899 ], [ -118.302602251774005, 33.711064361920101 ], [ -118.302606084776002, 33.711065940836903 ], [ -118.302743455547997, 33.7111225257093 ], [ -118.302772267324002, 33.711134367386798 ], [ -118.302926572686005, 33.711157227649501 ], [ -118.303042250371007, 33.711174367479302 ], [ -118.303173601823005, 33.711178608939903 ], [ -118.303352247985998, 33.711184362477802 ], [ -118.303371968896002, 33.711189679495497 ], [ -118.303612245066006, 33.711254375920397 ], [ -118.303762590914005, 33.711304486769997 ], [ -118.303792269173002, 33.711314372515801 ], [ -118.303912645110003, 33.711394634184003 ], [ -118.303972253780003, 33.7114343692975 ], [ -118.304152258754996, 33.7115243763172 ], [ -118.304236413674005, 33.711561194111702 ], [ -118.304312258595999, 33.711594362010302 ], [ -118.304610674897006, 33.711689843330902 ], [ -118.304779249514993, 33.711737116035202 ], [ -118.305012924177007, 33.711794012401398 ], [ -118.305042244857006, 33.711804371021799 ], [ -118.305172252522993, 33.711834374151898 ], [ -118.305190842862999, 33.711839522004801 ], [ -118.305352268312006, 33.7118843648066 ], [ -118.305396348146004, 33.711891723419903 ], [ -118.305652268090995, 33.711934372352601 ], [ -118.305734845321993, 33.711939700972501 ], [ -118.305962253882996, 33.711954364301498 ], [ -118.306004765782006, 33.7119543634876 ], [ -118.306112265688, 33.711954369015302 ], [ -118.306182134170001, 33.711954362912998 ], [ -118.306242267388996, 33.711954381557703 ], [ -118.306315459385999, 33.711964134417002 ], [ -118.306392249341002, 33.711974371808303 ], [ -118.306466703626995, 33.7119991912191 ], [ -118.306512250663999, 33.712014381153701 ], [ -118.306602245557002, 33.7120743668156 ], [ -118.306732250191004, 33.712124375548598 ], [ -118.306892246513002, 33.712164368383398 ], [ -118.306982264707003, 33.712174378442697 ], [ -118.307042269570999, 33.7121743755484 ], [ -118.307212251449997, 33.712184374483797 ], [ -118.307262249301004, 33.712194379211198 ], [ -118.307372269946995, 33.712244373902998 ], [ -118.307452266438005, 33.712274373565798 ], [ -118.307552247488005, 33.712304365010901 ], [ -118.307593894403993, 33.712313618140598 ], [ -118.307642251171998, 33.712324378253598 ], [ -118.307732265778995, 33.712354373573802 ], [ -118.307842261228004, 33.7124043679026 ], [ -118.307870644055001, 33.712425010947499 ], [ -118.307994854686001, 33.7125127722054 ], [ -118.308359473305003, 33.712677971395102 ], [ -118.308698682412, 33.712792529556097 ], [ -118.308956537959006, 33.712836433062698 ], [ -118.30913144758, 33.712865801370199 ], [ -118.309370534568998, 33.7128771008583 ], [ -118.309592268992006, 33.712954369819201 ], [ -118.309732265809004, 33.713024378353801 ], [ -118.309982754654001, 33.713111211250897 ], [ -118.310262257106999, 33.713194362328302 ], [ -118.31055226158, 33.713394373690903 ], [ -118.310792271363994, 33.713564373826699 ], [ -118.310992269337007, 33.713764380542599 ], [ -118.311142258066994, 33.7138543689016 ], [ -118.311292250118996, 33.713924371248098 ], [ -118.311452254714993, 33.714034362055699 ], [ -118.311888090769003, 33.7142197384184 ], [ -118.312222268238003, 33.714394364541697 ], [ -118.312592264312002, 33.714564367116203 ], [ -118.312915780501996, 33.714655254611998 ], [ -118.313242261425998, 33.714714362287403 ], [ -118.313512258651997, 33.714774367662102 ], [ -118.313832263501993, 33.714784374009596 ], [ -118.314297016251999, 33.714656247308497 ], [ -118.314450355171999, 33.714637943015397 ], [ -118.314696786854995, 33.714708869664001 ], [ -118.314893103431999, 33.714732205767 ], [ -118.315053393409997, 33.714663198802 ], [ -118.315267257404003, 33.7146119547333 ], [ -118.315523807787997, 33.714524812744102 ], [ -118.315782249869002, 33.714394366201901 ], [ -118.315982261672005, 33.714314369914 ], [ -118.316185993456003, 33.714280989945898 ], [ -118.316452260570998, 33.7142643611569 ], [ -118.316632269430997, 33.714234370236397 ], [ -118.316812269335003, 33.714154360844297 ], [ -118.316982255607002, 33.714014377170301 ], [ -118.317192256290994, 33.713954381301498 ], [ -118.317322271622999, 33.713984371308001 ], [ -118.317452270569007, 33.714064379442902 ], [ -118.317522262359006, 33.714334378988198 ], [ -118.317522187001003, 33.714334829995103 ], [ -118.317522265199003, 33.714335130327399 ], [ -118.317492260834001, 33.714525128528699 ], [ -118.317492259762005, 33.714674367472497 ], [ -118.317542260744005, 33.714854365513403 ], [ -118.317882270097996, 33.715154371094002 ], [ -118.318082246733994, 33.715214379520198 ], [ -118.318444949994998, 33.7152386650735 ], [ -118.318651762678996, 33.715211283546097 ], [ -118.318958387120006, 33.7151538192903 ], [ -118.319190485069996, 33.715209855157298 ], [ -118.319348108612004, 33.715379369978102 ], [ -118.319609475562999, 33.715620180145898 ], [ -118.319735263298995, 33.715861350229602 ], [ -118.319735240225995, 33.715862037236803 ], [ -118.319735266159, 33.715862101569002 ], [ -118.319722256763001, 33.716075132291898 ], [ -118.319677169686997, 33.716438517686299 ], [ -118.319650313032, 33.716529781125899 ], [ -118.319672257893998, 33.716754375582902 ], [ -118.319862263393006, 33.717014373244503 ], [ -118.320143616438997, 33.717219858797101 ], [ -118.320368923543001, 33.717359374435802 ], [ -118.320615641301004, 33.7175018379791 ], [ -118.320940806766004, 33.717629172127502 ], [ -118.321258364336998, 33.717634292259703 ], [ -118.321664658393004, 33.717513956906998 ], [ -118.321978061981, 33.7173670135683 ], [ -118.322072256175005, 33.717144362621198 ], [ -118.322232257154994, 33.717154367092597 ], [ -118.322432268583, 33.717134381955702 ], [ -118.322522780488995, 33.717070382121797 ], [ -118.322518677426999, 33.7169250396433 ], [ -118.322518674541996, 33.7169242883039 ], [ -118.322621986406006, 33.716882279281101 ], [ -118.322692251484, 33.7169643740488 ], [ -118.322771917352, 33.716905726956 ], [ -118.322792937570995, 33.716807287002403 ], [ -118.322828094770998, 33.716791242623103 ], [ -118.322924768077996, 33.716833337639301 ], [ -118.322925052298999, 33.716833766217498 ], [ -118.322924822673002, 33.716834174708097 ], [ -118.322925055187, 33.716834517556897 ], [ -118.322875449625002, 33.716921098581501 ], [ -118.322768933827007, 33.717058537513502 ], [ -118.322587613642995, 33.717223010820099 ], [ -118.322260043325997, 33.717399811454698 ], [ -118.322154141259006, 33.717644111248703 ], [ -118.322430251816996, 33.718054530140201 ], [ -118.322574333435, 33.718153042613203 ], [ -118.322855955438996, 33.7183455765215 ], [ -118.323320682147994, 33.718582848862297 ], [ -118.323562315179998, 33.718663494920001 ], [ -118.323992692955002, 33.718666007339202 ], [ -118.324555407240993, 33.718638472267997 ], [ -118.325619041704002, 33.718785995989499 ], [ -118.326176660588999, 33.719007463684299 ], [ -118.327557788478003, 33.719469503187597 ], [ -118.328176699647997, 33.719635259416101 ], [ -118.328631169467997, 33.719792875009801 ], [ -118.329090540010995, 33.719896077915799 ], [ -118.329425239467, 33.720084072043697 ], [ -118.329871069676997, 33.720218822731603 ], [ -118.330184523135998, 33.720229404687998 ], [ -118.330510184363007, 33.720300060105899 ], [ -118.330870752693997, 33.720532351608902 ], [ -118.331288133125, 33.720838890494797 ], [ -118.331668759124, 33.721094544981099 ], [ -118.331717474092997, 33.721135391312401 ], [ -118.332253072388994, 33.721451625963802 ], [ -118.332577446957998, 33.721623904545503 ], [ -118.333067995535004, 33.7218440232079 ], [ -118.333063911739004, 33.721850732245798 ], [ -118.333039282627993, 33.721891523497398 ], [ -118.332798450824995, 33.7222900824598 ], [ -118.332797531604001, 33.722291501830497 ], [ -118.332090335757002, 33.723461630783703 ], [ -118.331941278008998, 33.723708269711402 ], [ -118.32972008582, 33.727383276600598 ], [ -118.329659895922006, 33.727482920099597 ], [ -118.329657037017, 33.727487650696098 ], [ -118.329609021096005, 33.727566695327099 ], [ -118.329596694841996, 33.727587809792297 ], [ -118.329593402881997, 33.727593486126203 ], [ -118.328760704060997, 33.7289709472374 ], [ -118.328484163653997, 33.7294268052813 ], [ -118.324797192305994, 33.729414468757597 ], [ -118.324112534652002, 33.729412107723299 ], [ -118.324070963943001, 33.7294119621086 ], [ -118.324066107982006, 33.729411932255303 ], [ -118.324045553855996, 33.7294118588188 ], [ -118.323391290584993, 33.729409583542903 ], [ -118.323363388372002, 33.729409486808301 ], [ -118.323356888120998, 33.729409461346002 ], [ -118.323322459965993, 33.729409339208402 ], [ -118.322547030286998, 33.7294066550431 ], [ -118.322244473696998, 33.729405598220097 ], [ -118.322190519185, 33.729405420725101 ], [ -118.322174820938997, 33.729405355431197 ], [ -118.321788377968005, 33.7294040283398 ], [ -118.321786605053006, 33.729403990147901 ], [ -118.321022608757005, 33.729401351442398 ], [ -118.321022610561997, 33.7294018237138 ], [ -118.321022173797004, 33.729401824879297 ], [ -118.320920168455004, 33.731060817169002 ], [ -118.320614410348995, 33.731205290281203 ], [ -118.320401239294, 33.731286767719098 ], [ -118.320333377474, 33.7313118932097 ], [ -118.320268160081994, 33.731343258550098 ], [ -118.320206125507994, 33.731380561772198 ], [ -118.320147863445996, 33.731423479305299 ], [ -118.320142409403005, 33.731428345385098 ], [ -118.320137177429999, 33.731430806557903 ], [ -118.320134932513994, 33.731435020084497 ], [ -118.320093860659, 33.731471644918798 ], [ -118.320044578060006, 33.731524649517503 ], [ -118.320000450623994, 33.731582019674001 ], [ -118.319961887559998, 33.731643260562201 ], [ -118.319929195140006, 33.731707834695399 ], [ -118.319902679481999, 33.731775161652799 ], [ -118.319882544012998, 33.731844682752801 ], [ -118.319868991918995, 33.731915774912302 ], [ -118.319867164152996, 33.731935078701902 ], [ -118.319838922746996, 33.7319878126021 ], [ -118.318547635187997, 33.731986666122502 ], [ -118.318547629036004, 33.731991818244502 ], [ -118.318543184095006, 33.731991808546603 ], [ -118.318522162145996, 33.735255809813196 ], [ -118.318676351869996, 33.735208281175197 ], [ -118.318751295515995, 33.735186400854197 ], [ -118.319925182839, 33.735510808852901 ], [ -118.320313167145002, 33.7354508063423 ], [ -118.320385138785994, 33.735774703810002 ], [ -118.320015323530995, 33.735829184109697 ], [ -118.320015143673004, 33.735829184588098 ], [ -118.320015668105, 33.735831952451697 ], [ -118.319997179137005, 33.735834813821697 ], [ -118.320062167906997, 33.7361268084614 ], [ -118.318950590563006, 33.7365967347042 ], [ -118.318853293957005, 33.7365515896376 ], [ -118.318533856374003, 33.736354143993502 ], [ -118.318530137036007, 33.7363490446659 ], [ -118.318530121926003, 33.736351835431599 ], [ -118.318517167229999, 33.736343819558599 ], [ -118.318512182557001, 33.737637806503699 ], [ -118.318763180562001, 33.738371811214101 ], [ -118.318692166285004, 33.739253826035601 ], [ -118.318888183818004, 33.740319815224296 ], [ -118.319024178636994, 33.740539814834598 ], [ -118.319853179207996, 33.741006821051698 ], [ -118.320040460697996, 33.7414949365387 ], [ -118.320039101516997, 33.741502389250797 ], [ -118.319621307290006, 33.742629064846703 ], [ -118.319621205076999, 33.742629215388099 ], [ -118.319428991015997, 33.742627793789701 ], [ -118.319238449818002, 33.742627054394198 ], [ -118.318909013951995, 33.742624750872402 ], [ -118.318489664252994, 33.742621825798203 ], [ -118.318489176027001, 33.742621827090602 ], [ -118.318461180808995, 33.746846807300301 ], [ -118.318085344565006, 33.746844602806597 ], [ -118.318035077651999, 33.746843984326603 ], [ -118.315852321559007, 33.746830520643599 ], [ -118.314241532861999, 33.746820956187101 ], [ -118.313700743815005, 33.746818739326898 ], [ -118.312188174366, 33.746809814366699 ], [ -118.312188175564003, 33.746810136370797 ], [ -118.312188047077001, 33.746810136704099 ], [ -118.312185110708, 33.747188459886601 ], [ -118.312184310277004, 33.747304942717001 ], [ -118.311115233780001, 33.747298566626 ], [ -118.311115518563994, 33.747257520700799 ], [ -118.311119182696999, 33.7468038245161 ], [ -118.310771152979996, 33.746801954620501 ], [ -118.310490194997001, 33.746800340009003 ], [ -118.310284763889001, 33.746799152553102 ], [ -118.310259939439007, 33.746799001893301 ], [ -118.310250071332007, 33.746798941469002 ], [ -118.309791898778002, 33.7467962793243 ], [ -118.309635731680004, 33.746795543528997 ], [ -118.309462474095, 33.746794379209099 ], [ -118.309457239173, 33.746866114409002 ], [ -118.309456772678004, 33.746872019073997 ], [ -118.309456601498994, 33.746874380900401 ], [ -118.309456379004004, 33.746876764325897 ], [ -118.309456207745001, 33.746879104685299 ], [ -118.309436062022996, 33.747060747090103 ], [ -118.309421017271006, 33.7471831270515 ], [ -118.309419337305997, 33.747194466025498 ], [ -118.309206438749001, 33.748836391584199 ], [ -118.309134873979005, 33.749389139982704 ], [ -118.309131770121994, 33.7503260390205 ], [ -118.308878180563994, 33.7521368225663 ], [ -118.308849162808002, 33.753763829039599 ], [ -118.309012173159005, 33.754656809700997 ], [ -118.309109615368001, 33.754855925051103 ], [ -118.309108205081003, 33.7551709379374 ], [ -118.309108102156998, 33.755191847226499 ], [ -118.309107811499999, 33.755252514199498 ], [ -118.309107708892, 33.755273509356797 ], [ -118.309104020559005, 33.7560866953337 ], [ -118.309103839049001, 33.7561351257445 ], [ -118.309103776143999, 33.756152943660602 ], [ -118.309103687, 33.756163634542197 ], [ -118.309103304806001, 33.756241325227599 ], [ -118.309099762733993, 33.757031433721799 ], [ -118.309099676181006, 33.757049809847501 ], [ -118.309099660138997, 33.757080357681303 ], [ -118.309099363368006, 33.757676909845799 ], [ -118.309099182153005, 33.757732402968202 ], [ -118.309016039311999, 33.757732337417899 ], [ -118.308821919360994, 33.757732170240502 ], [ -118.308634353250994, 33.757732028876298 ], [ -118.308455114330997, 33.757731908810598 ], [ -118.308260968680997, 33.757731740794199 ], [ -118.308068519437001, 33.7577316110563 ], [ -118.307869490651996, 33.757731454908601 ], [ -118.307680331100997, 33.757731316133899 ], [ -118.307487856079007, 33.757731164066101 ], [ -118.307290497842999, 33.757731002692502 ], [ -118.307132051042998, 33.757730891964101 ], [ -118.307098022901997, 33.757730871468198 ], [ -118.306910508119998, 33.757730705819 ], [ -118.306707675713, 33.757730578917403 ], [ -118.306690892909003, 33.757730557287701 ], [ -118.306504200630997, 33.757730410376404 ], [ -118.306159446986996, 33.7577301287183 ], [ -118.306148267097001, 33.757730135693002 ], [ -118.306141019338, 33.757730111196501 ], [ -118.305675136733001, 33.757729728354903 ], [ -118.305392194256996, 33.7577295450862 ], [ -118.305191520714004, 33.757729410150603 ], [ -118.305007321331999, 33.757729233127897 ], [ -118.304824715552002, 33.7577290947211 ], [ -118.304625661157004, 33.757728954740699 ], [ -118.30436006667, 33.757728725130697 ], [ -118.301012173097007, 33.757725811091497 ], [ -118.301890177518004, 33.760515826141798 ], [ -118.301896705793993, 33.760515831232603 ], [ -118.301897329810998, 33.760517826115098 ], [ -118.302129288209997, 33.760517716286898 ], [ -118.302463205520993, 33.760517564476601 ], [ -118.302654015312996, 33.760517449711401 ], [ -118.302830046701004, 33.760517371831803 ], [ -118.303015922331994, 33.760517419178903 ], [ -118.303073494320003, 33.760517403009999 ], [ -118.303195192195005, 33.760517354078203 ], [ -118.303387724301999, 33.760517319679401 ], [ -118.303568664766004, 33.760517249810903 ], [ -118.303764409490995, 33.760517185238498 ], [ -118.303956890193007, 33.760517150058803 ], [ -118.304142765435998, 33.760517088330602 ], [ -118.309049764848993, 33.760519828906602 ], [ -118.309044447790001, 33.762489714831702 ], [ -118.309044256966004, 33.762542610484701 ], [ -118.309044266249998, 33.762559097264997 ], [ -118.309047351936002, 33.762559475750699 ], [ -118.309047163442997, 33.762682826726099 ], [ -118.311618178518003, 33.763055823008997 ], [ -118.308845182561001, 33.772258814355602 ], [ -118.308804048902999, 33.772550938503699 ], [ -118.308752267721005, 33.772918547248103 ], [ -118.308697179956994, 33.773309821347702 ], [ -118.308721898021005, 33.7735584986753 ], [ -118.308808944245001, 33.774433687374099 ], [ -118.308862117486001, 33.774968213714203 ], [ -118.308770217141003, 33.774968063085502 ], [ -118.307348625695994, 33.774965068038902 ], [ -118.306439182366006, 33.774962814282098 ], [ -118.306439286444004, 33.774963157492699 ], [ -118.306439029383995, 33.774963158147202 ], [ -118.306442254386994, 33.774973411271098 ], [ -118.307726173340996, 33.779382832960898 ], [ -118.306007066769993, 33.779682046529899 ], [ -118.305899162965005, 33.7797008255489 ], [ -118.299645162467996, 33.780286833164098 ], [ -118.298511180719998, 33.780862825851997 ], [ -118.297504183686996, 33.782084829759903 ], [ -118.296357171623995, 33.780779831950802 ], [ -118.296073208536995, 33.780031281263 ], [ -118.296030184909995, 33.779917825407097 ], [ -118.295936175077003, 33.779094831117099 ], [ -118.296085624751996, 33.776379846751901 ], [ -118.296092171392004, 33.776260816358203 ], [ -118.296049007719006, 33.775983201057898 ], [ -118.295930565833999, 33.775221491801403 ], [ -118.295902184848003, 33.775038832593097 ], [ -118.293957172603001, 33.769525816650599 ], [ -118.293861163650007, 33.766543827811198 ], [ -118.292271170814004, 33.757302815328998 ], [ -118.292267162792996, 33.753788822450602 ], [ -118.290510176032996, 33.753781828089998 ], [ -118.289952181413, 33.753066814946102 ], [ -118.289018180151004, 33.752602816749899 ], [ -118.287027165492006, 33.751179823722197 ], [ -118.284621159343999, 33.752060818538602 ], [ -118.283272166928001, 33.752063829935601 ], [ -118.282588175821999, 33.751641826962803 ], [ -118.281432167137993, 33.750004811508902 ], [ -118.280954168433993, 33.749580814776998 ], [ -118.279405174448002, 33.749960826229298 ], [ -118.276882163243002, 33.751572829365898 ], [ -118.276078149247994, 33.753544437305003 ], [ -118.275180693406995, 33.753372437296399 ], [ -118.273782798000994, 33.751325835864598 ], [ -118.274030407517003, 33.751207696736202 ], [ -118.274250673668007, 33.750594157903599 ], [ -118.273794408016997, 33.750086661953198 ], [ -118.273814059928995, 33.749950386804599 ], [ -118.273720192670993, 33.749937548344597 ], [ -118.273770571903, 33.749633244457002 ], [ -118.273875635848995, 33.749651660314797 ], [ -118.274042817022007, 33.749537439487 ], [ -118.274053861791998, 33.749496369175503 ], [ -118.274200908536002, 33.749378458702701 ], [ -118.274169384035005, 33.7493020216749 ], [ -118.274146851252993, 33.749240483811199 ], [ -118.274146534459007, 33.749143453097403 ], [ -118.274166404895993, 33.749074348063402 ], [ -118.274210783108003, 33.748979083149102 ], [ -118.274255252578996, 33.748911789683 ], [ -118.274295230996003, 33.748846395546003 ], [ -118.274323964895004, 33.7487530124261 ], [ -118.274339407650999, 33.748689520381703 ], [ -118.274334582584004, 33.748581294111901 ], [ -118.274345566136006, 33.748521568982099 ], [ -118.274385569923993, 33.748456153293198 ], [ -118.274423397617994, 33.748416868050803 ], [ -118.274483693598, 33.748403678510201 ], [ -118.274546266677007, 33.748411006319799 ], [ -118.277759302462997, 33.749453461184103 ], [ -118.278421452968004, 33.748780846849897 ], [ -118.278330320825006, 33.748724663519901 ], [ -118.278431251121006, 33.748620250025198 ], [ -118.278077500115003, 33.748444694091397 ], [ -118.278170161686006, 33.748287812791801 ], [ -118.275421160891995, 33.746711815859499 ], [ -118.275071935173997, 33.746595404206197 ], [ -118.277189215126, 33.7429083117554 ], [ -118.277285408010997, 33.742647135874201 ], [ -118.277974629387998, 33.740813542275198 ], [ -118.278182943622994, 33.740867458477297 ], [ -118.278158342452997, 33.740941920353599 ], [ -118.278512418922006, 33.741039141554303 ], [ -118.278555707500999, 33.740920263826297 ], [ -118.277987320831997, 33.7407662853144 ], [ -118.278043574598001, 33.740597295057697 ], [ -118.278037153224005, 33.740551499088298 ], [ -118.278049858808998, 33.740508535511402 ], [ -118.278068546729997, 33.7404641412787 ], [ -118.278106539340001, 33.740429706095703 ], [ -118.278690293731998, 33.740182192055499 ], [ -118.278627212866994, 33.740074294202699 ], [ -118.278609260766999, 33.740022814718102 ], [ -118.278606104854006, 33.739977741102201 ], [ -118.278608063844004, 33.739917628668202 ], [ -118.278607002612006, 33.739861086767903 ], [ -118.278599108866004, 33.7398052905707 ], [ -118.278589497881001, 33.739743058217996 ], [ -118.278576446171996, 33.739681563713198 ], [ -118.278571148045998, 33.739633618466499 ], [ -118.278573563322993, 33.739587115124301 ], [ -118.278575980875999, 33.739541298724397 ], [ -118.278567230209006, 33.739490527814503 ], [ -118.278546937591997, 33.739438323862601 ], [ -118.278531805457007, 33.739392569559897 ], [ -118.278527357732997, 33.739345352226202 ], [ -118.278530632783998, 33.739302410435798 ], [ -118.278537341502997, 33.739256605571597 ], [ -118.278558189552001, 33.739212893215999 ], [ -118.278560401144006, 33.738981043375503 ], [ -118.278337735394004, 33.738983705402802 ], [ -118.278335847836999, 33.738933627017701 ], [ -118.278393113223999, 33.738899855577699 ], [ -118.278392980432002, 33.738859798270802 ], [ -118.278446566243005, 33.738832239312202 ], [ -118.278579048721994, 33.738792991311598 ], [ -118.278592003639005, 33.738693675965401 ], [ -118.278447111171005, 33.738647857107097 ], [ -118.278388290026001, 33.738607570669103 ], [ -118.278326894266996, 33.738557973436301 ], [ -118.278325854241004, 33.738500014667203 ], [ -118.278527063848998, 33.738482010419297 ], [ -118.278531197110993, 33.738434429753298 ], [ -118.278514745189, 33.7383858019192 ], [ -118.278733628105002, 33.738265787680803 ], [ -118.278679666927005, 33.738009745765602 ], [ -118.278594610914993, 33.737930514475501 ], [ -118.278486993100998, 33.737440047197303 ], [ -118.278518161633997, 33.737362822296497 ], [ -118.278429702037002, 33.737179011076996 ], [ -118.278206279816999, 33.736160742467398 ], [ -118.278149246444002, 33.735899405130297 ], [ -118.278084144858994, 33.735575810389697 ], [ -118.278118808361995, 33.735335921377001 ], [ -118.277955597665994, 33.735032582146097 ], [ -118.277294657545994, 33.7338689596045 ], [ -118.277153249956996, 33.733926538165498 ], [ -118.276932216511, 33.7335630512367 ], [ -118.276753266697, 33.733260691249797 ], [ -118.276850051931007, 33.733213326851399 ], [ -118.276699999024999, 33.732939387122599 ], [ -118.276652968251, 33.732959159129599 ], [ -118.276616354870001, 33.732896645302397 ], [ -118.276557902457, 33.732920028535702 ], [ -118.276409344548, 33.732670514562599 ], [ -118.276344463100997, 33.732692130694502 ], [ -118.276170763991999, 33.732391389325699 ], [ -118.276286939048006, 33.732341640960897 ], [ -118.276099260848994, 33.732024359022802 ], [ -118.275974023938005, 33.7320763820357 ], [ -118.275735584377003, 33.731580996287903 ], [ -118.275818002853995, 33.7315483491371 ], [ -118.275744549045001, 33.731416001242003 ], [ -118.275793172749005, 33.731396419145 ], [ -118.275694164138997, 33.731219972023503 ], [ -118.275590239647002, 33.731040788301399 ], [ -118.275463916207002, 33.731004025437002 ], [ -118.275496441526002, 33.730901681805399 ], [ -118.275089916856004, 33.7301834650332 ], [ -118.275083602796002, 33.730130477265099 ], [ -118.274764244759993, 33.729549191797702 ], [ -118.274763982596994, 33.729469055817397 ], [ -118.274715947554995, 33.729440549910201 ], [ -118.274707198209995, 33.7294441334232 ], [ -118.274564846572005, 33.729148320148802 ], [ -118.278669911893999, 33.731740347430701 ], [ -118.27865270913, 33.7313721195112 ], [ -118.277945891599998, 33.730516101863998 ], [ -118.278316168082, 33.730723819947599 ], [ -118.273716171166001, 33.727323814530202 ], [ -118.271247255362994, 33.7202828254457 ], [ -118.271253082325003, 33.720281416948403 ], [ -118.271307585347003, 33.720262403036401 ], [ -118.271376441336997, 33.720249045485602 ], [ -118.271459546962006, 33.720225265691397 ], [ -118.271534336879, 33.720187980375798 ], [ -118.271591489865003, 33.7201702269086 ], [ -118.271648686912997, 33.720158162080402 ], [ -118.271702085895996, 33.720147329425203 ], [ -118.271757008022007, 33.7201308689407 ], [ -118.271809264490003, 33.720116282086899 ], [ -118.271890166445004, 33.7201022530109 ], [ -118.271952604979006, 33.720090476729297 ], [ -118.272005243666996, 33.720074944376499 ], [ -118.272048121408005, 33.720059734614999 ], [ -118.272094770202003, 33.720050827618103 ], [ -118.272166609875995, 33.720038707953996 ], [ -118.272243341085996, 33.720013997490803 ], [ -118.272312953740993, 33.720012272826999 ], [ -118.272391210568998, 33.719998571407501 ], [ -118.272465645170996, 33.719970731815003 ], [ -118.272579192400002, 33.719923290013 ], [ -118.272655854769994, 33.719885355745703 ], [ -118.272720193853999, 33.719881431694297 ], [ -118.272795759714, 33.719846032934598 ], [ -118.272759703776998, 33.7197468511051 ], [ -118.272889682867998, 33.719712509577903 ], [ -118.272996407273993, 33.7196842958612 ], [ -118.273036697425994, 33.719782008249801 ], [ -118.272926788014004, 33.719810400965301 ], [ -118.274046041784004, 33.722761743182403 ], [ -118.274551019512003, 33.724093223397702 ], [ -118.275388970408002, 33.726302651193897 ], [ -118.275392590462005, 33.7263489258928 ], [ -118.275429588060007, 33.726435739859298 ], [ -118.275489429318995, 33.726429763793902 ], [ -118.276171881303995, 33.7262616790061 ], [ -118.276128451996001, 33.7261411123431 ], [ -118.276571208204004, 33.726014126520397 ], [ -118.276310077432996, 33.725325333403397 ], [ -118.276316161213998, 33.725323816735298 ], [ -118.272887105603004, 33.715036652319 ], [ -118.272977962365005, 33.714933511773097 ], [ -118.273078308164003, 33.714841491002502 ], [ -118.273137535445002, 33.714775581561398 ], [ -118.273226422985999, 33.714627922694902 ], [ -118.273320888455999, 33.714584130016902 ], [ -118.273386548122005, 33.714513654829098 ], [ -118.273455085964997, 33.714451459333603 ], [ -118.273511022509993, 33.714400669976698 ], [ -118.273589984400004, 33.714313291350301 ], [ -118.273620465844999, 33.714262967713502 ], [ -118.273658823923, 33.714209749567999 ], [ -118.273706838408003, 33.714179543552397 ], [ -118.273728609941003, 33.714136581430203 ], [ -118.273752237801006, 33.714095718847702 ], [ -118.273786836517004, 33.714063439565003 ], [ -118.273834272377997, 33.714037013011797 ], [ -118.273909005345999, 33.714047297289902 ], [ -118.273924424840999, 33.714049430344303 ], [ -118.273959046065997, 33.7140004496176 ], [ -118.273913116067007, 33.7139293481099 ], [ -118.273999941525005, 33.713827461071197 ], [ -118.276432461027994, 33.715253015894497 ], [ -118.276344983854997, 33.7153593713535 ], [ -118.276345833104997, 33.7153598416769 ], [ -118.276376047338999, 33.715377031747501 ], [ -118.276459509583006, 33.715424475281303 ], [ -118.276522160067003, 33.715408102195298 ], [ -118.276529389006996, 33.715426933627 ], [ -118.276512165024002, 33.715501013004001 ], [ -118.276489629843994, 33.715506753569301 ], [ -118.276474582, 33.7154693496608 ], [ -118.276357393900994, 33.715399250046097 ], [ -118.276324988929005, 33.715379853899798 ], [ -118.276320526402998, 33.715389846319397 ], [ -118.276284054442002, 33.715367926395601 ], [ -118.276250233563999, 33.715347588932403 ], [ -118.276237597174003, 33.715363847026303 ], [ -118.276224935019997, 33.715380083711104 ], [ -118.276363296106993, 33.715459880839703 ], [ -118.276426304859001, 33.715552366281202 ], [ -118.276459195776994, 33.715641335924097 ], [ -118.276473714949006, 33.715666397509104 ], [ -118.275716153831993, 33.718923826721799 ], [ -118.275734893961001, 33.718974682114997 ], [ -118.275570875100996, 33.719508943262198 ], [ -118.276382619974001, 33.7215750656826 ], [ -118.276426324973002, 33.721686336302596 ], [ -118.276520632455004, 33.721764324007601 ], [ -118.276610819473007, 33.721847000931596 ], [ -118.276696731182994, 33.721934152769698 ], [ -118.276778058530994, 33.722025544104902 ], [ -118.276854672355995, 33.722120960573399 ], [ -118.276926314904998, 33.722220145172997 ], [ -118.276936256111995, 33.722235471227798 ], [ -118.277116156372998, 33.722723818747497 ], [ -118.277246392525996, 33.722377340985901 ], [ -118.277664180977993, 33.7222655429741 ], [ -118.278653578307996, 33.722000798977298 ], [ -118.279843824956004, 33.725178616427897 ], [ -118.280096338283002, 33.725162228989603 ], [ -118.282052939775994, 33.724673446326896 ], [ -118.283896829355001, 33.724189320088797 ], [ -118.283946717636994, 33.7241580321705 ], [ -118.283969598175005, 33.724109527005503 ], [ -118.283954181873, 33.724055766943401 ], [ -118.283921188555993, 33.724008230879797 ], [ -118.283098706111005, 33.7218367157421 ], [ -118.281763262832996, 33.722172976916298 ], [ -118.281425783580005, 33.721240830350197 ], [ -118.282746227109001, 33.720886575874097 ], [ -118.282158371608006, 33.719296196178902 ], [ -118.281725510838001, 33.718270399199497 ], [ -118.280474011647996, 33.718612159600298 ], [ -118.280125931154004, 33.717650775093801 ], [ -118.281191222592994, 33.717376860270903 ], [ -118.281307548767003, 33.717325625533597 ], [ -118.281417287779007, 33.717278849771702 ], [ -118.281535544985005, 33.717221341921302 ], [ -118.281580409631005, 33.7171944031085 ], [ -118.281618102883002, 33.717158529314801 ], [ -118.281755315181002, 33.716793869449297 ], [ -118.281769389795002, 33.716731818214399 ], [ -118.281764969641998, 33.716677688705403 ], [ -118.281764915817007, 33.716676958952299 ], [ -118.281878907299998, 33.7166269956886 ], [ -118.281879215052996, 33.716626844698197 ], [ -118.281935870726002, 33.716668937574497 ], [ -118.282492948051996, 33.716821484795602 ], [ -118.282573503021993, 33.716835592628897 ], [ -118.282635183647002, 33.716844034527497 ], [ -118.283149532595004, 33.716848556554403 ], [ -118.283232259814, 33.716836426114597 ], [ -118.283300681829999, 33.716810032264597 ], [ -118.283369021774007, 33.716766937214501 ], [ -118.283485727221006, 33.716668879870397 ], [ -118.283704555032998, 33.716391675313602 ], [ -118.284065121357997, 33.715815980077103 ], [ -118.284204078657993, 33.715553281746999 ], [ -118.284311701115001, 33.715307337218803 ], [ -118.284407877274006, 33.715049505464698 ], [ -118.284491180763993, 33.714783353414397 ], [ -118.284523476323997, 33.7146258592891 ], [ -118.284534538242994, 33.714524465805397 ], [ -118.284541525871006, 33.714479132375203 ], [ -118.284554078750006, 33.714393234560099 ], [ -118.284569527342995, 33.714320446248799 ], [ -118.284582132677002, 33.714250047503597 ], [ -118.284587584817999, 33.714176102155797 ], [ -118.284587455147005, 33.714137826750203 ], [ -118.284619162886003, 33.7141178088551 ], [ -118.284584204221005, 33.714019873119597 ], [ -118.284584034481, 33.713969769477004 ], [ -118.284588832010002, 33.713914909868997 ], [ -118.284597936856002, 33.713857635762501 ], [ -118.284586336334002, 33.713807580634203 ], [ -118.284553310036003, 33.713749225521198 ], [ -118.284531761002995, 33.713704539213602 ], [ -118.284547286275995, 33.713654419911897 ], [ -118.284582001768996, 33.713612391209303 ], [ -118.284579851698993, 33.713569161703902 ], [ -118.284537264888996, 33.713547280219998 ], [ -118.284415973202002, 33.713548554571801 ], [ -118.283012160783997, 33.709615823402601 ], [ -118.281738090906998, 33.7090620461885 ], [ -118.281828799535006, 33.709073039451802 ], [ -118.281932378023996, 33.709084367418598 ], [ -118.282022253541996, 33.709084371379397 ], [ -118.282072246474002, 33.709094365106203 ], [ -118.282122257267005, 33.709094376610302 ], [ -118.282172260072997, 33.7090843630181 ], [ -118.282232262728996, 33.709084372501401 ], [ -118.282432244565996, 33.709104382591001 ], [ -118.283492263463998, 33.709144371958601 ], [ -118.283782259250003, 33.709144375018397 ], [ -118.283972242890997, 33.7091243701609 ], [ -118.284382263788999, 33.709054363473498 ], [ -118.284582248301007, 33.709014369683501 ], [ -118.284693888030006, 33.708986477434301 ], [ -118.284721520299996, 33.708977159741899 ], [ -118.284862254865004, 33.708924382591199 ], [ -118.284972245236006, 33.708834368457303 ], [ -118.284980223643998, 33.708763293744397 ], [ -118.284982407374002, 33.708657413269798 ], [ -118.284982430510993, 33.708656661869497 ], [ -118.284994787843999, 33.708513512026101 ], [ -118.285044953303, 33.708415374774702 ], [ -118.285124212035996, 33.708307121976603 ], [ -118.285166874523, 33.7082612316987 ], [ -118.285240170156001, 33.708159454534297 ], [ -118.285288535332995, 33.708030537763399 ], [ -118.285372244924005, 33.7078943671372 ], [ -118.285432257436, 33.707814367456301 ], [ -118.285549440512995, 33.707710060174001 ], [ -118.285653468709995, 33.707589597898703 ], [ -118.285693386725001, 33.707492171669699 ], [ -118.285732915241994, 33.707302910496097 ], [ -118.285742262796006, 33.707234365601501 ], [ -118.285758332878999, 33.707201504367099 ], [ -118.285785681760004, 33.707192144170499 ], [ -118.285807074063996, 33.707183506534001 ], [ -118.285833589855002, 33.707178420240503 ], [ -118.285863129975994, 33.707163859802897 ], [ -118.285949517106999, 33.707037600181501 ], [ -118.285972264058003, 33.707004379572503 ], [ -118.286032258614, 33.706904372393097 ], [ -118.286059346757, 33.7068637353265 ], [ -118.286154442544003, 33.706783286906102 ], [ -118.286252289035005, 33.706741279271398 ], [ -118.286275734743, 33.7067322717254 ], [ -118.286322241231005, 33.706714364870898 ], [ -118.286462244072993, 33.706674381932203 ], [ -118.286666098888006, 33.7066264111983 ], [ -118.286802250087007, 33.706594379835998 ], [ -118.286826427923003, 33.706589191563701 ], [ -118.287038061862006, 33.7065177596767 ], [ -118.287195071648995, 33.7064413701871 ], [ -118.287402465696999, 33.706279507290702 ], [ -118.287619459162002, 33.706115882255297 ], [ -118.287632262311007, 33.706104366788999 ], [ -118.287702262931006, 33.706054374440598 ], [ -118.287922247108, 33.705894369631103 ], [ -118.288032247532001, 33.7058243814135 ], [ -118.288082398539999, 33.705790944506802 ], [ -118.288122247692002, 33.705764380233397 ], [ -118.288125733688005, 33.7057622895828 ], [ -118.288222264873994, 33.705704376448203 ], [ -118.288342247797004, 33.705654371271798 ], [ -118.288416021475996, 33.705611324772697 ], [ -118.288462264694004, 33.705584380114203 ], [ -118.288622264167998, 33.705504375137799 ], [ -118.288643408712005, 33.705498592703201 ], [ -118.288732246837, 33.705474379350797 ], [ -118.288822246916993, 33.705474377921902 ], [ -118.289022247415005, 33.705494376981299 ], [ -118.289182213364995, 33.705494378861403 ], [ -118.289292247719004, 33.705494371841503 ], [ -118.289402256388001, 33.705494364782702 ], [ -118.289472264821995, 33.705484364413799 ], [ -118.289522255888002, 33.705464365635798 ], [ -118.289672245817997, 33.705394365513101 ], [ -118.289852252377003, 33.705314375110397 ], [ -118.289915249554994, 33.705297199934598 ], [ -118.289962260042998, 33.705284378137598 ], [ -118.290018997955997, 33.705284370133597 ], [ -118.290082259852994, 33.705284367834501 ], [ -118.290222252304005, 33.705324366597303 ], [ -118.290352243667002, 33.705324374847798 ], [ -118.290549507528993, 33.705258617294 ], [ -118.290592249266993, 33.705244367273899 ], [ -118.290842253677994, 33.705144370728298 ], [ -118.290922259710001, 33.705084370153699 ], [ -118.290942259296003, 33.7050743825517 ], [ -118.291002248908995, 33.705034373190401 ], [ -118.291052247083002, 33.704994366512203 ], [ -118.291082253479999, 33.7049443616433 ], [ -118.291102251764997, 33.704904363148003 ], [ -118.291132259359003, 33.704884369134 ], [ -118.291162259225004, 33.704884382377699 ], [ -118.291202260584996, 33.704924364424301 ], [ -118.291234632927001, 33.704956744145903 ], [ -118.291262262806995, 33.704984369669702 ], [ -118.291312249292005, 33.705074367083 ], [ -118.291312096821997, 33.7050748397264 ], [ -118.291312251898006, 33.705075118421902 ], [ -118.291302261826004, 33.7051051320231 ], [ -118.291262246108005, 33.705135132474602 ], [ -118.291232486487004, 33.705174811163502 ], [ -118.291252246867003, 33.705214369933699 ], [ -118.291302265599001, 33.705254370624097 ], [ -118.291382266368004, 33.705274377278599 ], [ -118.291632249846998, 33.705294379692099 ], [ -118.291772259678993, 33.705324372986198 ], [ -118.291862267146001, 33.705304362015802 ], [ -118.292022264425995, 33.705254363387901 ], [ -118.292192975226001, 33.705227415548798 ], [ -118.292212253957004, 33.705224363328902 ], [ -118.292382262245994, 33.705224379485401 ], [ -118.292472245514006, 33.705234378989502 ], [ -118.292542253367003, 33.705224376833897 ], [ -118.292582252139994, 33.705204379620497 ], [ -118.292632249663001, 33.705164372284401 ], [ -118.292722264171999, 33.705124374871701 ], [ -118.292842252772999, 33.705084368812102 ], [ -118.293032248969993, 33.705034381659502 ], [ -118.293046668743003, 33.705030053124098 ], [ -118.293132263676, 33.705004363198 ], [ -118.293232254710006, 33.705004377050102 ], [ -118.293332247714005, 33.705034380219601 ], [ -118.293412255936005, 33.705034378257302 ], [ -118.293532246121998, 33.705024360910301 ], [ -118.293662258454006, 33.704964365252899 ], [ -118.293787265887005, 33.704839358125 ], [ -118.293812246841995, 33.704814373907801 ], [ -118.293932262851001, 33.704694380636703 ], [ -118.294002260756997, 33.7046743740312 ] ] ], [ [ [ -118.277932173159996, 33.7538238149235 ], [ -118.277956939372004, 33.753829060106199 ], [ -118.278434157880994, 33.753929818492601 ], [ -118.277733179162993, 33.755128811571701 ], [ -118.277733170329, 33.754255957262998 ], [ -118.277932173159996, 33.7538238149235 ] ] ], [ [ [ -118.278723618835002, 33.753938894481898 ], [ -118.278393407148997, 33.754335620422403 ], [ -118.278483172486006, 33.7541638257984 ], [ -118.278534664285004, 33.754059891493597 ], [ -118.278590163795002, 33.753947811840597 ], [ -118.278618427349002, 33.753945943164702 ], [ -118.278723618835002, 33.753938894481898 ] ] ], [ [ [ -118.279486173194996, 33.753611812681903 ], [ -118.279703431762997, 33.7536947292351 ], [ -118.279790175730994, 33.753727823129601 ], [ -118.279488007650997, 33.7543713805618 ], [ -118.279115493915, 33.754744399680703 ], [ -118.279100982363005, 33.754747095264896 ], [ -118.279047985727999, 33.754761601159402 ], [ -118.279131175488004, 33.7544288176585 ], [ -118.278742989644996, 33.753944581342701 ], [ -118.279170173512, 33.7540998289915 ], [ -118.279486173194996, 33.753611812681903 ] ] ], [ [ [ -118.280333157792001, 33.7533348269206 ], [ -118.280499077857996, 33.753358955766103 ], [ -118.280488550544007, 33.753369499206798 ], [ -118.280064279398005, 33.753794334754097 ], [ -118.280210178786007, 33.753540811558601 ], [ -118.280333157792001, 33.7533348269206 ] ] ], [ [ [ -118.280519030487994, 33.753361871722198 ], [ -118.280769179816005, 33.7534048237112 ], [ -118.280761195405006, 33.753430323845002 ], [ -118.280653280588993, 33.753775681459103 ], [ -118.280629175087, 33.753852826209403 ], [ -118.280439667717999, 33.754184463183201 ], [ -118.280239785294995, 33.754534263774403 ], [ -118.280181302979003, 33.754545197928898 ], [ -118.280515143735002, 33.753375426552999 ], [ -118.280519030487994, 33.753361871722198 ] ] ], [ [ [ -118.281004180883002, 33.7535288275742 ], [ -118.281005312450006, 33.753529061070502 ], [ -118.281059578672, 33.753540998875799 ], [ -118.281108135390994, 33.753551683432597 ], [ -118.281099381320999, 33.7535622013176 ], [ -118.280791400414998, 33.753932219715701 ], [ -118.280976482355001, 33.753568928483503 ], [ -118.280983171792997, 33.753555817903298 ], [ -118.281004180883002, 33.7535288275742 ] ] ], [ [ [ -118.281148422862003, 33.753564169063203 ], [ -118.281330242029, 33.753685119395698 ], [ -118.281483007586999, 33.753786731116499 ], [ -118.281501166419005, 33.753798817579103 ], [ -118.281551868536994, 33.754027710521001 ], [ -118.281427173493, 33.7540278304661 ], [ -118.281169769659996, 33.753599668786599 ], [ -118.281148422862003, 33.753564169063203 ] ] ], [ [ [ -118.282883169753006, 33.754004817088003 ], [ -118.283015461497996, 33.754268466128899 ], [ -118.282114012497004, 33.7545132045665 ], [ -118.281945405428999, 33.754401476785603 ], [ -118.282661165180002, 33.754024830932998 ], [ -118.282854754390996, 33.754007374071598 ], [ -118.282883169753006, 33.754004817088003 ] ] ], [ [ [ -118.287007564700005, 33.752625554056301 ], [ -118.286405479326007, 33.753167917808199 ], [ -118.286743171666998, 33.752663816272197 ], [ -118.286837164781005, 33.752651828264902 ], [ -118.287007564700005, 33.752625554056301 ] ] ], [ [ [ -118.287619161253005, 33.752543828134201 ], [ -118.287018182262997, 33.753325830123202 ], [ -118.287106840457, 33.752610247297703 ], [ -118.287619161253005, 33.752543828134201 ] ] ], [ [ [ -118.287881173070005, 33.752590815741598 ], [ -118.288186161490003, 33.752639825112503 ], [ -118.288254787219003, 33.752754552934597 ], [ -118.288348123744996, 33.752910610178198 ], [ -118.288375160658006, 33.752955819611898 ], [ -118.288268488466002, 33.753137322357297 ], [ -118.288030179936001, 33.753542827891302 ], [ -118.287942766141001, 33.754064710390502 ], [ -118.287717178649004, 33.753923824351098 ], [ -118.288011124500002, 33.752647757675803 ], [ -118.288016163452994, 33.752625827654903 ], [ -118.287994961045996, 33.7526406907335 ], [ -118.287653901721001, 33.752879920668597 ], [ -118.287881173070005, 33.752590815741598 ] ] ], [ [ [ -118.288447823235998, 33.7543801413753 ], [ -118.288530161509996, 33.754408817308601 ], [ -118.288482618474006, 33.7544018685971 ], [ -118.288447823235998, 33.7543801413753 ] ] ] ] } },
{ "type": "Feature", "properties": { "objectid": 81, "name": "Sawtelle", "area_sqmi": 2.6871145569231243, "source_url": "https://services5.arcgis.com/7nsPwEMP38bSkCjy/arcgis/rest/services/LA_Times_Neighborhoods/FeatureServer/0", "fetched_at": "2025-12-07T08:52:51.283518" }, "geometry": { "type": "Polygon", "coordinates": [ [ [ -118.443941220623998, 34.047199843988402 ], [ -118.435260738538005, 34.037075385002503 ], [ -118.435157425968001, 34.036954887680999 ], [ -118.434533217340004, 34.036226843690002 ], [ -118.434519193138996, 34.036184174923797 ], [ -118.434180218137996, 34.035152843787898 ], [ -118.430941216454002, 34.031064843146403 ], [ -118.431638216557005, 34.029878842901802 ], [ -118.430224216148005, 34.0276348426871 ], [ -118.431603217169993, 34.028978842528801 ], [ -118.429930293222995, 34.026865939693799 ], [ -118.429930215846994, 34.026865842603598 ], [ -118.430140118411003, 34.026782719007798 ], [ -118.431435216148998, 34.026269842304004 ], [ -118.442800218019002, 34.0206368408518 ], [ -118.444926218467003, 34.019949840892302 ], [ -118.444582217892005, 34.018424840902803 ], [ -118.444492545003996, 34.018268538520999 ], [ -118.444218017533998, 34.017790030989602 ], [ -118.443901217732005, 34.017237840842199 ], [ -118.445402765701004, 34.018849167804099 ], [ -118.445426181502, 34.018877591533801 ], [ -118.445428772842007, 34.018880736441503 ], [ -118.445472834567994, 34.018934246710302 ], [ -118.445475738677999, 34.018937774516601 ], [ -118.445522138726005, 34.018994071797401 ], [ -118.445569071917006, 34.019051054963903 ], [ -118.445615472089997, 34.019107352209303 ], [ -118.445662471450007, 34.019164335096001 ], [ -118.445708805563001, 34.019220605504202 ], [ -118.445755805337996, 34.019277642445999 ], [ -118.445802172995002, 34.019333885649303 ], [ -118.445849105772993, 34.019390922802998 ], [ -118.445893181491002, 34.019444316572397 ], [ -118.445897166050003, 34.019442744002397 ], [ -118.445938527478006, 34.019426424894696 ], [ -118.445940126051994, 34.0194291668669 ], [ -118.446014189801005, 34.019517870203202 ], [ -118.446041325916994, 34.019550931989201 ], [ -118.452917220149999, 34.028041841136499 ], [ -118.457080220559007, 34.029803841755601 ], [ -118.457627221102996, 34.031661841464697 ], [ -118.457715443528002, 34.031643235606403 ], [ -118.457715628838997, 34.031643856061997 ], [ -118.459194199940995, 34.0313401766361 ], [ -118.459195496803005, 34.031339910258197 ], [ -118.470900224578003, 34.041338842051097 ], [ -118.459248051675004, 34.050777831709297 ], [ -118.457144117758006, 34.048366178868498 ], [ -118.457134926769996, 34.048355644048499 ], [ -118.456853222755996, 34.048028843860003 ], [ -118.456852895547001, 34.0480290190945 ], [ -118.456588620361998, 34.047722527987901 ], [ -118.456485742764002, 34.047782324581 ], [ -118.456480521456996, 34.047785714261998 ], [ -118.456152071489996, 34.047982055122397 ], [ -118.456044803428, 34.048046183578002 ], [ -118.455723064176993, 34.048238541980702 ], [ -118.455509217325996, 34.048366356382303 ], [ -118.455408002504001, 34.048426888646901 ], [ -118.455402737436998, 34.048430014295903 ], [ -118.455401289869002, 34.048430898753097 ], [ -118.455294054082998, 34.048494999371002 ], [ -118.455186849388994, 34.0485590718284 ], [ -118.454891365226999, 34.048735720734904 ], [ -118.454650731067005, 34.048879571875297 ], [ -118.454328754228001, 34.0490720365272 ], [ -118.454086144738, 34.049217075883803 ], [ -118.453088747012998, 34.048059571357598 ], [ -118.453052181860002, 34.048017137102001 ], [ -118.452896378223002, 34.0478362783495 ], [ -118.452749863405998, 34.047666212926003 ], [ -118.452234221481007, 34.047064843379601 ], [ -118.448187221073994, 34.049582844122597 ], [ -118.448715676968007, 34.050971763631203 ], [ -118.449106731049994, 34.052000539651999 ], [ -118.448694338308997, 34.052241991268303 ], [ -118.448559154234999, 34.052321134486903 ], [ -118.448485458977004, 34.052364278955601 ], [ -118.448469521518007, 34.0523736672409 ], [ -118.448404221813007, 34.052411844569903 ], [ -118.448404125902002, 34.0524117331355 ], [ -118.444434132951997, 34.047775479945102 ], [ -118.444310896320999, 34.047631559677498 ], [ -118.443941220623998, 34.047199843988402 ] ] ] } },
{ "type": "Feature", "properties": { "objectid": 82, "name": "Sepulveda Basin", "area_sqmi": 3.1474727455761258, "source_url": "https://services5.arcgis.com/7nsPwEMP38bSkCjy/arcgis/rest/services/LA_Times_Neighborhoods/FeatureServer/0", "fetched_at": "2025-12-07T08:52:51.283518" }, "geometry": { "type": "Polygon", "coordinates": [ [ [ -118.471437233887997, 34.161916851680203 ], [ -118.472412236511005, 34.163394851896904 ], [ -118.473242235447003, 34.164209858326402 ], [ -118.473619235045007, 34.164460856450702 ], [ -118.474087235097997, 34.164019852142196 ], [ -118.474911230513996, 34.163951849908401 ], [ -118.474912233357998, 34.164809856616202 ], [ -118.474760230365007, 34.164920852564698 ], [ -118.475609234136996, 34.165156852062701 ], [ -118.475801899242995, 34.165172688882897 ], [ -118.476193560016, 34.165204862639598 ], [ -118.477033236585001, 34.165273857281498 ], [ -118.490534241354993, 34.165090853235498 ], [ -118.492369243138, 34.165330857130797 ], [ -118.492371236883002, 34.167016859523898 ], [ -118.494433233427003, 34.167392852207598 ], [ -118.496444239050007, 34.168409849701902 ], [ -118.497710232762003, 34.169646859588298 ], [ -118.498676236075994, 34.1714798541134 ], [ -118.499272238754997, 34.172032858139303 ], [ -118.499709235748995, 34.172216858807602 ], [ -118.505952247191004, 34.1722408571773 ], [ -118.505895243721994, 34.173251852581103 ], [ -118.506118240967993, 34.173584854470498 ], [ -118.505894246742002, 34.173916849891903 ], [ -118.505960237509996, 34.179750849801799 ], [ -118.507593244475999, 34.179792857755103 ], [ -118.507593236806997, 34.180235850282401 ], [ -118.518517245073994, 34.180139854851198 ], [ -118.518493248300004, 34.186617859970397 ], [ -118.483657233905006, 34.186643852409397 ], [ -118.483657237114997, 34.186213859266601 ], [ -118.475093236698001, 34.185825858148498 ], [ -118.474160240111004, 34.185633860060499 ], [ -118.473944231304003, 34.185281858920199 ], [ -118.474268241757997, 34.186649859684998 ], [ -118.474036234731003, 34.186649856776199 ], [ -118.473813233369, 34.185602856906499 ], [ -118.473639239378997, 34.185402855683201 ], [ -118.469912241640003, 34.181141851926498 ], [ -118.466187232615994, 34.1804068524564 ], [ -118.466186237976004, 34.179383853734798 ], [ -118.469096238602006, 34.179381854737301 ], [ -118.469551234739995, 34.179259857739801 ], [ -118.468464240483002, 34.177567856099998 ], [ -118.467849229389998, 34.175931854690901 ], [ -118.467625237091994, 34.174628852919597 ], [ -118.467549232958007, 34.172110964358502 ], [ -118.467549232357001, 34.172110857020897 ], [ -118.467782232069993, 34.1721108576427 ], [ -118.467769236812998, 34.170820854531399 ], [ -118.468022613719, 34.169682436640002 ], [ -118.468057229566, 34.169526853081798 ], [ -118.469472340303, 34.166742478131603 ], [ -118.469539228448994, 34.1666108559102 ], [ -118.470046765442007, 34.163938966071697 ], [ -118.470076238412005, 34.163783852742199 ], [ -118.470486882143007, 34.163402659009797 ], [ -118.470574875758004, 34.163320963727202 ], [ -118.470829234402999, 34.163084856368798 ], [ -118.470874789145, 34.163075340416498 ], [ -118.471015838575994, 34.163045884454199 ], [ -118.471169231049998, 34.1630138577463 ], [ -118.471217508866005, 34.1630498753591 ], [ -118.472477234530999, 34.163989851213202 ], [ -118.470952239935002, 34.162245859815101 ], [ -118.471437233887997, 34.161916851680203 ] ], [ [ -118.518283238021993, 34.180990852185097 ], [ -118.516408123337001, 34.181007470851803 ], [ -118.516365245602003, 34.181007857865602 ], [ -118.516362249994003, 34.1810476938413 ], [ -118.516288870908994, 34.182022837912299 ], [ -118.516255249519006, 34.182469859837099 ], [ -118.516305659229005, 34.182507288841698 ], [ -118.516368434475993, 34.182553874816797 ], [ -118.516418247383001, 34.182590855494396 ], [ -118.518277247268998, 34.182585855675597 ], [ -118.518280239047996, 34.181789851338102 ], [ -118.518283238021993, 34.180990852185097 ] ] ] } },
{ "type": "Feature", "properties": { "objectid": 83, "name": "Shadow Hills", "area_sqmi": 13.062026924831716, "source_url": "https://services5.arcgis.com/7nsPwEMP38bSkCjy/arcgis/rest/services/LA_Times_Neighborhoods/FeatureServer/0", "fetched_at": "2025-12-07T08:52:51.283518" }, "geometry": { "type": "MultiPolygon", "coordinates": [ [ [ [ -118.349939222811003, 34.271578874293397 ], [ -118.345483222332007, 34.2710968738551 ], [ -118.353021223656995, 34.272098873986302 ], [ -118.352980224164995, 34.272310874268904 ], [ -118.344870222354004, 34.271228874381102 ], [ -118.342520221444005, 34.270673874046103 ], [ -118.340020221041996, 34.271985875036897 ], [ -118.338113220698006, 34.272239874983001 ], [ -118.335732220251998, 34.2672558740055 ], [ -118.334569220337002, 34.266008873912 ], [ -118.332817219684998, 34.264948874117003 ], [ -118.334145219728995, 34.264032874138898 ], [ -118.330010218677998, 34.259681874277597 ], [ -118.330160218390006, 34.259781873788199 ], [ -118.330971219028996, 34.259641874069303 ], [ -118.330622219161, 34.259628873730001 ], [ -118.327092218030003, 34.256644873476198 ], [ -118.323985460437001, 34.253265611141202 ], [ -118.323820217020995, 34.2530858733586 ], [ -118.323574704544995, 34.252606136910899 ], [ -118.323105624316, 34.251689543183701 ], [ -118.322950217195995, 34.251385873674003 ], [ -118.322368407270005, 34.249631189742701 ], [ -118.321647281569, 34.247456342305298 ], [ -118.321567216080993, 34.247214873277798 ], [ -118.321412661156003, 34.246981448076397 ], [ -118.320436684222997, 34.245507430137302 ], [ -118.320305215906998, 34.2453088732968 ], [ -118.320242151531005, 34.245253325288999 ], [ -118.318705292426003, 34.243899643546001 ], [ -118.318627215955004, 34.243830872646399 ], [ -118.318428953706004, 34.243720424432198 ], [ -118.317215687415001, 34.243044531572501 ], [ -118.316884215051005, 34.242859872925102 ], [ -118.316539288113006, 34.242736956835898 ], [ -118.316009892737, 34.242548304672802 ], [ -118.315436215123, 34.242343872450299 ], [ -118.311172214188005, 34.241383872778002 ], [ -118.311903214208002, 34.241223872818701 ], [ -118.313280214396997, 34.2412288729927 ], [ -118.314471214359997, 34.240860872790499 ], [ -118.315199214814996, 34.240365872787898 ], [ -118.316311214975002, 34.240173872100797 ], [ -118.317317215106002, 34.239519872473302 ], [ -118.317833215337998, 34.239442872543599 ], [ -118.318389215340005, 34.239030871917301 ], [ -118.319382215372002, 34.238650872103499 ], [ -118.320725215253006, 34.237705871773699 ], [ -118.323108215736994, 34.237968871665899 ], [ -118.324288216211997, 34.237815871551199 ], [ -118.325501215936001, 34.237224871987898 ], [ -118.328723216441006, 34.236495871144498 ], [ -118.326678216733995, 34.236263871679697 ], [ -118.324337215517005, 34.237251871347198 ], [ -118.322462215924006, 34.237550872135401 ], [ -118.321717215462002, 34.237518872282301 ], [ -118.320335215011994, 34.237199872181698 ], [ -118.3184152149, 34.236377872105201 ], [ -118.316688214709998, 34.236144872284598 ], [ -118.313799213872002, 34.234387872244199 ], [ -118.312876213395, 34.234434871664703 ], [ -118.311123213528006, 34.234076871872098 ], [ -118.310331213571999, 34.234374872024198 ], [ -118.307708212418007, 34.234543872761101 ], [ -118.306782212710004, 34.234869872793503 ], [ -118.306069213046996, 34.234930872808597 ], [ -118.305418213120006, 34.234747872239197 ], [ -118.303469212211994, 34.233605872140103 ], [ -118.300814211257006, 34.233156872875 ], [ -118.298452211433002, 34.232490872754497 ], [ -118.297367210941005, 34.232804873250601 ], [ -118.296472211088997, 34.232801872598898 ], [ -118.292049210437, 34.233882873598297 ], [ -118.291120210287005, 34.234542873189902 ], [ -118.286000208795997, 34.234166873688302 ], [ -118.281578356218006, 34.234305227747001 ], [ -118.281142208633, 34.234318873996898 ], [ -118.280669298643005, 34.234260263026499 ], [ -118.279807971183999, 34.234153513495201 ], [ -118.279262208236005, 34.234085874301798 ], [ -118.268824206256994, 34.231696873921699 ], [ -118.266819427974994, 34.230681986674099 ], [ -118.266819901166997, 34.230617101334303 ], [ -118.266823464934006, 34.230127805784903 ], [ -118.266824745662007, 34.2299488052074 ], [ -118.266824768069995, 34.229945288274202 ], [ -118.266824798523004, 34.229944628284301 ], [ -118.266839967067, 34.2278485663605 ], [ -118.266843712820005, 34.227333083545403 ], [ -118.266846463828998, 34.226953622754003 ], [ -118.266883454522997, 34.221850918629897 ], [ -118.273697351292, 34.221801075310701 ], [ -118.275224421760996, 34.221789918035299 ], [ -118.275322997252005, 34.2217891988495 ], [ -118.277404308992999, 34.221773893894401 ], [ -118.284056073119004, 34.221724717810602 ], [ -118.286239232260002, 34.221708499776497 ], [ -118.286929197274006, 34.221703347935403 ], [ -118.288422589077996, 34.221692218441298 ], [ -118.290605812714006, 34.2216759196655 ], [ -118.292789068049004, 34.221659579617501 ], [ -118.300161044538001, 34.2216041528606 ], [ -118.301377031475994, 34.221594968483203 ], [ -118.301522116770002, 34.221593865088302 ], [ -118.310035472839999, 34.221529183207501 ], [ -118.310255150493006, 34.221527493247898 ], [ -118.313392893739007, 34.221503500896098 ], [ -118.318814638527002, 34.221461855410197 ], [ -118.318987840445999, 34.221460519957901 ], [ -118.326624677379996, 34.221401457127698 ], [ -118.327294426467006, 34.221396240568701 ], [ -118.327721540938995, 34.2213929407216 ], [ -118.334380897554993, 34.221340974824699 ], [ -118.334587725838006, 34.221339353726599 ], [ -118.334922154959997, 34.221336733669297 ], [ -118.334997440639995, 34.221336124988497 ], [ -118.335061615409003, 34.221335605626699 ], [ -118.335276807683002, 34.2213338925757 ], [ -118.335987723722994, 34.221328228942603 ], [ -118.336093906835998, 34.221327384130703 ], [ -118.336278915774002, 34.221325911797699 ], [ -118.337474216320004, 34.221316869305198 ], [ -118.334558216142, 34.215622869157698 ], [ -118.335230215939006, 34.215387868464497 ], [ -118.335402935640005, 34.215270466030702 ], [ -118.335450424401003, 34.2152382252848 ], [ -118.336186895398001, 34.214738216163298 ], [ -118.336429746042, 34.214573354363097 ], [ -118.336429119268999, 34.214572934187103 ], [ -118.336429215590002, 34.214572869008698 ], [ -118.336044223165004, 34.214313872822203 ], [ -118.336606904910994, 34.213735718010199 ], [ -118.336970476548998, 34.213362155344598 ], [ -118.337014673431995, 34.213316767035401 ], [ -118.337061177398994, 34.213268962477599 ], [ -118.337718215690003, 34.212593867874801 ], [ -118.337749215821006, 34.211275868428899 ], [ -118.337756233619004, 34.211275607227002 ], [ -118.338116818103998, 34.2112815193858 ], [ -118.338292595149994, 34.211284380854899 ], [ -118.338481703350993, 34.211287478841598 ], [ -118.338690293810998, 34.211290906953998 ], [ -118.338710206863993, 34.211291236166097 ], [ -118.338903582143999, 34.211294376541701 ], [ -118.338929878521, 34.211294797824998 ], [ -118.339017304364006, 34.2112962567941 ], [ -118.339149054504006, 34.2112984154681 ], [ -118.339169397282006, 34.2112987434001 ], [ -118.339382983096002, 34.211302238354897 ], [ -118.339404186403002, 34.211302563833598 ], [ -118.339579467731994, 34.211305451869997 ], [ -118.339818503854005, 34.2111990423045 ], [ -118.339819219480006, 34.211171698512899 ], [ -118.339825108276003, 34.210952400487201 ], [ -118.339825767657004, 34.210927502720402 ], [ -118.339829668479993, 34.210780755071298 ], [ -118.339830185056002, 34.210761298474999 ], [ -118.339834228436999, 34.210609053760798 ], [ -118.339834600263003, 34.210595093334 ], [ -118.339837527303999, 34.210485321309797 ], [ -118.339844899911995, 34.210207750143297 ], [ -118.339845185030001, 34.210196482847898 ], [ -118.339846737456, 34.210139047943798 ], [ -118.339849518969004, 34.210031654579801 ], [ -118.339853283359005, 34.209886333542798 ], [ -118.339855520756998, 34.209802296896903 ], [ -118.339856324306993, 34.209771765928501 ], [ -118.339856924887997, 34.209748956283903 ], [ -118.339860566633007, 34.209611634919497 ], [ -118.33986417461, 34.209474284800599 ], [ -118.339868102449003, 34.209325943158497 ], [ -118.339871743930004, 34.209188565899197 ], [ -118.339875351873005, 34.209051216681502 ], [ -118.339878993553995, 34.208913894414998 ], [ -118.339882634999, 34.2087765171554 ], [ -118.339886276545002, 34.208639167842897 ], [ -118.339886962817005, 34.208612621091 ], [ -118.339889895178004, 34.208501790647098 ], [ -118.339890718053994, 34.208470681739598 ], [ -118.339893529102, 34.208364440454297 ], [ -118.339894416034994, 34.208330941394998 ], [ -118.339897134802996, 34.208227091242101 ], [ -118.339898139398997, 34.2081894420824 ], [ -118.339900784983001, 34.208089741904899 ], [ -118.339901866887999, 34.208048959690501 ], [ -118.339904710517999, 34.207941399366298 ], [ -118.339905880219007, 34.207897127961203 ], [ -118.339908341031006, 34.207804023038001 ], [ -118.339909204511997, 34.207771430088101 ], [ -118.339909607459006, 34.207756590576103 ], [ -118.339910178558, 34.2077342759573 ], [ -118.339911986828994, 34.2076666728112 ], [ -118.339912586455, 34.207643369127297 ], [ -118.339915594640999, 34.207529323592503 ], [ -118.339919236078998, 34.207391974279197 ], [ -118.339921270288002, 34.207314834952498 ], [ -118.339922306375001, 34.207276663714801 ], [ -118.339922888242, 34.207254596988001 ], [ -118.339926229789, 34.207127552171301 ], [ -118.339928377803005, 34.207045851654399 ], [ -118.339928983763002, 34.207023839853598 ], [ -118.339930586188004, 34.206962722033502 ], [ -118.339935089015995, 34.206793082691497 ], [ -118.339938696748007, 34.206655732570702 ], [ -118.339942616518996, 34.206507873270198 ], [ -118.340541781937006, 34.206518022721802 ], [ -118.340779888173003, 34.206522181808701 ], [ -118.340831586218997, 34.206523081059601 ], [ -118.341065331105, 34.206526889453798 ], [ -118.341359216203998, 34.206531867408501 ], [ -118.342202216155002, 34.206944867762502 ], [ -118.342428690009996, 34.207149303884499 ], [ -118.343003543774003, 34.207668220600901 ], [ -118.343353216951996, 34.2079838671442 ], [ -118.345109216767995, 34.210144867358302 ], [ -118.347094217534007, 34.211734867545999 ], [ -118.348052217651997, 34.212826868036302 ], [ -118.348915218352005, 34.213477868184498 ], [ -118.348809217744005, 34.213582867409798 ], [ -118.352808219517996, 34.2167088681284 ], [ -118.354459219065006, 34.218438867573703 ], [ -118.354592219885006, 34.2183578679196 ], [ -118.355956220178996, 34.219852868428802 ], [ -118.355814219639001, 34.219927868370299 ], [ -118.357710219821996, 34.221599868210099 ], [ -118.357835220035, 34.221509867874197 ], [ -118.359072220806993, 34.222204868208898 ], [ -118.366487222038003, 34.229924868855399 ], [ -118.390062228196996, 34.252209869291299 ], [ -118.389641227818004, 34.252858869718303 ], [ -118.390120228689995, 34.2525088692663 ], [ -118.387660854657, 34.256724068664603 ], [ -118.386890228517004, 34.258044870694697 ], [ -118.386041228272006, 34.260585870446697 ], [ -118.380226227712996, 34.259506871306698 ], [ -118.373325225612007, 34.260306871906799 ], [ -118.372125225900007, 34.261306871673 ], [ -118.371125225827996, 34.263206871610699 ], [ -118.371210225577002, 34.260330871636498 ], [ -118.368824225528002, 34.2633788718937 ], [ -118.366444225197995, 34.265477872563999 ], [ -118.365491225442, 34.265975872499901 ], [ -118.364367225289001, 34.2661768726717 ], [ -118.359906223820005, 34.2661278729285 ], [ -118.359857224316002, 34.267067872697503 ], [ -118.355726223809995, 34.266302873560299 ], [ -118.358358224739007, 34.271573873953898 ], [ -118.356763224263005, 34.271782874011997 ], [ -118.356202224045006, 34.2719968734798 ], [ -118.356192224531, 34.2723718742252 ], [ -118.353096223351002, 34.271710874081798 ], [ -118.349939222811003, 34.271578874293397 ] ] ], [ [ [ -118.270592207101998, 34.232741873986001 ], [ -118.269813206752005, 34.232374874102597 ], [ -118.272321206965003, 34.232731874420303 ], [ -118.271948206819999, 34.233071874753001 ], [ -118.271214206481005, 34.233247874032003 ], [ -118.270697207081, 34.232999874569103 ], [ -118.270592207101998, 34.232741873986001 ] ] ] ] } },
{ "type": "Feature", "properties": { "objectid": 84, "name": "Sherman Oaks", "area_sqmi": 9.1692264066423768, "source_url": "https://services5.arcgis.com/7nsPwEMP38bSkCjy/arcgis/rest/services/LA_Times_Neighborhoods/FeatureServer/0", "fetched_at": "2025-12-07T08:52:51.283518" }, "geometry": { "type": "Polygon", "coordinates": [ [ [ -118.413788197124006, 34.156638857912696 ], [ -118.413787224293003, 34.1539928571326 ], [ -118.418151224705994, 34.153991856911098 ], [ -118.418150223986999, 34.148175856919899 ], [ -118.418396224751007, 34.148053856256702 ], [ -118.419182224544002, 34.1483048561769 ], [ -118.420877224774003, 34.148360856232898 ], [ -118.422514225669005, 34.149692856973601 ], [ -118.422513224922, 34.146578856443703 ], [ -118.418341223593004, 34.145886856440001 ], [ -118.418820224347996, 34.144083856528503 ], [ -118.416770223540993, 34.143449856552699 ], [ -118.415679223419005, 34.143463856036703 ], [ -118.414781223359, 34.1429098558108 ], [ -118.414531223580994, 34.141427855805503 ], [ -118.414144223106007, 34.140783856058597 ], [ -118.413696222742004, 34.140527855816998 ], [ -118.413440222207001, 34.138814856121499 ], [ -118.412168222833998, 34.1367848557381 ], [ -118.413084222661993, 34.135489855378196 ], [ -118.414273222166003, 34.134393855735297 ], [ -118.414303222767998, 34.134156854968701 ], [ -118.414273222977002, 34.1341444309205 ], [ -118.413808221913996, 34.133951854987799 ], [ -118.413202221865006, 34.134681855593698 ], [ -118.412077222614997, 34.1349578556677 ], [ -118.411568221680994, 34.132705855016397 ], [ -118.411122221824002, 34.132326855409602 ], [ -118.410869221419006, 34.132453855154097 ], [ -118.410863221609006, 34.132803855100903 ], [ -118.410388221592001, 34.1335658551412 ], [ -118.409892221914006, 34.133621855688197 ], [ -118.409876206611003, 34.133589560125102 ], [ -118.409529222062005, 34.132889855729097 ], [ -118.409017221580001, 34.132834855526397 ], [ -118.409063221148003, 34.132202855571997 ], [ -118.408528220917006, 34.132100855568602 ], [ -118.408646220980003, 34.131621855754503 ], [ -118.408193220768993, 34.131193855199697 ], [ -118.408432550341999, 34.1302789401743 ], [ -118.408447220849993, 34.130222855548801 ], [ -118.408424318665993, 34.130209720004402 ], [ -118.407860557215002, 34.129886385893002 ], [ -118.407674307210002, 34.129779566286302 ], [ -118.407631221222005, 34.129754855311099 ], [ -118.407525220557005, 34.129453854966997 ], [ -118.409008220936002, 34.1297048554814 ], [ -118.412129221688005, 34.129572855217198 ], [ -118.412588221746006, 34.129448855144197 ], [ -118.413207221470003, 34.128949854675298 ], [ -118.414023222344994, 34.128987855160801 ], [ -118.414219221739003, 34.1287188545286 ], [ -118.414083222014, 34.128081855063797 ], [ -118.414507221495995, 34.127538854505403 ], [ -118.414590221547996, 34.126965854623499 ], [ -118.414952221906006, 34.126524854126998 ], [ -118.415450222485006, 34.126416854860601 ], [ -118.416256222319006, 34.126677854547196 ], [ -118.416817222364003, 34.127207854553298 ], [ -118.418056222714995, 34.127119854248697 ], [ -118.419492222415997, 34.127634854362803 ], [ -118.420779223167997, 34.1284718545527 ], [ -118.421184223612002, 34.129686854657102 ], [ -118.421411223803005, 34.1299028544544 ], [ -118.422350223639, 34.129800854202301 ], [ -118.423202223770005, 34.1302588539452 ], [ -118.424653223370001, 34.130207854212699 ], [ -118.426795224225003, 34.131217854333599 ], [ -118.427463224687003, 34.131173854532598 ], [ -118.428648224770996, 34.131449854346002 ], [ -118.429385224548994, 34.131333853915301 ], [ -118.430022224877007, 34.132059853772901 ], [ -118.431042224988005, 34.131670853776903 ], [ -118.431765225370995, 34.131965854057299 ], [ -118.432898225764006, 34.131835854126898 ], [ -118.433452225184993, 34.131539853723197 ], [ -118.434122225427004, 34.130873853984603 ], [ -118.434993225461994, 34.130583854055899 ], [ -118.435757225505, 34.130675853909104 ], [ -118.438473225948002, 34.131603853946103 ], [ -118.439426225931996, 34.131212853359997 ], [ -118.440611226572997, 34.131517853929097 ], [ -118.441537455542004, 34.131113820459703 ], [ -118.442830753185007, 34.130549668380802 ], [ -118.443362120619994, 34.130317879546702 ], [ -118.443378226975, 34.130310853377402 ], [ -118.446378227435005, 34.130525852880098 ], [ -118.448704228175998, 34.131270853387498 ], [ -118.449571227638003, 34.131873852804397 ], [ -118.451401229010003, 34.1317628526525 ], [ -118.453143228585006, 34.131993852452098 ], [ -118.453197823929997, 34.132015072848901 ], [ -118.453920229429002, 34.132295852987497 ], [ -118.454654228858999, 34.132893853082997 ], [ -118.455540228919006, 34.1329128529865 ], [ -118.455916228825004, 34.132757852793702 ], [ -118.456360229260994, 34.132233852549298 ], [ -118.456995229146997, 34.132091852846997 ], [ -118.457775229975994, 34.131624852992601 ], [ -118.458434229624999, 34.130831852461 ], [ -118.458521052639995, 34.130793443024103 ], [ -118.458730898390002, 34.130700609578 ], [ -118.459137229872994, 34.130520852342002 ], [ -118.459610516991006, 34.1304672674299 ], [ -118.460771230115, 34.130335852138302 ], [ -118.461647230257995, 34.1307738519669 ], [ -118.462964230533004, 34.131079852309902 ], [ -118.464093230619994, 34.130137852344703 ], [ -118.465593230834003, 34.130225852040503 ], [ -118.467494230648001, 34.129379851996902 ], [ -118.468978230863001, 34.129589851650003 ], [ -118.469795231874997, 34.130276851829201 ], [ -118.470663387200005, 34.130097681450799 ], [ -118.470798231331003, 34.1300698513786 ], [ -118.471556231855004, 34.129571851197099 ], [ -118.473648231943997, 34.126829851223903 ], [ -118.474468232356003, 34.126473850849699 ], [ -118.475683231578998, 34.1263508509386 ], [ -118.474812232426004, 34.127539851085302 ], [ -118.474251232015007, 34.128681851492502 ], [ -118.471558232326998, 34.137320852756403 ], [ -118.471361232066002, 34.139012852365099 ], [ -118.471610232276007, 34.142564853184098 ], [ -118.471180232492998, 34.145805853546698 ], [ -118.470378232566006, 34.147621853807202 ], [ -118.470522233267005, 34.147947853830701 ], [ -118.469574233280994, 34.148355854164002 ], [ -118.468637232673004, 34.150263854371801 ], [ -118.468236233127001, 34.1517648539972 ], [ -118.468108232543997, 34.153115853996702 ], [ -118.468211233212003, 34.154150854158999 ], [ -118.468897233695003, 34.154264854110103 ], [ -118.469165233496, 34.155279854761602 ], [ -118.469015232971998, 34.1554328547005 ], [ -118.468764232867002, 34.155261854783497 ], [ -118.468411233116001, 34.154343854738499 ], [ -118.469656234018998, 34.158409855105702 ], [ -118.469663233923001, 34.162899855509202 ], [ -118.470506162500001, 34.163377248357399 ], [ -118.470507234199999, 34.163377855431797 ], [ -118.470486881287997, 34.163402657564298 ], [ -118.470046769589004, 34.163938967256399 ], [ -118.469958234494001, 34.164046855219702 ], [ -118.469472340463994, 34.166742476631001 ], [ -118.469445234324994, 34.166892856016297 ], [ -118.468022608791003, 34.169682431403501 ], [ -118.467963234129002, 34.169798856202597 ], [ -118.467769234952996, 34.170820856305298 ], [ -118.467782234416006, 34.172110856144002 ], [ -118.467549237496002, 34.172110968318499 ], [ -118.466414162427, 34.1721115152924 ], [ -118.413796225265997, 34.172136859469497 ], [ -118.414033225826003, 34.171352859515601 ], [ -118.413795225048005, 34.1693798590046 ], [ -118.413791224606996, 34.164873858761297 ], [ -118.413788197124006, 34.156638857912696 ] ] ] } },
{ "type": "Feature", "properties": { "objectid": 85, "name": "Silver Lake", "area_sqmi": 2.7253510648878421, "source_url": "https://services5.arcgis.com/7nsPwEMP38bSkCjy/arcgis/rest/services/LA_Times_Neighborhoods/FeatureServer/0", "fetched_at": "2025-12-07T08:52:51.283518" }, "geometry": { "type": "Polygon", "coordinates": [ [ [ -118.264844195619006, 34.112816861189799 ], [ -118.263541195738995, 34.111510861128799 ], [ -118.262669195341999, 34.110867860945703 ], [ -118.262345643291994, 34.1106653808869 ], [ -118.261347483414994, 34.110040726170602 ], [ -118.260964194330001, 34.109800861547498 ], [ -118.260666021199, 34.109673482965597 ], [ -118.260141793718006, 34.109449534209901 ], [ -118.259405194354997, 34.109134860969398 ], [ -118.256648193589996, 34.108247861066403 ], [ -118.256373193797003, 34.108677861752803 ], [ -118.255024193503004, 34.108533861945901 ], [ -118.253418193542998, 34.108642861307104 ], [ -118.256555193449003, 34.105981861602999 ], [ -118.255927193196001, 34.105552861299401 ], [ -118.253705193464, 34.1046388612613 ], [ -118.251503192827002, 34.102436861046797 ], [ -118.250823933679001, 34.100907192178298 ], [ -118.250779738667006, 34.100807665531903 ], [ -118.250778261321003, 34.100804339240597 ], [ -118.250614192447998, 34.1004348613261 ], [ -118.251844192102993, 34.098614860703201 ], [ -118.251651192197997, 34.098521860505699 ], [ -118.255159017587005, 34.094243861641402 ], [ -118.255322192080996, 34.094044859888498 ], [ -118.255542193018002, 34.093828860162603 ], [ -118.255716192901005, 34.0939528601454 ], [ -118.258473193382002, 34.091544859308499 ], [ -118.258533193199995, 34.090998859733197 ], [ -118.259201192461006, 34.089786859692701 ], [ -118.259919193152996, 34.0857758584796 ], [ -118.263341193133002, 34.087258859191998 ], [ -118.264440193198993, 34.085457858583197 ], [ -118.266643193679997, 34.086456858571303 ], [ -118.268511193844006, 34.0836658583003 ], [ -118.270260194048006, 34.080652857961503 ], [ -118.271877194550001, 34.079076857302198 ], [ -118.274183194130998, 34.075295856658897 ], [ -118.274185366127, 34.075296450345903 ], [ -118.279922136874006, 34.076860764203403 ], [ -118.280234195657002, 34.076945856591799 ], [ -118.284422678146996, 34.077900737195797 ], [ -118.284423196435, 34.077900856780801 ], [ -118.284597197123006, 34.095818858366698 ], [ -118.277174196749996, 34.0957808589039 ], [ -118.276509571816007, 34.096064352206398 ], [ -118.276398196542004, 34.096111859053501 ], [ -118.276336748852998, 34.096204552722 ], [ -118.275515196217, 34.097443859606599 ], [ -118.274062397525995, 34.098773926266396 ], [ -118.273988195651, 34.098841859131198 ], [ -118.273765546337998, 34.099250672333802 ], [ -118.273514445878007, 34.099711725721797 ], [ -118.273451196340005, 34.099827859138301 ], [ -118.273043196315996, 34.102448859607698 ], [ -118.273373196340998, 34.1040578602246 ], [ -118.271379196335005, 34.109231860770699 ], [ -118.269136196687995, 34.111635860757403 ], [ -118.269033196224001, 34.111546860905001 ], [ -118.266136196166997, 34.112753861785798 ], [ -118.266115956796, 34.112779406205497 ], [ -118.265560434795006, 34.113480531253003 ], [ -118.265537196037002, 34.1135098613913 ], [ -118.264844195619006, 34.112816861189799 ] ] ] } },
{ "type": "Feature", "properties": { "objectid": 86, "name": "South Park", "area_sqmi": 1.4021807397291766, "source_url": "https://services5.arcgis.com/7nsPwEMP38bSkCjy/arcgis/rest/services/LA_Times_Neighborhoods/FeatureServer/0", "fetched_at": "2025-12-07T08:52:51.283518" }, "geometry": { "type": "Polygon", "coordinates": [ [ [ -118.280402187801997, 33.989158847216601 ], [ -118.280614187943002, 33.989157846853999 ], [ -118.280670674861994, 33.993301645301301 ], [ -118.280670675118998, 33.9933017219305 ], [ -118.280714188664007, 33.996493848176897 ], [ -118.280502189325006, 33.996493847974499 ], [ -118.280994189674004, 34.003776848764197 ], [ -118.256493126821994, 34.003942836697298 ], [ -118.256491184900995, 34.003942849839497 ], [ -118.256457853868, 33.992609561873898 ], [ -118.256448184378996, 33.989321848267899 ], [ -118.280402187801997, 33.989158847216601 ] ] ] } },
{ "type": "Feature", "properties": { "objectid": 87, "name": "Studio City", "area_sqmi": 6.2438717174777105, "source_url": "https://services5.arcgis.com/7nsPwEMP38bSkCjy/arcgis/rest/services/LA_Times_Neighborhoods/FeatureServer/0", "fetched_at": "2025-12-07T08:52:51.283518" }, "geometry": { "type": "Polygon", "coordinates": [ [ [ -118.403428222201995, 34.156632858049299 ], [ -118.402751663878007, 34.156422687810498 ], [ -118.402060677188004, 34.156208035156503 ], [ -118.401944222647003, 34.1561718586794 ], [ -118.401148121901002, 34.1557902023007 ], [ -118.399516221607001, 34.155007858225503 ], [ -118.399363629248995, 34.154973135655602 ], [ -118.398220256710999, 34.154712960064003 ], [ -118.397556221049996, 34.154561858661197 ], [ -118.397421394667006, 34.154562078319998 ], [ -118.385771847697001, 34.154581090615999 ], [ -118.378749829884995, 34.154592550083898 ], [ -118.378560218424994, 34.154592859908803 ], [ -118.378324218271999, 34.154571859823399 ], [ -118.378285470609001, 34.1545306897739 ], [ -118.377814432286002, 34.154030212176899 ], [ -118.377636217920994, 34.153840859319203 ], [ -118.376725218298006, 34.153263859890799 ], [ -118.375639217105004, 34.1529648597906 ], [ -118.375579077793006, 34.152960498366198 ], [ -118.374853217216, 34.152907859996397 ], [ -118.375436217567994, 34.153586859994498 ], [ -118.374323217064997, 34.153195859779203 ], [ -118.373133217562994, 34.1529988596617 ], [ -118.370220216513999, 34.153071859541903 ], [ -118.370220216893003, 34.152876859913597 ], [ -118.367474555911997, 34.153035321058901 ], [ -118.367465216080006, 34.153035859714699 ], [ -118.366084472946994, 34.1507142784302 ], [ -118.360927213931006, 34.142042859663299 ], [ -118.361003221011003, 34.141082667331297 ], [ -118.361006213970001, 34.141044858795098 ], [ -118.362354214489997, 34.138700858628198 ], [ -118.361861213934006, 34.138596858376701 ], [ -118.361353239523993, 34.1387384152479 ], [ -118.361321106564006, 34.138737964964101 ], [ -118.361218158569997, 34.138736522741901 ], [ -118.360939321264993, 34.1387326144268 ], [ -118.360723402120996, 34.138729587862002 ], [ -118.359927551685999, 34.138730096562298 ], [ -118.359832885003996, 34.138730156606798 ], [ -118.359832909046006, 34.1388926376369 ], [ -118.359832908805004, 34.138894092716399 ], [ -118.359832952131001, 34.139162040763203 ], [ -118.359832952263005, 34.139162071415001 ], [ -118.359160312822993, 34.139349514030698 ], [ -118.359159608076993, 34.139349515222897 ], [ -118.358597179775998, 34.139349570245699 ], [ -118.358434008193001, 34.139349585362702 ], [ -118.358433854233994, 34.139349585819197 ], [ -118.358431848400997, 34.139349585455697 ], [ -118.357335360896002, 34.138454763095297 ], [ -118.357339261158998, 34.138447483384901 ], [ -118.357339517176996, 34.138447009321901 ], [ -118.357339624849999, 34.1384468341057 ], [ -118.357353906640995, 34.138423604388201 ], [ -118.357381890924998, 34.138378088765599 ], [ -118.357382360377997, 34.138377324678501 ], [ -118.357391425379006, 34.138362579405999 ], [ -118.357540276853001, 34.138273102672898 ], [ -118.357632159019005, 34.138217869655598 ], [ -118.357635337361003, 34.138215958913797 ], [ -118.357658114578996, 34.138202267517997 ], [ -118.357708746065995, 34.138254358099204 ], [ -118.357761817305999, 34.138303961314101 ], [ -118.357817205288995, 34.138350962126999 ], [ -118.357820438869993, 34.138353596760197 ], [ -118.357840895278997, 34.138369651160097 ], [ -118.357914196726, 34.138420674744602 ], [ -118.357990857676995, 34.138466498194703 ], [ -118.358070507457995, 34.138506900824098 ], [ -118.358152765750006, 34.138541689022098 ], [ -118.358237234997006, 34.138570695374 ], [ -118.358323511259002, 34.138593781334599 ], [ -118.358411179867005, 34.138610835437298 ], [ -118.358499818686994, 34.138621775087998 ], [ -118.358867387974001, 34.138657666373497 ], [ -118.358868832594993, 34.138639586291902 ], [ -118.358869257625003, 34.138634286704097 ], [ -118.358908993900002, 34.1381372665372 ], [ -118.358915686217998, 34.138053565212601 ], [ -118.358601539717, 34.138035306525801 ], [ -118.357840301468002, 34.137991133206597 ], [ -118.357841746396005, 34.137973075675603 ], [ -118.357868690025001, 34.137636242555601 ], [ -118.357804647023002, 34.137567157221802 ], [ -118.357782661138998, 34.137510863688703 ], [ -118.357754248584996, 34.137327525820503 ], [ -118.357726563417998, 34.137259900612399 ], [ -118.357669821795994, 34.137182439972001 ], [ -118.357639489915996, 34.137106386004 ], [ -118.357624290947996, 34.137006408283199 ], [ -118.357644240569996, 34.1367568961263 ], [ -118.357634565170002, 34.136712298732199 ], [ -118.357512215287002, 34.1365857631762 ], [ -118.357450097626, 34.136534122090801 ], [ -118.357392466912003, 34.136426300229502 ], [ -118.357392904451004, 34.136296873566103 ], [ -118.357287896721004, 34.136230339610698 ], [ -118.357164902614002, 34.135853803449898 ], [ -118.357051304405999, 34.135506028157302 ], [ -118.357036896430003, 34.135452411308897 ], [ -118.357028410354999, 34.1353975445694 ], [ -118.357025946529006, 34.1353420794538 ], [ -118.357029534868005, 34.1352866766997 ], [ -118.357039133710003, 34.135231992747698 ], [ -118.357054626571994, 34.135178679750602 ], [ -118.357075831830002, 34.135127369317601 ], [ -118.357093489907996, 34.135089826794101 ], [ -118.357086415466, 34.135087500093398 ], [ -118.355039229225994, 34.134414235708697 ], [ -118.354885578679003, 34.134367514047803 ], [ -118.354729997426006, 34.134327695506798 ], [ -118.353601437451005, 34.1340652816559 ], [ -118.353497324640998, 34.134044395570697 ], [ -118.353392168761005, 34.134029626659398 ], [ -118.353286329948006, 34.134021026155899 ], [ -118.353180169325, 34.1340186227537 ], [ -118.353074050101995, 34.134022425308103 ], [ -118.352968333226997, 34.134032421044999 ], [ -118.352863381727005, 34.134048575549102 ], [ -118.352759553116002, 34.134070832785198 ], [ -118.352454004492003, 34.134146243190301 ], [ -118.352397087956007, 34.134157037332002 ], [ -118.352339346597006, 34.134161716031002 ], [ -118.352281436121999, 34.134160225987799 ], [ -118.352224011453004, 34.134152584225902 ], [ -118.352167725637003, 34.134138878095797 ], [ -118.352167411915005, 34.134138783447 ], [ -118.352149709379006, 34.134161875562498 ], [ -118.352148595874993, 34.134164175918798 ], [ -118.352148563631005, 34.1341642427263 ], [ -118.352142109672002, 34.134177643019399 ], [ -118.352124960113002, 34.134173214148902 ], [ -118.352123276916004, 34.134173078412502 ], [ -118.352107306075993, 34.134171792464699 ], [ -118.352089669215005, 34.1341734188196 ], [ -118.352089271778993, 34.134173526358403 ], [ -118.352068642922006, 34.134156691667002 ], [ -118.351951212418001, 34.134060858724403 ], [ -118.352528212555995, 34.133110858479697 ], [ -118.352872211774994, 34.132101858734899 ], [ -118.355895212253003, 34.132876858686501 ], [ -118.356433212783998, 34.132123857981 ], [ -118.356678212640006, 34.1325828580595 ], [ -118.357243213323002, 34.1328848583357 ], [ -118.357743212396997, 34.132878858409001 ], [ -118.358068213530004, 34.133241858696799 ], [ -118.358718212756003, 34.132754858437401 ], [ -118.359289212780993, 34.133091858740201 ], [ -118.360053213805998, 34.133007858560703 ], [ -118.360121212877004, 34.132583858472699 ], [ -118.360638213187002, 34.132405858622398 ], [ -118.360819213498999, 34.132000857984799 ], [ -118.361210213418005, 34.1318448577616 ], [ -118.361283213907001, 34.131376857939898 ], [ -118.361549213106997, 34.131147857769101 ], [ -118.362735213139004, 34.131516857891299 ], [ -118.362744400588994, 34.131527969696798 ], [ -118.363136213361997, 34.132001858449101 ], [ -118.363154646186004, 34.132001930188899 ], [ -118.363246724665004, 34.132002290004401 ], [ -118.363392214103996, 34.132002857921002 ], [ -118.363403568709998, 34.131959567194798 ], [ -118.363416216917003, 34.131911343882102 ], [ -118.363440213294993, 34.131819857805503 ], [ -118.363302811400999, 34.131721413844403 ], [ -118.363112213904998, 34.131584857540901 ], [ -118.362987213229005, 34.131192857551603 ], [ -118.362555214072998, 34.130719857891599 ], [ -118.362120213286005, 34.130560857979802 ], [ -118.361932212865, 34.130240857477197 ], [ -118.361895897568004, 34.130238693438102 ], [ -118.361110212756003, 34.130191858120703 ], [ -118.360693213473994, 34.130501858418803 ], [ -118.360673320939, 34.130496822296998 ], [ -118.360564138323994, 34.130469180591803 ], [ -118.360456213649002, 34.1304418577867 ], [ -118.360455960346002, 34.130418565564298 ], [ -118.360455638678005, 34.130388972712801 ], [ -118.360454213577995, 34.130257857611397 ], [ -118.360773212745997, 34.130023858040502 ], [ -118.360862415564995, 34.129992947664498 ], [ -118.362340213246995, 34.129480857565099 ], [ -118.363000213953001, 34.129947858000399 ], [ -118.363271213168005, 34.129789857484901 ], [ -118.362820213223998, 34.129600858198998 ], [ -118.362457213206, 34.129217857866799 ], [ -118.361065213276007, 34.129363858080403 ], [ -118.360499213047007, 34.128565857391401 ], [ -118.359843770715003, 34.128450867762297 ], [ -118.359815212605994, 34.128445858200301 ], [ -118.359776589796994, 34.128384931993097 ], [ -118.359715152522995, 34.128288016754503 ], [ -118.359673212800004, 34.128221857956298 ], [ -118.359925213113002, 34.127633857439697 ], [ -118.360361212735995, 34.127352857823297 ], [ -118.360720213445006, 34.127877857360502 ], [ -118.360810883301994, 34.127919869661099 ], [ -118.361235781467002, 34.128116744575699 ], [ -118.361443213303005, 34.128212857444304 ], [ -118.361503520688004, 34.128213751722598 ], [ -118.363332213240994, 34.1282408573487 ], [ -118.365490213523003, 34.1289168571762 ], [ -118.366801213588005, 34.1289448570855 ], [ -118.367581951320005, 34.129395611701597 ], [ -118.367622214193005, 34.129418857064302 ], [ -118.369558669236994, 34.1292232463529 ], [ -118.369592214803006, 34.129219857687197 ], [ -118.369615051516007, 34.1292524892717 ], [ -118.370028214504998, 34.1298428572562 ], [ -118.370999214467005, 34.130027857436602 ], [ -118.372242215130996, 34.1310348570969 ], [ -118.373439215645007, 34.130984857552903 ], [ -118.373448279642005, 34.130937455629102 ], [ -118.373508967689006, 34.130620074349302 ], [ -118.373513215735002, 34.130597857289402 ], [ -118.372990215602996, 34.130252856877199 ], [ -118.372593215635007, 34.129355857436799 ], [ -118.371872215246995, 34.128846857257301 ], [ -118.372004215122999, 34.128191857488098 ], [ -118.371336214148997, 34.126783856964799 ], [ -118.371596214538002, 34.126526856713497 ], [ -118.372490214894995, 34.1263858570846 ], [ -118.373354215212004, 34.1268538571682 ], [ -118.373979214932007, 34.126632857140898 ], [ -118.374209215277006, 34.125612856906898 ], [ -118.374734214954998, 34.124793856310397 ], [ -118.374760214982999, 34.123902856159901 ], [ -118.375573215117996, 34.123411856040399 ], [ -118.375819214592994, 34.123079856217899 ], [ -118.375811214779006, 34.122700856414802 ], [ -118.375536215243997, 34.1222048566556 ], [ -118.375796792263998, 34.121915532670002 ], [ -118.375817214918996, 34.121892855940899 ], [ -118.375876459552998, 34.121908853377398 ], [ -118.377365214936006, 34.1223108557027 ], [ -118.378076214922004, 34.122213856103897 ], [ -118.378774215888996, 34.122566856040699 ], [ -118.379727215589, 34.122576855912897 ], [ -118.380777216313007, 34.123080855907197 ], [ -118.381116215527996, 34.122955855952902 ], [ -118.381516760188006, 34.122440870787401 ], [ -118.381550216009998, 34.122397855658903 ], [ -118.381583717799998, 34.1224048161341 ], [ -118.382580216348998, 34.122611855499201 ], [ -118.383304216506005, 34.122121855711498 ], [ -118.383358820409001, 34.1221233007861 ], [ -118.385004216325996, 34.122166855473402 ], [ -118.385564216240994, 34.121686855778798 ], [ -118.386083076247999, 34.121574173439001 ], [ -118.386158216626995, 34.121557855387302 ], [ -118.386217219838997, 34.121590901091601 ], [ -118.386626366962005, 34.121820054505598 ], [ -118.386699216672, 34.121860855774401 ], [ -118.386709648495994, 34.121888129934099 ], [ -118.387140216592002, 34.123013855943803 ], [ -118.387304205182005, 34.1231759731401 ], [ -118.387370614293005, 34.123241624765299 ], [ -118.387403217206, 34.123273855675798 ], [ -118.387476200490994, 34.123273425187698 ], [ -118.389020358099003, 34.123264308868201 ], [ -118.389097217743, 34.1232638559093 ], [ -118.389605344008004, 34.123082451757597 ], [ -118.390040641284003, 34.122927048228703 ], [ -118.390139217286006, 34.122891855035 ], [ -118.390516217829997, 34.122260855659199 ], [ -118.391403217686999, 34.122191855139199 ], [ -118.392069217758007, 34.121580855530702 ], [ -118.392786218026004, 34.121242854779801 ], [ -118.393241217544002, 34.120109854874499 ], [ -118.394081218197996, 34.120270855023499 ], [ -118.395218217966004, 34.119792854730498 ], [ -118.396238217755993, 34.119115854323802 ], [ -118.397391393356997, 34.119097488448901 ], [ -118.397431218723995, 34.119096854436101 ], [ -118.398167218645995, 34.119823854467498 ], [ -118.398135219001006, 34.121451854863302 ], [ -118.398782218475006, 34.1217978547662 ], [ -118.399025219394005, 34.122452854963498 ], [ -118.39995721935, 34.1230458552538 ], [ -118.400207219587998, 34.123510854518003 ], [ -118.400907219513002, 34.124123855235602 ], [ -118.401957219476998, 34.124475854705103 ], [ -118.402270219593007, 34.124888855054103 ], [ -118.403025219642998, 34.125313855062899 ], [ -118.403316219475997, 34.125972855487298 ], [ -118.403380219775002, 34.126598854966801 ], [ -118.403875219881996, 34.127202855498197 ], [ -118.403928219744998, 34.127850855629198 ], [ -118.404317282780994, 34.127946751348901 ], [ -118.404354220466004, 34.1279558550183 ], [ -118.405401796171006, 34.127626498 ], [ -118.405868220903002, 34.127479854637301 ], [ -118.406076743707004, 34.1275474357885 ], [ -118.406270530466998, 34.127610241085897 ], [ -118.406337220975004, 34.127631854842903 ], [ -118.406673220271003, 34.128059854742801 ], [ -118.407019712996004, 34.129090833218598 ], [ -118.407040221052, 34.129151855028802 ], [ -118.407525220557005, 34.129453854966997 ], [ -118.407674307210002, 34.129779566286302 ], [ -118.407682220981002, 34.129796855421901 ], [ -118.407860557215002, 34.129886385893002 ], [ -118.408419220948005, 34.130166855605701 ], [ -118.408424318665993, 34.130209720004402 ], [ -118.408432550341999, 34.1302789401743 ], [ -118.408463221682993, 34.130536855618097 ], [ -118.408193220768993, 34.131193855199697 ], [ -118.408646220980003, 34.131621855754503 ], [ -118.408528220917006, 34.132100855568602 ], [ -118.409063221148003, 34.132202855571997 ], [ -118.409017221580001, 34.132834855526397 ], [ -118.409529222062005, 34.132889855729097 ], [ -118.409848222110995, 34.133590855859403 ], [ -118.409876206611003, 34.133589560125102 ], [ -118.410388221592001, 34.1335658551412 ], [ -118.410863221609006, 34.132803855100903 ], [ -118.410869221419006, 34.132453855154097 ], [ -118.411122221824002, 34.132326855409602 ], [ -118.411568221680994, 34.132705855016397 ], [ -118.412077222614997, 34.1349578556677 ], [ -118.413202221865006, 34.134681855593698 ], [ -118.413808221913996, 34.133951854987799 ], [ -118.414273222285999, 34.134101854906604 ], [ -118.414273222977002, 34.1341444309205 ], [ -118.414273222166003, 34.134393855735297 ], [ -118.413084222661993, 34.135489855378196 ], [ -118.412168222833998, 34.1367848557381 ], [ -118.413440222207001, 34.138814856121499 ], [ -118.413696222742004, 34.140527855816998 ], [ -118.414144223106007, 34.140783856058597 ], [ -118.414531223580994, 34.141427855805503 ], [ -118.414781223359, 34.1429098558108 ], [ -118.415679223419005, 34.143463856036703 ], [ -118.416770223540993, 34.143449856552699 ], [ -118.418820224347996, 34.144083856528503 ], [ -118.418341223593004, 34.145886856440001 ], [ -118.422513224922, 34.146578856443703 ], [ -118.422514225669005, 34.149692856973601 ], [ -118.420877224774003, 34.148360856232898 ], [ -118.419182224544002, 34.1483048561769 ], [ -118.418396224751007, 34.148053856256702 ], [ -118.418150223986999, 34.148175856919899 ], [ -118.418151224705994, 34.153991856911098 ], [ -118.413787224293003, 34.1539928571326 ], [ -118.413788210679002, 34.156638857866298 ], [ -118.405233222953996, 34.156602858365801 ], [ -118.405233223010001, 34.156795858656402 ], [ -118.403682556400994, 34.156655826010102 ], [ -118.403428222201995, 34.156632858049299 ] ] ] } },
{ "type": "Feature", "properties": { "objectid": 88, "name": "Sunland", "area_sqmi": 3.9508575824936174, "source_url": "https://services5.arcgis.com/7nsPwEMP38bSkCjy/arcgis/rest/services/LA_Times_Neighborhoods/FeatureServer/0", "fetched_at": "2025-12-07T08:52:51.283518" }, "geometry": { "type": "Polygon", "coordinates": [ [ [ -118.299411214952997, 34.276231877317002 ], [ -118.299535215217006, 34.2754908773504 ], [ -118.299798214811005, 34.275207877673303 ], [ -118.300971215727003, 34.2750368775664 ], [ -118.302176214788005, 34.274162877072499 ], [ -118.303050215959004, 34.274017877103397 ], [ -118.303314214951001, 34.273819877419299 ], [ -118.303207215271996, 34.273338876625601 ], [ -118.302210215721004, 34.272821877121501 ], [ -118.302771214988994, 34.2724478768776 ], [ -118.302644213739001, 34.252392874370898 ], [ -118.304487214267994, 34.252402874616102 ], [ -118.306128214449004, 34.252116874592197 ], [ -118.306178213926003, 34.251960874586402 ], [ -118.305851213579004, 34.251365874231297 ], [ -118.305949214479995, 34.251209874733902 ], [ -118.306230213884007, 34.251189874055598 ], [ -118.306627213902999, 34.250509874577098 ], [ -118.306497213547999, 34.248323873817597 ], [ -118.307086214006006, 34.248128873763001 ], [ -118.312396215454001, 34.248871874079597 ], [ -118.316723215479996, 34.248606873697803 ], [ -118.322368407270005, 34.249631189742701 ], [ -118.322394216397996, 34.249635872998503 ], [ -118.323105624316, 34.251689543183701 ], [ -118.323233216670005, 34.252057873654103 ], [ -118.323574704544995, 34.252606136910899 ], [ -118.323985460437001, 34.253265611141202 ], [ -118.324176217339996, 34.253571873953497 ], [ -118.327092218030003, 34.256644873476198 ], [ -118.330622219161, 34.259628873730001 ], [ -118.330971219028996, 34.259641874069303 ], [ -118.330160218390006, 34.259781873788199 ], [ -118.330010218677998, 34.259681874277597 ], [ -118.334145219728995, 34.264032874138898 ], [ -118.332817219684998, 34.264948874117003 ], [ -118.334569220337002, 34.266008873912 ], [ -118.335732220251998, 34.2672558740055 ], [ -118.338113220698006, 34.272239874983001 ], [ -118.338094681607004, 34.2722442622348 ], [ -118.336827164317995, 34.272544214307302 ], [ -118.336429076130003, 34.272638420815397 ], [ -118.336372220415996, 34.272651874620699 ], [ -118.336229087945, 34.272562070857099 ], [ -118.335803220893993, 34.272294874655103 ], [ -118.334882221035002, 34.272047875067997 ], [ -118.333737220350997, 34.272075874677697 ], [ -118.333015220125006, 34.271893875485098 ], [ -118.331929220182005, 34.272009874869198 ], [ -118.330843219643, 34.271712874859702 ], [ -118.329631219484995, 34.2720488749137 ], [ -118.328539220082007, 34.272152875198501 ], [ -118.327003218922997, 34.272768875305303 ], [ -118.326294219236999, 34.273324875933902 ], [ -118.325752218892006, 34.273455875970399 ], [ -118.323275218701994, 34.272989875900997 ], [ -118.320203218217003, 34.2733088763231 ], [ -118.317905218318003, 34.272967875877299 ], [ -118.317545844739001, 34.272982216601903 ], [ -118.317159145708999, 34.272997646572598 ], [ -118.317078217523999, 34.273000875963803 ], [ -118.316901816404993, 34.2731439281172 ], [ -118.316475217182003, 34.2734898764012 ], [ -118.315037217859, 34.274203876122698 ], [ -118.317322218322005, 34.273636876239301 ], [ -118.317471812264998, 34.273683301705603 ], [ -118.317518001284995, 34.273697636701399 ], [ -118.317554217953997, 34.273708875818997 ], [ -118.317587218105004, 34.2739298762367 ], [ -118.317185217661006, 34.274541876606797 ], [ -118.316408217322007, 34.2752238767089 ], [ -118.316462217570006, 34.275654876515603 ], [ -118.316787217561995, 34.275742876528099 ], [ -118.317048217408995, 34.275362876299702 ], [ -118.31771221759, 34.275257875886403 ], [ -118.317980583375999, 34.275087041911902 ], [ -118.318144218211998, 34.274982876085303 ], [ -118.318225936969, 34.2750144557711 ], [ -118.318373553369995, 34.275071500898598 ], [ -118.318734218, 34.275210875933404 ], [ -118.319099114186002, 34.275599977393597 ], [ -118.319297705007997, 34.2758117418743 ], [ -118.319337218721998, 34.2758538763782 ], [ -118.319373272979007, 34.276044828220698 ], [ -118.319732218509003, 34.277945876731401 ], [ -118.319532219037995, 34.278941876577697 ], [ -118.319082218888994, 34.279324876657398 ], [ -118.317337218554997, 34.279490876631201 ], [ -118.317292217887996, 34.279811876869502 ], [ -118.317028218153993, 34.2801148772255 ], [ -118.316134218502, 34.280343876501902 ], [ -118.316596218973004, 34.282409877428996 ], [ -118.317233218487004, 34.283635876841998 ], [ -118.317378218426995, 34.284446877087298 ], [ -118.316886182380003, 34.286078051652197 ], [ -118.316883218697001, 34.286087877117701 ], [ -118.299490215464004, 34.286100878520003 ], [ -118.299407216367996, 34.293263878968197 ], [ -118.290634166139, 34.293232929107901 ], [ -118.290632948704996, 34.292910277654698 ], [ -118.290632822099994, 34.292864892952799 ], [ -118.290632813073003, 34.292861678105602 ], [ -118.290632792935, 34.292855897520298 ], [ -118.290632754010005, 34.292844724005903 ], [ -118.290629367012002, 34.2928446816479 ], [ -118.290632214631998, 34.292723880126999 ], [ -118.286325665207997, 34.292654323513702 ], [ -118.286344123890999, 34.292162666430102 ], [ -118.286347827011994, 34.2920639884358 ], [ -118.287862214377995, 34.291222880018999 ], [ -118.290129214985001, 34.289321879547401 ], [ -118.291430214214998, 34.286243879292599 ], [ -118.291475243343001, 34.286092455687303 ], [ -118.292279214540997, 34.283388878879101 ], [ -118.293843215099002, 34.282019878562799 ], [ -118.295888214426, 34.280833877745401 ], [ -118.297239214916999, 34.2783618775956 ], [ -118.298264215144997, 34.277501877425898 ], [ -118.298098215063007, 34.276845877391999 ], [ -118.298637215347, 34.276686877246398 ], [ -118.298827215117001, 34.276334877790298 ], [ -118.299411214952997, 34.276231877317002 ] ] ] } },
{ "type": "Feature", "properties": { "objectid": 89, "name": "Sun Valley", "area_sqmi": 9.3582039139943909, "source_url": "https://services5.arcgis.com/7nsPwEMP38bSkCjy/arcgis/rest/services/LA_Times_Neighborhoods/FeatureServer/0", "fetched_at": "2025-12-07T08:52:51.283518" }, "geometry": { "type": "Polygon", "coordinates": [ [ [ -118.390062228196996, 34.252209869291299 ], [ -118.366487222038003, 34.229924868855399 ], [ -118.359072220806993, 34.222204868208898 ], [ -118.357835220035, 34.221509867874197 ], [ -118.357710219821996, 34.221599868210099 ], [ -118.355814219639001, 34.219927868370299 ], [ -118.355956220178996, 34.219852868428802 ], [ -118.354592219885006, 34.2183578679196 ], [ -118.354459219065006, 34.218438867573703 ], [ -118.352808219517996, 34.2167088681284 ], [ -118.348809217744005, 34.213582867409798 ], [ -118.348915218352005, 34.213477868184498 ], [ -118.348052217651997, 34.212826868036302 ], [ -118.347094217534007, 34.211734867545999 ], [ -118.345109216767995, 34.210144867358302 ], [ -118.343003543774003, 34.207668220600901 ], [ -118.342691216909998, 34.2073008678638 ], [ -118.342428690009996, 34.207149303884499 ], [ -118.341359216203998, 34.206531867408501 ], [ -118.341425542528995, 34.206532759389503 ], [ -118.348766128928006, 34.206652370733302 ], [ -118.348787032562001, 34.206652664776001 ], [ -118.348852556533004, 34.206653660478601 ], [ -118.348866647506, 34.206653867769901 ], [ -118.349179019526005, 34.206658599426298 ], [ -118.349625845876005, 34.206665360623703 ], [ -118.350166079608996, 34.206673470821798 ], [ -118.350351833690993, 34.206675817970002 ], [ -118.350373034662994, 34.206676113582297 ], [ -118.350378625427993, 34.206676183938796 ], [ -118.350670850279997, 34.206679840464197 ], [ -118.354146502915995, 34.206732504911102 ], [ -118.355956572834003, 34.206760662503299 ], [ -118.356004334849999, 34.2067614018707 ], [ -118.356369894053998, 34.206767085366501 ], [ -118.356468263460997, 34.206768612169498 ], [ -118.357054277076998, 34.206777707080697 ], [ -118.357436276933001, 34.206783648060799 ], [ -118.357464159564003, 34.206784081360702 ], [ -118.357466030430004, 34.206784113697502 ], [ -118.358456318749006, 34.206799502039402 ], [ -118.358654744046007, 34.206802567908802 ], [ -118.359646903669997, 34.2068179788238 ], [ -118.360182406942002, 34.206825481379902 ], [ -118.36073964197, 34.206833273779402 ], [ -118.360771295964994, 34.206833839318101 ], [ -118.360936545892997, 34.206836286350999 ], [ -118.361525437205998, 34.206845134654102 ], [ -118.361831591381005, 34.206849715192803 ], [ -118.361910080608993, 34.206850717337701 ], [ -118.362293662875999, 34.206855560011597 ], [ -118.362337323706001, 34.206856143277498 ], [ -118.362838260353996, 34.2068624186495 ], [ -118.362998273683999, 34.206864119477402 ], [ -118.362992033612002, 34.206822768485601 ], [ -118.362999219629003, 34.206822865927997 ], [ -118.362183219485004, 34.201423865661397 ], [ -118.362351043375995, 34.201238507536097 ], [ -118.362384218881004, 34.201201865278797 ], [ -118.370324220284999, 34.201201339050201 ], [ -118.392578224624003, 34.2011998638406 ], [ -118.394022225065996, 34.2008928639288 ], [ -118.404606615263006, 34.202980487020497 ], [ -118.409435227144002, 34.203932863460402 ], [ -118.409435227193995, 34.203714863397103 ], [ -118.426774230315999, 34.207137862818598 ], [ -118.423170231072007, 34.220378864497 ], [ -118.422786579236998, 34.221650041819601 ], [ -118.422778400827994, 34.221677137291501 ], [ -118.422369231017001, 34.223032864853401 ], [ -118.422214407457005, 34.223337181325199 ], [ -118.421614231253002, 34.224516864654703 ], [ -118.420570184037004, 34.225574039387098 ], [ -118.420421230672005, 34.225724865100602 ], [ -118.420395413573999, 34.225700565466902 ], [ -118.420336230836, 34.225644864838799 ], [ -118.407219229405996, 34.235240866716403 ], [ -118.403544229014997, 34.238128867751399 ], [ -118.401503229493997, 34.240842867518197 ], [ -118.401366229065999, 34.240713867383597 ], [ -118.400088228697996, 34.242464867795 ], [ -118.398587229015007, 34.243846868438702 ], [ -118.398707229449997, 34.243959868626099 ], [ -118.396737228895006, 34.245437868555499 ], [ -118.392076228213995, 34.249679869454603 ], [ -118.390215228426996, 34.252353870079403 ], [ -118.390062228196996, 34.252209869291299 ] ] ] } },
{ "type": "Feature", "properties": { "objectid": 90, "name": "Sylmar", "area_sqmi": 12.433053659486582, "source_url": "https://services5.arcgis.com/7nsPwEMP38bSkCjy/arcgis/rest/services/LA_Times_Neighborhoods/FeatureServer/0", "fetched_at": "2025-12-07T08:52:51.283518" }, "geometry": { "type": "Polygon", "coordinates": [ [ [ -118.476610385201994, 34.330191459597302 ], [ -118.475828357441003, 34.330182250691799 ], [ -118.475827287889999, 34.330186211746401 ], [ -118.469475541625002, 34.330128579780897 ], [ -118.469409225473996, 34.330127957718801 ], [ -118.469166254404996, 34.3301257659393 ], [ -118.468400703537995, 34.330118780281502 ], [ -118.467647575729998, 34.330111906821102 ], [ -118.467080245386995, 34.330106786404599 ], [ -118.466977789555997, 34.330105807378402 ], [ -118.465340088402996, 34.330090868831498 ], [ -118.465320848169995, 34.330090692997501 ], [ -118.464830665738006, 34.330086226783301 ], [ -118.458263490975, 34.330026035909 ], [ -118.45821218124, 34.330025565527201 ], [ -118.454635260098001, 34.329992625895201 ], [ -118.454563346317002, 34.329991963521103 ], [ -118.453961490615001, 34.329986410852399 ], [ -118.453860238386, 34.3299854766286 ], [ -118.449428934257, 34.329944535942303 ], [ -118.449428337512003, 34.329944510208101 ], [ -118.449127706514005, 34.329943509045798 ], [ -118.447179267989995, 34.3299368663953 ], [ -118.447178738625993, 34.329936841302903 ], [ -118.445218607947993, 34.329930073241798 ], [ -118.444993068029007, 34.329929279916698 ], [ -118.444989087318007, 34.329929265687198 ], [ -118.444932384750999, 34.329929068229298 ], [ -118.444476867941006, 34.329927492764099 ], [ -118.442420371362999, 34.329920316183703 ], [ -118.442393881125, 34.3299202244865 ], [ -118.442077218657005, 34.329919124625903 ], [ -118.442076688350994, 34.329919126560803 ], [ -118.441755984202004, 34.329917988317902 ], [ -118.441447933015993, 34.329916913114502 ], [ -118.441381685714006, 34.329916687465399 ], [ -118.441002984836999, 34.329915362714203 ], [ -118.440904660363998, 34.329915018250801 ], [ -118.440669592104001, 34.3299141956551 ], [ -118.440647398779006, 34.329914111388199 ], [ -118.439236758847002, 34.329909148783202 ], [ -118.438177528813, 34.329905429137398 ], [ -118.437827515663997, 34.329904198966702 ], [ -118.437826682132993, 34.3299041947663 ], [ -118.436828829730004, 34.329900651725602 ], [ -118.435838231486997, 34.329897150102603 ], [ -118.435034186414995, 34.329894303184098 ], [ -118.43483719948, 34.3298935813621 ], [ -118.433403373841003, 34.329888497018302 ], [ -118.431843445805001, 34.3298829103245 ], [ -118.431841558217997, 34.329882917051997 ], [ -118.431396257654995, 34.329884146327402 ], [ -118.431382345697997, 34.329884175123901 ], [ -118.431361477896004, 34.329884244009101 ], [ -118.431323685663003, 34.329884321752402 ], [ -118.431288408851003, 34.3298843373396 ], [ -118.431281287608996, 34.329884335641701 ], [ -118.431272311092002, 34.329884284651797 ], [ -118.431256842533998, 34.329884230623797 ], [ -118.431215437787998, 34.329884044419401 ], [ -118.430972076703, 34.329882935016499 ], [ -118.430720605833002, 34.329882944814003 ], [ -118.430210630887004, 34.329882963474603 ], [ -118.430190670138003, 34.329882964026801 ], [ -118.430096434722998, 34.329882968609397 ], [ -118.430061104583999, 34.3298829687024 ], [ -118.430059487560996, 34.329882969934197 ], [ -118.430026478640997, 34.329882969891997 ], [ -118.430022338200004, 34.329882957540804 ], [ -118.430021940469999, 34.329882958952403 ], [ -118.429497868308005, 34.329883113896599 ], [ -118.429497603154005, 34.329883114836498 ], [ -118.427343479247, 34.329883641872101 ], [ -118.427336987242001, 34.329883645836901 ], [ -118.427277895214999, 34.329883681141098 ], [ -118.425914391027007, 34.329885238968103 ], [ -118.425362230228998, 34.329885309776799 ], [ -118.425130401928996, 34.3298853544092 ], [ -118.424898539937004, 34.329885397814699 ], [ -118.424666678898006, 34.3298854146285 ], [ -118.424434817991994, 34.329885457142701 ], [ -118.424202989549997, 34.329885472053498 ], [ -118.423987689192003, 34.329885538672798 ], [ -118.423424464486004, 34.3298855852738 ], [ -118.423192768755996, 34.329885624833999 ], [ -118.422720666084999, 34.329885678925301 ], [ -118.422717122239007, 34.329885664243101 ], [ -118.421103744001996, 34.329885982130698 ], [ -118.419995239414007, 34.329883876809902 ], [ -118.419997239170996, 34.3291688764347 ], [ -118.419476239087999, 34.329167876622101 ], [ -118.419474239487997, 34.329884876580998 ], [ -118.419022792443002, 34.3298858752079 ], [ -118.418872327380996, 34.329648354630301 ], [ -118.418831682543001, 34.329591074462499 ], [ -118.418785571485003, 34.329538095473801 ], [ -118.418734444551006, 34.329489938992801 ], [ -118.418728052394997, 34.329484284107203 ], [ -118.418692326005001, 34.3294592195357 ], [ -118.418653308507999, 34.329439667502299 ], [ -118.418649761083998, 34.329438503254302 ], [ -118.418649239580006, 34.329437876685098 ], [ -118.418648255687003, 34.329438009004498 ], [ -118.418611844232004, 34.329426053316503 ], [ -118.418568831181005, 34.3294186713808 ], [ -118.418525200358999, 34.329417679852398 ], [ -118.418487015085006, 34.329421463872102 ], [ -118.41844957568, 34.329429873793003 ], [ -118.418227928026994, 34.329494514748099 ], [ -118.418225921146004, 34.329494784924101 ], [ -118.418707743723999, 34.328888401582503 ], [ -118.418726087579003, 34.328865316548303 ], [ -118.418957257846998, 34.3285743776703 ], [ -118.419243201007006, 34.328214444448101 ], [ -118.419354499560001, 34.328074344527103 ], [ -118.419468152083994, 34.327931335206898 ], [ -118.419469961000999, 34.327930604108801 ], [ -118.420753239744997, 34.327727875895 ], [ -118.420757790856001, 34.326749447424497 ], [ -118.420758592379002, 34.326584599531998 ], [ -118.420759416574001, 34.326419722710597 ], [ -118.420760248966005, 34.326250010016103 ], [ -118.420760393508999, 34.326219645753 ], [ -118.420761452790998, 34.326002723291801 ], [ -118.420762125108993, 34.325860297966898 ], [ -118.420763289573003, 34.325605427647702 ], [ -118.420763415793004, 34.325577893371801 ], [ -118.420763239731997, 34.3255778890248 ], [ -118.420555129831996, 34.325588036699699 ], [ -118.419063017282994, 34.325660699497 ], [ -118.418553758841, 34.3254722211745 ], [ -118.415906239023997, 34.3244918757592 ], [ -118.415904850089007, 34.324491834548802 ], [ -118.415898587075006, 34.324489516560497 ], [ -118.415246814357999, 34.324472230306 ], [ -118.414362238164998, 34.324445875966497 ], [ -118.414361241693996, 34.324696063011103 ], [ -118.414115846543993, 34.324696228579498 ], [ -118.413603237846999, 34.324694876517398 ], [ -118.413603238663995, 34.324696575009703 ], [ -118.413600889346, 34.324696576718999 ], [ -118.413601068505997, 34.324746065960703 ], [ -118.413601709852998, 34.324908902923198 ], [ -118.413601900244998, 34.325087515610498 ], [ -118.413601274456994, 34.325109012182899 ], [ -118.412219238217006, 34.325908876587597 ], [ -118.412225131455997, 34.325915307932299 ], [ -118.412223520249, 34.325916250110602 ], [ -118.412285770409994, 34.326019935876197 ], [ -118.412379353551003, 34.3261702019391 ], [ -118.412404192866006, 34.326210043741398 ], [ -118.412460683931997, 34.326300724522 ], [ -118.412467173408004, 34.326307077194599 ], [ -118.412575342162, 34.326412915315302 ], [ -118.412705405848996, 34.326540144346097 ], [ -118.412835480883999, 34.326667390328502 ], [ -118.412965551995995, 34.326794641594702 ], [ -118.413095622414005, 34.326921891822799 ], [ -118.413236543096005, 34.327059768280101 ], [ -118.413388648017005, 34.327208542053398 ], [ -118.413595134301005, 34.327410579408898 ], [ -118.413597238641003, 34.327412876552899 ], [ -118.413591238847999, 34.329885876580803 ], [ -118.405220626344004, 34.329815930818803 ], [ -118.405220612541996, 34.329815550416697 ], [ -118.405135809423996, 34.327705932787097 ], [ -118.405132035763003, 34.3276120675363 ], [ -118.405125710993005, 34.327454984276002 ], [ -118.404924246039997, 34.322082142514297 ], [ -118.404924236056004, 34.322081876594503 ], [ -118.403917590755995, 34.3217245907896 ], [ -118.402732208958994, 34.321303553693497 ], [ -118.402215379397006, 34.320862399931997 ], [ -118.400675235302998, 34.319546876183303 ], [ -118.399676865212996, 34.319618981927903 ], [ -118.396275551909994, 34.319864424866097 ], [ -118.396289268326996, 34.3187433513245 ], [ -118.396291344122005, 34.3185737727892 ], [ -118.396297474923003, 34.318074905708599 ], [ -118.396536234367005, 34.318075876124198 ], [ -118.396542234270996, 34.317423876305099 ], [ -118.397291234427996, 34.317119876464801 ], [ -118.397330235384999, 34.317297875895797 ], [ -118.397512235144006, 34.317123876452399 ], [ -118.397551234451996, 34.317867876514804 ], [ -118.398418235226004, 34.317933875906498 ], [ -118.398495922674002, 34.3179031259236 ], [ -118.399949234849004, 34.317327876073897 ], [ -118.400206832335002, 34.3173264474853 ], [ -118.400490235743007, 34.3173248762442 ], [ -118.400663234961002, 34.317158875889199 ], [ -118.400629235745001, 34.317583876115997 ], [ -118.400772235912001, 34.317581875928298 ], [ -118.400916235305004, 34.310031875165997 ], [ -118.401052316179005, 34.309794705536 ], [ -118.401855686816006, 34.309960294153697 ], [ -118.401955721483006, 34.309855817644099 ], [ -118.402464730917004, 34.309690655516498 ], [ -118.402493898025995, 34.309531312972602 ], [ -118.402497672810995, 34.309510696711001 ], [ -118.403034941840005, 34.309471895922599 ], [ -118.403099758050004, 34.309803021127898 ], [ -118.403343396291007, 34.3101064562224 ], [ -118.403825452185998, 34.310119770595399 ], [ -118.403831314448993, 34.310119943981199 ], [ -118.40387976884, 34.310121431348598 ], [ -118.403879866395997, 34.310120936079599 ], [ -118.403890049265996, 34.310076413996498 ], [ -118.404039697192999, 34.3094203228531 ], [ -118.404084004793006, 34.309228840114301 ], [ -118.404104526438999, 34.309140224520299 ], [ -118.404113229277996, 34.309102641974299 ], [ -118.404124257852004, 34.3090549012663 ], [ -118.404123489257998, 34.309054801956798 ], [ -118.404126235576996, 34.309042875380399 ], [ -118.403578235059996, 34.308974874756302 ], [ -118.403581536027005, 34.308956088354599 ], [ -118.403647388371994, 34.308853037853602 ], [ -118.403684505526002, 34.308660672274002 ], [ -118.403669264583996, 34.308456746771398 ], [ -118.403758011340997, 34.307951607543202 ], [ -118.405479190711006, 34.307932724679802 ], [ -118.405479138681002, 34.307916881245802 ], [ -118.405481235454005, 34.307916875128598 ], [ -118.405611981384993, 34.300744763496603 ], [ -118.405612553642001, 34.300730415421803 ], [ -118.401064244978002, 34.300674613185301 ], [ -118.401087169090005, 34.300134469819497 ], [ -118.401178826906005, 34.297983195705697 ], [ -118.401217757981001, 34.297069883764401 ], [ -118.403213928309, 34.297106177742698 ], [ -118.403447700211004, 34.297110458681402 ], [ -118.403450370383993, 34.297110475931397 ], [ -118.403472233798993, 34.297110873702501 ], [ -118.403472238001001, 34.297110619455097 ], [ -118.403472666011993, 34.297110622536898 ], [ -118.403486627974999, 34.296369003218501 ], [ -118.403493418479002, 34.2960067808771 ], [ -118.403507565224004, 34.295118835141501 ], [ -118.403507520087004, 34.295118486397101 ], [ -118.403511242929, 34.294886543665498 ], [ -118.403511851767007, 34.294834551797102 ], [ -118.403526620129995, 34.293518041170501 ], [ -118.409084234413996, 34.2936638728454 ], [ -118.408972237108998, 34.291812915357603 ], [ -118.409662825067997, 34.291832101935 ], [ -118.410229083345996, 34.2918478688363 ], [ -118.410246994773999, 34.291864818371202 ], [ -118.410360235431, 34.291972872541997 ], [ -118.41036017866, 34.291971930627803 ], [ -118.410360635914998, 34.291972363619401 ], [ -118.410351638427002, 34.291830076512099 ], [ -118.410306234729006, 34.291075872533703 ], [ -118.409412234976998, 34.289016872882897 ], [ -118.409412172773003, 34.289016813591701 ], [ -118.409412088173994, 34.289016617342497 ], [ -118.409006295953006, 34.288628509019503 ], [ -118.409151234312006, 34.2877678724888 ], [ -118.415682868168005, 34.293934216673399 ], [ -118.418449237084999, 34.296545873002898 ], [ -118.418573396455997, 34.296455140558898 ], [ -118.418574386388002, 34.296456072933701 ], [ -118.418847564634007, 34.296256181710604 ], [ -118.418971733351, 34.296165319000799 ], [ -118.419095502435994, 34.296074100536501 ], [ -118.419178935402996, 34.296012631656801 ], [ -118.420036228819001, 34.295386148155501 ], [ -118.420051610789002, 34.295375024827003 ], [ -118.420067210192997, 34.2953635067704 ], [ -118.421412950035005, 34.294380081832799 ], [ -118.421418353682995, 34.294385154014101 ], [ -118.421662305021997, 34.294615128337099 ], [ -118.421905624486996, 34.294844471493803 ], [ -118.422433786023007, 34.295342307758197 ], [ -118.422543172307996, 34.295445383947701 ], [ -118.422652558053997, 34.295548515034703 ], [ -118.422717132100999, 34.295609376068498 ], [ -118.42276197775, 34.295651646806697 ], [ -118.422871364844994, 34.295754722699002 ], [ -118.422980751408005, 34.295857854390398 ], [ -118.423090171910005, 34.2959609849635 ], [ -118.423112029050998, 34.295981600702703 ], [ -118.423389922778, 34.2962434647905 ], [ -118.423396477400999, 34.2962496796167 ], [ -118.423483827406002, 34.296332156128102 ], [ -118.423571504814007, 34.296414683721103 ], [ -118.423899672247998, 34.2967239918449 ], [ -118.424009028485003, 34.296827067726198 ], [ -118.424118417575997, 34.296930142492798 ], [ -118.424227774353994, 34.297033218175997 ], [ -118.424337131398005, 34.297136292858703 ], [ -118.424445153205994, 34.2972403448818 ], [ -118.424554401365, 34.2973434765481 ], [ -118.424663691160006, 34.297446625099703 ], [ -118.424772937925994, 34.297549803454999 ], [ -118.424882223815999, 34.297652931990697 ], [ -118.424993311937001, 34.297754741465397 ], [ -118.425102670871993, 34.297857815454897 ], [ -118.425210030052995, 34.297962351448902 ], [ -118.425319325814996, 34.298065499392003 ], [ -118.425428603434995, 34.298168658119302 ], [ -118.425537864838006, 34.298271778941 ], [ -118.425647148422001, 34.298374935648397 ], [ -118.425758863986005, 34.298476286944002 ], [ -118.425868224818004, 34.298579361141798 ], [ -118.425974957093004, 34.298684356647897 ], [ -118.426084248237999, 34.298787505724697 ], [ -118.426193518963004, 34.298890644858503 ], [ -118.426302690686001, 34.2989937022029 ], [ -118.426368900216005, 34.299055758197802 ], [ -118.426433875247994, 34.299117494851203 ], [ -118.426434422140005, 34.299118013113002 ], [ -118.426651152407999, 34.299325328394403 ], [ -118.426653393587998, 34.299327474273497 ], [ -118.426869032894999, 34.299532607682899 ], [ -118.426872117846003, 34.2995355421345 ], [ -118.426978268859997, 34.299636215035697 ], [ -118.426981756577007, 34.299639522202803 ], [ -118.427087352672999, 34.299739544251899 ], [ -118.427091559755993, 34.299743529540301 ], [ -118.427196752786003, 34.299843067888602 ], [ -118.427201304804001, 34.299847374707198 ], [ -118.427305933457006, 34.299946325346198 ], [ -118.427310631744007, 34.299950766875398 ], [ -118.427415403479003, 34.300049817887903 ], [ -118.427419502486003, 34.300053693558802 ], [ -118.427524604110999, 34.300153048934597 ], [ -118.427528278484999, 34.3001565222118 ], [ -118.427633833306999, 34.300256289699703 ], [ -118.427637179098994, 34.300259449496899 ], [ -118.427743408645995, 34.300359823947304 ], [ -118.427745256766997, 34.300361572714699 ], [ -118.427810718873999, 34.300423413295803 ], [ -118.427874518503003, 34.300483675712599 ], [ -118.427876288026994, 34.300485349026602 ], [ -118.427983802857995, 34.3005869114616 ], [ -118.427985439203994, 34.300588458127699 ], [ -118.428093076490995, 34.3006901219075 ], [ -118.428094626583004, 34.300691583230901 ], [ -118.428202369952004, 34.300793333086901 ], [ -118.428203794530006, 34.300794679455798 ], [ -118.428311637516003, 34.300896525327701 ], [ -118.428312995498004, 34.3008978070201 ], [ -118.428420924982007, 34.300999732726197 ], [ -118.428422253494006, 34.301000986574003 ], [ -118.428531586964993, 34.301104214445999 ], [ -118.428534181787995, 34.301106666463802 ], [ -118.428641004572, 34.301207484294601 ], [ -118.428643789329001, 34.301210112339298 ], [ -118.428750587964004, 34.301310830088902 ], [ -118.428753157651997, 34.301313250637101 ], [ -118.428860456875, 34.301414297382799 ], [ -118.428862606254, 34.301416314626401 ], [ -118.428970914871996, 34.301517978860502 ], [ -118.428972277187, 34.3015192542194 ], [ -118.429015432119996, 34.301559584028603 ], [ -118.429016247484995, 34.3015603357278 ], [ -118.429179231510005, 34.301710629788602 ], [ -118.429192284110002, 34.301721638195303 ], [ -118.429194880872004, 34.301723826041503 ], [ -118.429264043212001, 34.301782108785403 ], [ -118.429333491994001, 34.301842203467203 ], [ -118.430218032303998, 34.302623010682801 ], [ -118.430356507995, 34.302741518149197 ], [ -118.430493111103999, 34.302861481786699 ], [ -118.430683553220007, 34.303028700884902 ], [ -118.430826042502005, 34.303153788296498 ], [ -118.430940453066995, 34.303253255469201 ], [ -118.431025954670005, 34.303328774183001 ], [ -118.431029489542993, 34.3033318953497 ], [ -118.431082655704003, 34.303378854772603 ], [ -118.431086273538995, 34.303382052273101 ], [ -118.431118897264, 34.303410866511399 ], [ -118.431231890735006, 34.303511368010703 ], [ -118.431306843054003, 34.303573637219301 ], [ -118.431374057629, 34.3036326162796 ], [ -118.431403518075996, 34.3036608079262 ], [ -118.431453102305994, 34.303708074747803 ], [ -118.431455530384, 34.303710182008302 ], [ -118.431616128502, 34.303851208992803 ], [ -118.431775429512001, 34.3039910864211 ], [ -118.431934731051001, 34.304130962737702 ], [ -118.432159200474999, 34.304327411357697 ], [ -118.432189166597993, 34.304347844178203 ], [ -118.432558250216005, 34.304671700606399 ], [ -118.432559998661006, 34.304673254023101 ], [ -118.432571140164995, 34.304683011247398 ], [ -118.432581239526996, 34.304691872457703 ], [ -118.442485240324004, 34.295860871598897 ], [ -118.442489178640002, 34.295858114730201 ], [ -118.442562768635, 34.295923134365999 ], [ -118.442788733721997, 34.295722151576797 ], [ -118.442850000508002, 34.295667744204103 ], [ -118.442914982458007, 34.295616445241599 ], [ -118.443152488349, 34.295425450078497 ], [ -118.443166369145999, 34.295414297742298 ], [ -118.443271898608998, 34.295329439193097 ], [ -118.443325276543007, 34.295286515398999 ], [ -118.443390456306005, 34.295234121888498 ], [ -118.443456698036002, 34.295180851764698 ], [ -118.443485240890993, 34.295160871030497 ], [ -118.443486702664003, 34.295156721304998 ], [ -118.443487976835002, 34.295155696999103 ], [ -118.443487281597996, 34.295155078384902 ], [ -118.443517372117, 34.295069669124103 ], [ -118.443592908987995, 34.295001732914301 ], [ -118.443587775374993, 34.294876717330197 ], [ -118.443824889861006, 34.294665104978797 ], [ -118.444714168025996, 34.293873869265298 ], [ -118.444992724521995, 34.294122485762202 ], [ -118.444993510480998, 34.294123209514503 ], [ -118.445118268577005, 34.2942380903093 ], [ -118.445223385416995, 34.294333837703597 ], [ -118.445412098651005, 34.294499638180497 ], [ -118.445414421959995, 34.294497568718697 ], [ -118.445438888566002, 34.294475770585699 ], [ -118.445506820738004, 34.294415374565901 ], [ -118.445512041303999, 34.2944107034225 ], [ -118.445512240984996, 34.294410871275701 ], [ -118.447005115915999, 34.293084753278997 ], [ -118.447125127044004, 34.292985968618403 ], [ -118.447136170110994, 34.292976115500103 ], [ -118.447194476134001, 34.292924086984499 ], [ -118.447194498843004, 34.2929240679684 ], [ -118.447259278003003, 34.292866229443298 ], [ -118.447273142571007, 34.292853852402402 ], [ -118.447274845242006, 34.2928523333321 ], [ -118.447337033194998, 34.292796844729303 ], [ -118.447422713343997, 34.292720361721699 ], [ -118.447968297912993, 34.292233335953902 ], [ -118.448082650377998, 34.292131251798303 ], [ -118.448220729124003, 34.292007981913301 ], [ -118.448356709045996, 34.291884135441897 ], [ -118.448593578084996, 34.291673726239303 ], [ -118.448708613975001, 34.291571760661803 ], [ -118.448798471923993, 34.291492150881297 ], [ -118.448934953464004, 34.291371203947499 ], [ -118.448991494832995, 34.2913210860495 ], [ -118.449104646557998, 34.291220789514398 ], [ -118.44917509775, 34.291158368934802 ], [ -118.449360634862003, 34.290992696329603 ], [ -118.449387389639995, 34.290968772987398 ], [ -118.449599812195999, 34.290779012098298 ], [ -118.449785313657998, 34.290613284874603 ], [ -118.449925840793995, 34.290487740164799 ], [ -118.450014241646002, 34.290408870540404 ], [ -118.450014192431993, 34.290408808517199 ], [ -118.450014308093998, 34.290408704410403 ], [ -118.449913974859996, 34.290282647175601 ], [ -118.449877474434999, 34.290236755601597 ], [ -118.449722742464999, 34.290042339140001 ], [ -118.449521544305995, 34.289789538208503 ], [ -118.449466523835, 34.289715653952598 ], [ -118.449767476291001, 34.289495305798503 ], [ -118.449778123851004, 34.289487586043997 ], [ -118.449788919821003, 34.289479792712797 ], [ -118.449810431025995, 34.289464342479597 ], [ -118.450586655101006, 34.288898101431499 ], [ -118.450608702343004, 34.288881601472497 ], [ -118.450630643815003, 34.288865027075197 ], [ -118.451331783952995, 34.288352830161003 ], [ -118.451354012007997, 34.288336277101898 ], [ -118.451376280329995, 34.2883197401163 ], [ -118.451707553315003, 34.288077391925 ], [ -118.451718759331996, 34.288069367899702 ], [ -118.451727035524996, 34.288063071332402 ], [ -118.451812393880999, 34.288000809058097 ], [ -118.451834210295999, 34.287984895735299 ], [ -118.451954306995006, 34.287897294910799 ], [ -118.451991671198002, 34.287870035363298 ], [ -118.452432327064002, 34.2875485607887 ], [ -118.452495794110007, 34.287502366804198 ], [ -118.452512962914, 34.287489920012398 ], [ -118.452517306774993, 34.287486770932503 ], [ -118.452538781426995, 34.287471177001997 ], [ -118.452598559429006, 34.287427526467198 ], [ -118.452598683841003, 34.2874274349468 ], [ -118.452972240704, 34.287155132063603 ], [ -118.453045809111003, 34.287101465010998 ], [ -118.453157466137995, 34.287020286467403 ], [ -118.453370751836999, 34.286864864288503 ], [ -118.453559238051994, 34.286727285920797 ], [ -118.453723091163994, 34.2866077428856 ], [ -118.453886944744994, 34.286488172578601 ], [ -118.454051225227005, 34.286368297530103 ], [ -118.454215077868, 34.286248726778503 ], [ -118.454380677242995, 34.286127885291201 ], [ -118.454543936209006, 34.286009167370999 ], [ -118.454718734303, 34.285881559096303 ], [ -118.454897455471993, 34.285751049101698 ], [ -118.455056524089002, 34.285634985029802 ], [ -118.455214602064004, 34.285519583496097 ], [ -118.455371494925004, 34.2854052310946 ], [ -118.455530858163996, 34.285288862368702 ], [ -118.455693320210997, 34.285170201777603 ], [ -118.455871646076005, 34.285040654663199 ], [ -118.456034565364007, 34.2849209749523 ], [ -118.455902587466994, 34.284796111945099 ], [ -118.455762486392004, 34.284662817519902 ], [ -118.455682744311005, 34.284589268920399 ], [ -118.454761221078002, 34.283718515828703 ], [ -118.454672856345994, 34.283634871959599 ], [ -118.454592361524007, 34.283558960736499 ], [ -118.454441389449997, 34.283416499986501 ], [ -118.454274379769998, 34.283258956960204 ], [ -118.454079617245995, 34.283075028748698 ], [ -118.454032317027995, 34.283030256258201 ], [ -118.454013761626001, 34.283012618695402 ], [ -118.454011131933001, 34.283009980733901 ], [ -118.453947028011996, 34.282946319952899 ], [ -118.453731274627998, 34.2827310061517 ], [ -118.453649527425, 34.282649562646803 ], [ -118.453566112743999, 34.282572027194703 ], [ -118.452641714758002, 34.281712921263498 ], [ -118.452621152505998, 34.2816938178754 ], [ -118.452429740379998, 34.281515920230198 ], [ -118.452364444287994, 34.281455093905599 ], [ -118.455202241373001, 34.279400869083602 ], [ -118.455443241607995, 34.2795878689262 ], [ -118.455287241511002, 34.279354868520599 ], [ -118.455452241543, 34.279270869153102 ], [ -118.457544242180006, 34.282704868962398 ], [ -118.458710242517995, 34.284110869318901 ], [ -118.460043242386007, 34.285180869605597 ], [ -118.463879243302003, 34.287515869259202 ], [ -118.464613213779003, 34.288084042066799 ], [ -118.464903663930002, 34.288308882072798 ], [ -118.465030244244005, 34.288406869443797 ], [ -118.469975769892997, 34.293293771502803 ], [ -118.469983151788995, 34.293301066063698 ], [ -118.477853246829, 34.301077869520803 ], [ -118.485756249063996, 34.309646870567299 ], [ -118.489543250333995, 34.314687870266702 ], [ -118.489819250579998, 34.314923870447402 ], [ -118.491163250550002, 34.315266870336401 ], [ -118.492211250533998, 34.315887870858703 ], [ -118.495118251522001, 34.319274870696802 ], [ -118.495824251692, 34.319671871333902 ], [ -118.498897251632002, 34.320789870797498 ], [ -118.503159252732999, 34.323749871326498 ], [ -118.503494253604998, 34.324469870523799 ], [ -118.50334025379, 34.3255498714162 ], [ -118.503465252797, 34.326372871220798 ], [ -118.505613254089994, 34.331445871838199 ], [ -118.506576254685996, 34.333221872106201 ], [ -118.507778254209001, 34.334326872157199 ], [ -118.506058708783996, 34.335623920987999 ], [ -118.504951920804999, 34.336458768291799 ], [ -118.504647851521995, 34.336687847868802 ], [ -118.504400517519002, 34.3368741838121 ], [ -118.504269676264997, 34.3369727744603 ], [ -118.504212918711005, 34.337015547103597 ], [ -118.504212754348998, 34.337015684821601 ], [ -118.504197737354005, 34.337027278003298 ], [ -118.504177112527998, 34.337043203877002 ], [ -118.504019495947006, 34.337162093838899 ], [ -118.504011028074004, 34.337168480409197 ], [ -118.503944681362995, 34.3372182752369 ], [ -118.503884481956007, 34.337263454725601 ], [ -118.503847301327994, 34.337291928501699 ], [ -118.503842846441003, 34.337295339519898 ], [ -118.503822253882007, 34.337310872127098 ], [ -118.492730252057001, 34.330627872650901 ], [ -118.484415250870995, 34.330283872720301 ], [ -118.483586645063994, 34.330277057476501 ], [ -118.480119890677997, 34.330236464363701 ], [ -118.480120703390995, 34.330233795292102 ], [ -118.480109805058007, 34.3302336734954 ], [ -118.476831861693995, 34.330194078052301 ], [ -118.476610385201994, 34.330191459597302 ] ] ] } },
{ "type": "Feature", "properties": { "objectid": 91, "name": "Tarzana", "area_sqmi": 8.6604495264966701, "source_url": "https://services5.arcgis.com/7nsPwEMP38bSkCjy/arcgis/rest/services/LA_Times_Neighborhoods/FeatureServer/0", "fetched_at": "2025-12-07T08:52:51.283518" }, "geometry": { "type": "Polygon", "coordinates": [ [ [ -118.527286244338001, 34.170827853145198 ], [ -118.527241243315999, 34.158653851261597 ], [ -118.528870243713001, 34.1544818507423 ], [ -118.527967242873999, 34.154306850889697 ], [ -118.525777242329994, 34.154534851384497 ], [ -118.525409243153007, 34.154210850840201 ], [ -118.525141242005006, 34.153345850844502 ], [ -118.525594242848001, 34.152567850771902 ], [ -118.525790242097003, 34.151034851205203 ], [ -118.526484242495997, 34.15046185061 ], [ -118.526531242277002, 34.148746850534501 ], [ -118.527012242682005, 34.148118850688299 ], [ -118.527534242729004, 34.147954849981801 ], [ -118.527804242480997, 34.148539850096398 ], [ -118.528264242876006, 34.1489408504547 ], [ -118.527890242552004, 34.149618850216299 ], [ -118.528062243170993, 34.149963850638201 ], [ -118.528349242627996, 34.150133850225203 ], [ -118.530333242885007, 34.1502668502362 ], [ -118.530824243577996, 34.1500438508466 ], [ -118.531030968972004, 34.149614710181297 ], [ -118.531048242899999, 34.149578850269698 ], [ -118.530983242855996, 34.149126850646702 ], [ -118.530584242686999, 34.148770850329001 ], [ -118.530848243327, 34.148366850557998 ], [ -118.530909242934001, 34.147764849754203 ], [ -118.530879242512, 34.146252849902403 ], [ -118.530566243216001, 34.1451758498714 ], [ -118.529888242157, 34.1450808501259 ], [ -118.528023242283993, 34.144243849970401 ], [ -118.526399241568001, 34.144279850024503 ], [ -118.525816241347997, 34.144101849639299 ], [ -118.525990241610998, 34.143651849573999 ], [ -118.526003241476005, 34.142090849717398 ], [ -118.527080242327003, 34.140550849948397 ], [ -118.527381241639006, 34.139652849501203 ], [ -118.527310241210998, 34.139242849208003 ], [ -118.526766241923994, 34.138277849643799 ], [ -118.527248241134004, 34.1365638490512 ], [ -118.526723241821998, 34.135743849068099 ], [ -118.526076241495005, 34.1355068490641 ], [ -118.526492241102005, 34.134860848930401 ], [ -118.526569240770002, 34.133809848865702 ], [ -118.526288241404004, 34.133118848594201 ], [ -118.526354241424002, 34.132499848960101 ], [ -118.526360598986003, 34.132491427917302 ], [ -118.526730240972, 34.132001848945698 ], [ -118.527552240893002, 34.131852849027602 ], [ -118.527538240959998, 34.131406848615399 ], [ -118.527759241267006, 34.1309988483493 ], [ -118.52759424109, 34.130501848775197 ], [ -118.527941240976006, 34.130304848652202 ], [ -118.528259241007007, 34.129680848754099 ], [ -118.528429241433997, 34.129649848105402 ], [ -118.528874240961997, 34.130006848233101 ], [ -118.528875241519003, 34.130507848081301 ], [ -118.529254241375, 34.130732848680402 ], [ -118.529736241004997, 34.129371847795802 ], [ -118.531591241938003, 34.128893847826497 ], [ -118.532390242190999, 34.128891847592001 ], [ -118.534149242409995, 34.128222848000597 ], [ -118.534773241596994, 34.128329848031498 ], [ -118.536228242478998, 34.129143848078499 ], [ -118.536820242291995, 34.129218847657498 ], [ -118.538418242377006, 34.128040847791098 ], [ -118.539825242833999, 34.128386847268501 ], [ -118.544422243799005, 34.126552847301703 ], [ -118.545241243337998, 34.126589846683402 ], [ -118.546219244183007, 34.126083846595797 ], [ -118.548098243992996, 34.125825846527597 ], [ -118.549495244173002, 34.126438846550997 ], [ -118.550073244860997, 34.126283846701803 ], [ -118.551598244987005, 34.126318846469204 ], [ -118.552423245238998, 34.125972846450303 ], [ -118.553572245124997, 34.126041846922902 ], [ -118.554662562114999, 34.126664246925102 ], [ -118.554793245249996, 34.126738846701997 ], [ -118.554780235197001, 34.126921462676002 ], [ -118.554770313364003, 34.127060749814703 ], [ -118.554766245381998, 34.127117846110004 ], [ -118.554269245767998, 34.127433846245403 ], [ -118.554145245517006, 34.127780846434597 ], [ -118.553634244977999, 34.1282518464918 ], [ -118.553765260671994, 34.128583092772899 ], [ -118.553793245039998, 34.128653846618299 ], [ -118.553849641206995, 34.128638139365698 ], [ -118.553971241816001, 34.1286042709797 ], [ -118.554091245137997, 34.1285708470418 ], [ -118.554626245760005, 34.128015846292399 ], [ -118.555859245750995, 34.128183846597899 ], [ -118.556164245553006, 34.127074846737301 ], [ -118.556691245338001, 34.126520846341798 ], [ -118.557134013614004, 34.126562818699099 ], [ -118.557229245987003, 34.126571845902497 ], [ -118.557275802915001, 34.126607806596802 ], [ -118.557693102946004, 34.1269301238613 ], [ -118.557765245300004, 34.126985846254499 ], [ -118.557784894546003, 34.127045183536502 ], [ -118.558017245743002, 34.127746846360303 ], [ -118.558981246222999, 34.128367846149501 ], [ -118.559296765518994, 34.128720330877897 ], [ -118.559444007018996, 34.128884821314699 ], [ -118.559459246432993, 34.128901846754999 ], [ -118.559849246826005, 34.129386846723598 ], [ -118.560007246431994, 34.129997846582697 ], [ -118.560053367467006, 34.130005015637103 ], [ -118.560541246173997, 34.130080846749699 ], [ -118.560949247047006, 34.130348846486598 ], [ -118.561059859712003, 34.130360527388703 ], [ -118.561388246838007, 34.130395205064602 ], [ -118.562534709465993, 34.130516272342497 ], [ -118.562663247301003, 34.130529846343798 ], [ -118.562826336026006, 34.130582655906601 ], [ -118.563878181544993, 34.130923254155299 ], [ -118.563923246612006, 34.130937846371097 ], [ -118.563944905343007, 34.130970291065204 ], [ -118.564206952747995, 34.131362859952901 ], [ -118.564410264703994, 34.131667437780997 ], [ -118.564965247947001, 34.1324988464794 ], [ -118.565370247876004, 34.133402847035597 ], [ -118.565372379872997, 34.133449407232298 ], [ -118.565420247963004, 34.134494846629103 ], [ -118.565890247867998, 34.136285846807198 ], [ -118.566152248492998, 34.136744846667703 ], [ -118.566226247830002, 34.137722846977901 ], [ -118.566569248307005, 34.137838847228402 ], [ -118.567699248335003, 34.137567847116301 ], [ -118.568289248750006, 34.1383248469851 ], [ -118.568907248767005, 34.1384748465981 ], [ -118.568742249061998, 34.141063847337698 ], [ -118.567530249002999, 34.143909847583302 ], [ -118.567182248692006, 34.147996847956897 ], [ -118.565403249601005, 34.1557708495152 ], [ -118.564922249280002, 34.156721849113602 ], [ -118.5635552488, 34.1575048494065 ], [ -118.563263249675003, 34.157838849301697 ], [ -118.563214249498003, 34.1584758492913 ], [ -118.563542249581999, 34.158978849720199 ], [ -118.562992249540997, 34.159927849701901 ], [ -118.562868249176006, 34.161055849944802 ], [ -118.562262249560007, 34.161809849774897 ], [ -118.562202249910001, 34.1629918499236 ], [ -118.563047249402999, 34.163458850021598 ], [ -118.564068250068999, 34.163746850217102 ], [ -118.565861249983001, 34.163718850027202 ], [ -118.565876251193004, 34.170576850994102 ], [ -118.562837250564996, 34.1708848511471 ], [ -118.562315249711006, 34.170811850859302 ], [ -118.562231250479996, 34.171063850809702 ], [ -118.562232251504994, 34.186567852591402 ], [ -118.555759831331002, 34.186575636647703 ], [ -118.527308245889998, 34.186609854156799 ], [ -118.527308242038004, 34.186607868975699 ], [ -118.527286244338001, 34.170827853145198 ] ] ] } },
{ "type": "Feature", "properties": { "objectid": 92, "name": "Toluca Lake", "area_sqmi": 1.2130485957694788, "source_url": "https://services5.arcgis.com/7nsPwEMP38bSkCjy/arcgis/rest/services/LA_Times_Neighborhoods/FeatureServer/0", "fetched_at": "2025-12-07T08:52:51.283518" }, "geometry": { "type": "Polygon", "coordinates": [ [ [ -118.357166215432997, 34.163101861789599 ], [ -118.357163214763005, 34.161291861935197 ], [ -118.353122441810996, 34.161293857925202 ], [ -118.353016752919004, 34.161047050996501 ], [ -118.352973561458001, 34.160962938461402 ], [ -118.347741079417005, 34.148739094334303 ], [ -118.346645992576995, 34.146177553346902 ], [ -118.346643859628998, 34.146172564955499 ], [ -118.346441980652003, 34.1457006650637 ], [ -118.346400564137994, 34.145603865962698 ], [ -118.346333684374002, 34.145447565424597 ], [ -118.346331273447007, 34.145441949454003 ], [ -118.346296138965002, 34.145360154609001 ], [ -118.345942903685, 34.144537760144601 ], [ -118.345876209867995, 34.144382484777097 ], [ -118.345224020699007, 34.1428588769421 ], [ -118.345221821158006, 34.142853738160298 ], [ -118.345178300220994, 34.142751830252898 ], [ -118.345703212125997, 34.1425768605136 ], [ -118.345677211240002, 34.142371859883703 ], [ -118.347410549611993, 34.142197313254897 ], [ -118.347534211899998, 34.1421848601153 ], [ -118.347769381442006, 34.142221385697503 ], [ -118.349987818, 34.142565948693097 ], [ -118.354172213333996, 34.143215860094699 ], [ -118.357656607831998, 34.143341249717103 ], [ -118.357979213847997, 34.143352859582102 ], [ -118.359264029919999, 34.143095118064998 ], [ -118.359298897734007, 34.143096259462801 ], [ -118.359385702362005, 34.143099100926001 ], [ -118.359386299722004, 34.143070588978397 ], [ -118.360978153733996, 34.1427512535261 ], [ -118.361131480013, 34.142753697650797 ], [ -118.361168029180007, 34.142754279943503 ], [ -118.361164264959996, 34.142747344854399 ], [ -118.361147903074993, 34.142717201294602 ], [ -118.361279214397996, 34.142690859140203 ], [ -118.366084472946994, 34.1507142784302 ], [ -118.367474555911997, 34.153035321058901 ], [ -118.370241216601002, 34.157654860492897 ], [ -118.361525216046005, 34.157664861152497 ], [ -118.361546215920995, 34.1649118617336 ], [ -118.357170215056001, 34.1649128621508 ], [ -118.357166215432997, 34.163101861789599 ] ] ] } },
{ "type": "Feature", "properties": { "objectid": 93, "name": "Tujunga", "area_sqmi": 9.8667583907402054, "source_url": "https://services5.arcgis.com/7nsPwEMP38bSkCjy/arcgis/rest/services/LA_Times_Neighborhoods/FeatureServer/0", "fetched_at": "2025-12-07T08:52:51.283518" }, "geometry": { "type": "Polygon", "coordinates": [ [ [ -118.266819417752004, 34.230681985499601 ], [ -118.268824214386996, 34.231696883873397 ], [ -118.279807972552007, 34.234153517888203 ], [ -118.280176215447995, 34.234235875256203 ], [ -118.280669289285996, 34.234260258026701 ], [ -118.281578347331006, 34.234305225375799 ], [ -118.282036211657996, 34.234327881194702 ], [ -118.286000200320998, 34.234166865538498 ], [ -118.291120218214999, 34.234542882230599 ], [ -118.292049203222007, 34.233882869639999 ], [ -118.296472219549997, 34.232801879477897 ], [ -118.297367215354001, 34.232804878910201 ], [ -118.298452218096998, 34.232490881504702 ], [ -118.300814199938003, 34.233156869659403 ], [ -118.303469213819, 34.233605874762098 ], [ -118.305418205709003, 34.234747869965503 ], [ -118.306069207478004, 34.234930870279698 ], [ -118.306782203509002, 34.234869878212997 ], [ -118.307708215925999, 34.234543878177199 ], [ -118.310331211621005, 34.234374862423302 ], [ -118.311123211845995, 34.234076873285801 ], [ -118.312876219930004, 34.234434881614398 ], [ -118.313799220353005, 34.2343878817667 ], [ -118.316688214403001, 34.2361448635477 ], [ -118.318415223445996, 34.2363778740188 ], [ -118.320335211734005, 34.237199877921803 ], [ -118.321717220493994, 34.237518874025199 ], [ -118.322462225503003, 34.2375508750048 ], [ -118.324337213470002, 34.237251862672103 ], [ -118.326678228874997, 34.236263862975001 ], [ -118.328723225635002, 34.236495867712101 ], [ -118.325501225723997, 34.2372248654871 ], [ -118.324288224127002, 34.237815868597501 ], [ -118.323108225298, 34.237968870134601 ], [ -118.320725220398998, 34.237705872758198 ], [ -118.319382220004002, 34.238650875310498 ], [ -118.318389205499997, 34.239030874959198 ], [ -118.317833208009006, 34.239442865975903 ], [ -118.317317213216, 34.239519872578803 ], [ -118.316311206823002, 34.240173861861699 ], [ -118.315199214382005, 34.240365873105503 ], [ -118.314471216916004, 34.240860883214602 ], [ -118.313280202623005, 34.241228882267897 ], [ -118.311903215656997, 34.241223872858299 ], [ -118.311172210481004, 34.241383865089503 ], [ -118.316009897848005, 34.242548305907903 ], [ -118.316253215333006, 34.242606878723898 ], [ -118.316539276293, 34.242736956016202 ], [ -118.317215680564999, 34.243044536880298 ], [ -118.317788223714004, 34.243304878360703 ], [ -118.318428961665006, 34.2437204220439 ], [ -118.318705290815004, 34.243899638274698 ], [ -118.318892214694003, 34.244020868651504 ], [ -118.320188224011005, 34.245182872399297 ], [ -118.320242161042998, 34.245253315998703 ], [ -118.320436683509001, 34.245507431356501 ], [ -118.321135227861006, 34.246419874339402 ], [ -118.321412656261998, 34.2469814453857 ], [ -118.321647279903999, 34.247456335035203 ], [ -118.321799207078001, 34.2477638660731 ], [ -118.322394205023002, 34.249635867976103 ], [ -118.32236841209, 34.2496311922744 ], [ -118.316723215270997, 34.248606879122903 ], [ -118.312396228211, 34.248871873442603 ], [ -118.307086222039004, 34.248128869878599 ], [ -118.306497203316994, 34.248323873860002 ], [ -118.306627203229993, 34.250509872344402 ], [ -118.306230222267999, 34.251189883556698 ], [ -118.305949222801004, 34.251209872215703 ], [ -118.305851217281997, 34.251365869049899 ], [ -118.306178216426005, 34.251960882263397 ], [ -118.306128219770997, 34.2521168652192 ], [ -118.304487223812004, 34.252402876727402 ], [ -118.302644211056005, 34.252392878906598 ], [ -118.302771224813, 34.272447875457999 ], [ -118.302210213075, 34.272821872646702 ], [ -118.303207220752995, 34.273338880100098 ], [ -118.303314218324005, 34.273819877917298 ], [ -118.303050209481, 34.274017871259304 ], [ -118.302176202116996, 34.2741628810519 ], [ -118.300971226271997, 34.275036874890802 ], [ -118.299798223359005, 34.275207877930796 ], [ -118.299535205167999, 34.275490873710901 ], [ -118.299411225528004, 34.276231884742998 ], [ -118.298827221143995, 34.276334870217298 ], [ -118.298637215306996, 34.276686874617504 ], [ -118.298098223750998, 34.276845883903299 ], [ -118.298264215985, 34.277501875352399 ], [ -118.297239225341002, 34.278361885045598 ], [ -118.295888203399002, 34.280833886072003 ], [ -118.293843224232006, 34.282019874834198 ], [ -118.292279204005993, 34.283388884352 ], [ -118.291672216799995, 34.2856198880107 ], [ -118.291475235592998, 34.286092461034698 ], [ -118.290129215826994, 34.289321876451197 ], [ -118.287862215681997, 34.291222872542797 ], [ -118.286347818715001, 34.292063986319903 ], [ -118.286351515499007, 34.2919654403305 ], [ -118.286454274378002, 34.289229489765901 ], [ -118.286458350394, 34.289120938868599 ], [ -118.286459132497001, 34.289100134709003 ], [ -118.286508443713998, 34.287785930343503 ], [ -118.286509325267005, 34.287763966685802 ], [ -118.286525031344993, 34.287344104983902 ], [ -118.286525885844, 34.287321797904802 ], [ -118.286526975906995, 34.287292770843003 ], [ -118.286545930811002, 34.286787201937301 ], [ -118.286546785151998, 34.286764851922399 ], [ -118.286558420049005, 34.286454979445701 ], [ -118.286559248445997, 34.286432608024199 ], [ -118.286587352404993, 34.285684259416399 ], [ -118.286591783874002, 34.2855663476969 ], [ -118.286592612548006, 34.285544062145298 ], [ -118.286647632637994, 34.284078517471301 ], [ -118.286720467010994, 34.282137912194699 ], [ -118.286725047692002, 34.281988270675697 ], [ -118.286831754310001, 34.278496964627003 ], [ -118.286701875111007, 34.278495941203502 ], [ -118.286706207679998, 34.278341877890497 ], [ -118.279620211319994, 34.278194863429398 ], [ -118.273692203514997, 34.278071871995699 ], [ -118.273549206503006, 34.281665884799203 ], [ -118.244894550102998, 34.281606510927901 ], [ -118.242557546078999, 34.281576136204897 ], [ -118.242541614326001, 34.281575931970004 ], [ -118.238801738936999, 34.281527205085801 ], [ -118.238915208327001, 34.2670888821429 ], [ -118.244996108042997, 34.2671251184249 ], [ -118.245175152336003, 34.2671267954332 ], [ -118.247597836154, 34.267149365506498 ], [ -118.247836406893995, 34.267151603802098 ], [ -118.253740324377006, 34.267206418588202 ], [ -118.256691846473998, 34.267233729685501 ], [ -118.256694561594998, 34.267233745396901 ], [ -118.256694054012996, 34.2671948253439 ], [ -118.256702199372995, 34.267194872477702 ], [ -118.256512195544005, 34.252270877469897 ], [ -118.260762841379005, 34.252326177607102 ], [ -118.260848295892004, 34.2523292566039 ], [ -118.260888757519993, 34.252329684636301 ], [ -118.261610111753001, 34.252337187260899 ], [ -118.265276198877999, 34.2523848748909 ], [ -118.265276223502994, 34.252384488416197 ], [ -118.265276714779006, 34.252384508807403 ], [ -118.265288108453007, 34.251682572197602 ], [ -118.265288731344, 34.251642662166397 ], [ -118.265305015294004, 34.250641131483903 ], [ -118.265306766341993, 34.250476276300702 ], [ -118.265307843309998, 34.250375890440701 ], [ -118.265308525912999, 34.250314104575097 ], [ -118.265309212625993, 34.250269879372503 ], [ -118.266684195886, 34.250783867340701 ], [ -118.26668419568, 34.250783802937796 ], [ -118.266684635654002, 34.250783952243097 ], [ -118.266687066060001, 34.250387543684703 ], [ -118.266687919709, 34.250250147787497 ], [ -118.266687952962997, 34.250244372871897 ], [ -118.266690283027998, 34.249865117316197 ], [ -118.266690427903001, 34.249837638193497 ], [ -118.266691281676998, 34.249700285230801 ], [ -118.266691908908996, 34.249597216867897 ], [ -118.266692963091003, 34.249425493490797 ], [ -118.266693987650996, 34.249260682815297 ], [ -118.266694671649006, 34.249151109578698 ], [ -118.266695297979993, 34.249047762135497 ], [ -118.266696326434001, 34.2488760817496 ], [ -118.266696864455994, 34.248793644152897 ], [ -118.266697181148999, 34.248739029332597 ], [ -118.266698034694997, 34.248601611965 ], [ -118.266698887071996, 34.248463829646902 ], [ -118.266699223714994, 34.248407368550303 ], [ -118.266703206860996, 34.247776871496697 ], [ -118.266090429249999, 34.247773089286703 ], [ -118.266087193543001, 34.247455480070599 ], [ -118.266057642308994, 34.2461974666315 ], [ -118.266040118763001, 34.245452378728899 ], [ -118.266018678205995, 34.2445407091747 ], [ -118.266011197864003, 34.243896884340401 ], [ -118.266020362098004, 34.242603106246797 ], [ -118.266036197101997, 34.240360865324803 ], [ -118.266745207777006, 34.2408008763691 ], [ -118.266746499722998, 34.240622733574 ], [ -118.266749775866003, 34.240426467567701 ], [ -118.266750242431002, 34.240362148958603 ], [ -118.266750866867994, 34.240274430080703 ], [ -118.266751326366006, 34.240207900301897 ], [ -118.266751946409997, 34.240118807493197 ], [ -118.266759434695999, 34.239048491479402 ], [ -118.266759914266999, 34.238980158358999 ], [ -118.266761402876, 34.2387665073568 ], [ -118.266763092741002, 34.238526858383501 ], [ -118.266764733848007, 34.238288132633201 ], [ -118.266766391272, 34.238054516186999 ], [ -118.266768507267003, 34.2377540908805 ], [ -118.266770313476997, 34.237494240431801 ], [ -118.266772416078993, 34.237197722296102 ], [ -118.266772581951997, 34.237168740376298 ], [ -118.266772687650004, 34.237153283314399 ], [ -118.266772914740002, 34.2371191919189 ], [ -118.266773167541999, 34.237085057531097 ], [ -118.266773293667995, 34.237067904466599 ], [ -118.266774749240994, 34.236860114247897 ], [ -118.266775956878007, 34.236687982621099 ], [ -118.266778741864997, 34.236289555246699 ], [ -118.266778413533004, 34.2362596083642 ], [ -118.266787841625998, 34.234971497020702 ], [ -118.266788784645996, 34.234878346078197 ], [ -118.266790087025001, 34.234695437394798 ], [ -118.266790786434996, 34.234598852138198 ], [ -118.266791888601006, 34.234482708811001 ], [ -118.266793321955006, 34.234284171266502 ], [ -118.266794307450994, 34.234147698172201 ], [ -118.266796308653994, 34.233868032489298 ], [ -118.266797587623003, 34.233685896697601 ], [ -118.266798246023001, 34.233592660510197 ], [ -118.266798889895, 34.233502966544897 ], [ -118.266799251655996, 34.233454405541799 ], [ -118.266802239255995, 34.2330385673094 ], [ -118.266805105551001, 34.232657571612798 ], [ -118.266807882410006, 34.232272862179599 ], [ -118.266809692443999, 34.232022371679903 ], [ -118.266818523218006, 34.230806457886203 ], [ -118.266819417752004, 34.230681985499601 ] ], [ [ -118.269813211856004, 34.232374869419097 ], [ -118.270592216587005, 34.232741882933396 ], [ -118.270697217185003, 34.2329998845387 ], [ -118.271214218088005, 34.233247882580699 ], [ -118.271948199717002, 34.233071873866898 ], [ -118.272321203974002, 34.2327318650146 ], [ -118.270864197286002, 34.232555878415198 ], [ -118.269813211856004, 34.232374869419097 ] ] ] } },
{ "type": "Feature", "properties": { "objectid": 94, "name": "University Park", "area_sqmi": 1.1665438924490403, "source_url": "https://services5.arcgis.com/7nsPwEMP38bSkCjy/arcgis/rest/services/LA_Times_Neighborhoods/FeatureServer/0", "fetched_at": "2025-12-07T08:52:51.283518" }, "geometry": { "type": "Polygon", "coordinates": [ [ [ -118.279860105462006, 34.018483925595298 ], [ -118.282943191460006, 34.018355849750797 ], [ -118.291547192058005, 34.0183748496259 ], [ -118.291552596393004, 34.025501854377403 ], [ -118.291561193706997, 34.036841851594502 ], [ -118.291191112039996, 34.036845041787899 ], [ -118.284020192358994, 34.036906852380902 ], [ -118.284021192649007, 34.037038852087498 ], [ -118.279625191673006, 34.037821852194398 ], [ -118.277564191615994, 34.036886852650099 ], [ -118.274295191343995, 34.035402852846197 ], [ -118.274516191299, 34.0329698525643 ], [ -118.274323190645006, 34.030810851577499 ], [ -118.274324970837, 34.029611066586703 ], [ -118.274326785691002, 34.028387847235898 ], [ -118.274327190205994, 34.028114851437998 ], [ -118.274485167475007, 34.027657422284697 ], [ -118.274761664319996, 34.026856809365199 ], [ -118.274844190297998, 34.026617851422102 ], [ -118.275286813196999, 34.025905379291302 ], [ -118.276107190047995, 34.024584851273197 ], [ -118.277694190199995, 34.021543850451401 ], [ -118.279621190198995, 34.018493850646699 ], [ -118.279860105462006, 34.018483925595298 ] ] ] } },
{ "type": "Feature", "properties": { "objectid": 95, "name": "Valley Glen", "area_sqmi": 4.7823291980411193, "source_url": "https://services5.arcgis.com/7nsPwEMP38bSkCjy/arcgis/rest/services/LA_Times_Neighborhoods/FeatureServer/0", "fetched_at": "2025-12-07T08:52:51.283518" }, "geometry": { "type": "Polygon", "coordinates": [ [ [ -118.413803228394997, 34.204577863205898 ], [ -118.409435227193995, 34.203714863397103 ], [ -118.409435227144002, 34.203932863460402 ], [ -118.404609227009004, 34.2029858631726 ], [ -118.404606615263006, 34.202980487020497 ], [ -118.403811226109994, 34.201342863664799 ], [ -118.403376226568994, 34.199907862783697 ], [ -118.401519224713994, 34.186679862153397 ], [ -118.401244224140996, 34.186679861460298 ], [ -118.400680224799004, 34.185435861659599 ], [ -118.399747223698, 34.1842508616716 ], [ -118.396455223779995, 34.181396861671097 ], [ -118.396455223276007, 34.1810408615749 ], [ -118.395393223132999, 34.179563861799899 ], [ -118.393806223075998, 34.176348861031798 ], [ -118.392821222315007, 34.174987861428498 ], [ -118.392692495233007, 34.174869103433899 ], [ -118.391349221826005, 34.173629860662402 ], [ -118.389123221285999, 34.172152860555499 ], [ -118.439985229973999, 34.172126858170003 ], [ -118.439998231215995, 34.193935860781401 ], [ -118.431265230191002, 34.193938860764597 ], [ -118.431270230704001, 34.201202861331303 ], [ -118.426745229738003, 34.201195861835203 ], [ -118.427111229774994, 34.202875861847403 ], [ -118.427201230435003, 34.204326862151198 ], [ -118.427114230754, 34.205826862181098 ], [ -118.426774230315999, 34.207137862818598 ], [ -118.413803228394997, 34.204577863205898 ] ] ] } },
{ "type": "Feature", "properties": { "objectid": 96, "name": "Valley Village", "area_sqmi": 2.0870973323933346, "source_url": "https://services5.arcgis.com/7nsPwEMP38bSkCjy/arcgis/rest/services/LA_Times_Neighborhoods/FeatureServer/0", "fetched_at": "2025-12-07T08:52:51.283518" }, "geometry": { "type": "Polygon", "coordinates": [ [ [ -118.379281218765996, 34.1568678597353 ], [ -118.377686217733995, 34.154450859580301 ], [ -118.378285470609001, 34.1545306897739 ], [ -118.378290362173999, 34.154531341606997 ], [ -118.378749829884995, 34.154592550083898 ], [ -118.378827218281003, 34.154602859226202 ], [ -118.385771847697001, 34.154581090615999 ], [ -118.397330221589002, 34.154544858389002 ], [ -118.397421394667006, 34.154562078319998 ], [ -118.398220256710999, 34.154712960064003 ], [ -118.399199221372996, 34.154897858376998 ], [ -118.399363629248995, 34.154973135655602 ], [ -118.401148121901002, 34.1557902023007 ], [ -118.402060677188004, 34.156208035156503 ], [ -118.402261222581004, 34.156299858674402 ], [ -118.402751663878007, 34.156422687810498 ], [ -118.403682556400994, 34.156655826010102 ], [ -118.403942222492006, 34.1567208585003 ], [ -118.405233223010001, 34.156795858656402 ], [ -118.405233222953996, 34.156602858365801 ], [ -118.413788210679002, 34.156638857866298 ], [ -118.413795225048005, 34.1693798590046 ], [ -118.414033225826003, 34.171352859515601 ], [ -118.413796225265997, 34.172136859469497 ], [ -118.388754221059003, 34.172152860872004 ], [ -118.385947366275005, 34.170178395335 ], [ -118.385473220875994, 34.169844861232399 ], [ -118.384816067678997, 34.169060947169299 ], [ -118.384252906539004, 34.168389157146201 ], [ -118.384094220014006, 34.168199860658 ], [ -118.383971851832996, 34.167925276835803 ], [ -118.379162218437997, 34.157132860153197 ], [ -118.379281218765996, 34.1568678597353 ] ] ] } },
{ "type": "Feature", "properties": { "objectid": 97, "name": "Van Nuys", "area_sqmi": 9.0291553526092745, "source_url": "https://services5.arcgis.com/7nsPwEMP38bSkCjy/arcgis/rest/services/LA_Times_Neighborhoods/FeatureServer/0", "fetched_at": "2025-12-07T08:52:51.283518" }, "geometry": { "type": "Polygon", "coordinates": [ [ [ -118.467514238410004, 34.220162862057101 ], [ -118.466302238279994, 34.217950861644098 ], [ -118.466302237584998, 34.215131860879502 ], [ -118.458319236535999, 34.213560861400303 ], [ -118.458278236816, 34.213144861257398 ], [ -118.458051236450999, 34.213268861300001 ], [ -118.458090235830994, 34.213515861866703 ], [ -118.428721231317994, 34.207750862914203 ], [ -118.428721230891, 34.207521862098297 ], [ -118.426774230315999, 34.207137862818598 ], [ -118.427114230754, 34.205826862181098 ], [ -118.427201230435003, 34.204326862151198 ], [ -118.427111229774994, 34.202875861847403 ], [ -118.426745229738003, 34.201195861835203 ], [ -118.431270230704001, 34.201202861331303 ], [ -118.431265230191002, 34.193938860764597 ], [ -118.439998231215995, 34.193935860781401 ], [ -118.439985229973999, 34.172126858170003 ], [ -118.466414162427, 34.1721115152924 ], [ -118.467549234700996, 34.172110856538303 ], [ -118.467549237496002, 34.172110968318499 ], [ -118.467625234389004, 34.1746288569706 ], [ -118.467849234954997, 34.175931856919298 ], [ -118.468464234864996, 34.1775678573769 ], [ -118.469551234956, 34.179259857094799 ], [ -118.469096235749006, 34.179381857554397 ], [ -118.466186234337997, 34.179383857643998 ], [ -118.466187235267, 34.180406857760602 ], [ -118.469912235356006, 34.181141856978002 ], [ -118.473813236802002, 34.185602857531798 ], [ -118.474036237156994, 34.186649858070702 ], [ -118.474268237122004, 34.186649857370902 ], [ -118.473944236662007, 34.185281857389697 ], [ -118.47416023673, 34.185633857633199 ], [ -118.475093236855997, 34.185825857908 ], [ -118.483657238514994, 34.186213857472801 ], [ -118.483657238502005, 34.186643857434198 ], [ -118.490206239810007, 34.186639856663902 ], [ -118.490213239718003, 34.1939028571175 ], [ -118.492396240483998, 34.193900856966202 ], [ -118.492404241499003, 34.2010498579358 ], [ -118.494587241543996, 34.201047857775499 ], [ -118.494595241563999, 34.208431858985101 ], [ -118.501144243162003, 34.208425858493797 ], [ -118.501156243818997, 34.216783859360703 ], [ -118.501355243614, 34.2178008596509 ], [ -118.501155243688999, 34.218102859084702 ], [ -118.501159170036999, 34.221138468075303 ], [ -118.501159244266006, 34.221195859929601 ], [ -118.498905718421, 34.220738901970499 ], [ -118.498905283773993, 34.220738813608399 ], [ -118.497244007277004, 34.220401949695997 ], [ -118.495897243236996, 34.220128860409197 ], [ -118.495781422220006, 34.220146932203903 ], [ -118.495248461461998, 34.220230093877497 ], [ -118.495019243296994, 34.220265860169803 ], [ -118.494968269598999, 34.220293173540199 ], [ -118.493554243424995, 34.221050860330301 ], [ -118.493503631533002, 34.221063345751801 ], [ -118.493137717373003, 34.221153615038197 ], [ -118.492646243120006, 34.221274860264302 ], [ -118.492468744744997, 34.221275908234702 ], [ -118.467738238809005, 34.221421861416502 ], [ -118.467514238410004, 34.220162862057101 ] ] ] } },
{ "type": "Feature", "properties": { "objectid": 98, "name": "Venice", "area_sqmi": 3.0372737651132629, "source_url": "https://services5.arcgis.com/7nsPwEMP38bSkCjy/arcgis/rest/services/LA_Times_Neighborhoods/FeatureServer/0", "fetched_at": "2025-12-07T08:52:51.283518" }, "geometry": { "type": "MultiPolygon", "coordinates": [ [ [ [ -118.456002218744999, 34.009883838989197 ], [ -118.444353264650999, 33.994636902119097 ], [ -118.444353215606, 33.994636838290802 ], [ -118.444725215806002, 33.994379838231197 ], [ -118.448484216330002, 33.993363837571401 ], [ -118.447190216609002, 33.990763838062598 ], [ -118.447842216672001, 33.990440837662199 ], [ -118.444313215795006, 33.986735837034097 ], [ -118.441616214709001, 33.983384836954301 ], [ -118.448314215663999, 33.9846658367019 ], [ -118.455063217130999, 33.986420836628497 ], [ -118.463492218544999, 33.981053835593499 ], [ -118.461988295447, 33.9793720407054 ], [ -118.461986713127999, 33.9793676905566 ], [ -118.461914705520996, 33.978918775641702 ], [ -118.461910727719001, 33.978669661255502 ], [ -118.461910396440004, 33.978655314626998 ], [ -118.461905022265, 33.978577983675102 ], [ -118.461893873888002, 33.978501271643097 ], [ -118.461877015387998, 33.978425610118499 ], [ -118.461854540016006, 33.978351422462303 ], [ -118.461826574528999, 33.978279124694502 ], [ -118.461812588122996, 33.978282142468899 ], [ -118.461812217211005, 33.978279835964301 ], [ -118.461461200337993, 33.978355781728098 ], [ -118.461149621626006, 33.977993654342598 ], [ -118.460683200730998, 33.9774513682733 ], [ -118.457654277204995, 33.973774465016703 ], [ -118.457602716436, 33.973705732123101 ], [ -118.457585881965997, 33.973683289214897 ], [ -118.45756619926, 33.9736570508366 ], [ -118.457561314775006, 33.9736505296448 ], [ -118.457560385164001, 33.973649324215401 ], [ -118.456843946950997, 33.972694376488597 ], [ -118.455754412670998, 33.971225553061799 ], [ -118.455749827673003, 33.971219332680803 ], [ -118.455704425780993, 33.971158137786702 ], [ -118.455656165847003, 33.971093092407898 ], [ -118.455655634858005, 33.971092352452402 ], [ -118.455655036631001, 33.971091584803297 ], [ -118.455654437963005, 33.971090736017999 ], [ -118.455653774214994, 33.971089858629398 ], [ -118.45565307663, 33.971088927276703 ], [ -118.455652345350003, 33.971087968103703 ], [ -118.455651674693001, 33.971087014110999 ], [ -118.455651613623999, 33.971086926893001 ], [ -118.455091519538996, 33.970331872045897 ], [ -118.454732460819002, 33.969847777959401 ], [ -118.454704053859004, 33.969809496891102 ], [ -118.454703993902001, 33.969809415077599 ], [ -118.454686705144994, 33.969786117935399 ], [ -118.454964052018994, 33.969665819478898 ], [ -118.454919198293993, 33.969599105759599 ], [ -118.454794082323005, 33.969413051399002 ], [ -118.454752753351997, 33.9693515721506 ], [ -118.454688250776996, 33.969255667779898 ], [ -118.454632625507003, 33.969172946382301 ], [ -118.454543119125006, 33.969039874037598 ], [ -118.454518880757007, 33.9690038310532 ], [ -118.454471501227999, 33.968933333944101 ], [ -118.454373783373001, 33.968788009939303 ], [ -118.454310179459, 33.9686934479763 ], [ -118.454164185509995, 33.968476311054303 ], [ -118.454149058107006, 33.968453835111802 ], [ -118.454127945194003, 33.968422424077197 ], [ -118.454110124447993, 33.968395919405197 ], [ -118.453994819570994, 33.968224445655302 ], [ -118.453987970287997, 33.968214249861099 ], [ -118.453930317651, 33.968128540891399 ], [ -118.453826849698004, 33.967974636578703 ], [ -118.453785656422994, 33.967913376474201 ], [ -118.453761418707003, 33.967877333340603 ], [ -118.453665398427006, 33.967734530293001 ], [ -118.453615726744999, 33.967660688682201 ], [ -118.453583478308005, 33.967612725829603 ], [ -118.453551226624, 33.967564755768599 ], [ -118.453504280765003, 33.967494916584101 ], [ -118.453430539707995, 33.967385242939102 ], [ -118.453406200822997, 33.967349043250401 ], [ -118.453382163222997, 33.967313329251901 ], [ -118.453334285446005, 33.967241981637002 ], [ -118.453301570948, 33.967193411929102 ], [ -118.453237071697998, 33.9670975067977 ], [ -118.453172571508006, 33.967001600735102 ], [ -118.453104481523994, 33.966900322371004 ], [ -118.453082141197001, 33.9668670883649 ], [ -118.453347533366994, 33.966736823403302 ], [ -118.453347715709, 33.966736728057299 ], [ -118.453464416421994, 33.966674823915497 ], [ -118.453578249746997, 33.966620527650001 ], [ -118.455089215550998, 33.966049834623398 ], [ -118.455117215159007, 33.965905834598303 ], [ -118.456824215720005, 33.965183834157401 ], [ -118.459605196460998, 33.964189629509299 ], [ -118.459569836086999, 33.964383169861598 ], [ -118.459562302424004, 33.964424402175801 ], [ -118.459561285994994, 33.964539081809001 ], [ -118.459560939718997, 33.964578116755703 ], [ -118.458723216113, 33.965016834302197 ], [ -118.460609217168994, 33.969125834556799 ], [ -118.466650033771003, 33.976775026827703 ], [ -118.466712519504995, 33.976855823939196 ], [ -118.466737193558004, 33.976885392535003 ], [ -118.472331220103001, 33.983968835436599 ], [ -118.474045220332002, 33.985459835651596 ], [ -118.476052220198994, 33.985946835881101 ], [ -118.476664220474007, 33.9875458355571 ], [ -118.482641221934003, 33.994808835993901 ], [ -118.482804628555996, 33.994717912580299 ], [ -118.483485222582999, 33.995420836243099 ], [ -118.481694222914001, 33.9966038368295 ], [ -118.481423222421, 33.9963148367504 ], [ -118.480122480229994, 33.9972229184065 ], [ -118.479995378219002, 33.997306679840896 ], [ -118.479998367025999, 33.997309564584903 ], [ -118.479937569539004, 33.997352009933003 ], [ -118.479851033404003, 33.997397631827099 ], [ -118.479597139239004, 33.997531803179697 ], [ -118.479580958911995, 33.997540771037499 ], [ -118.47948471382, 33.997591219301299 ], [ -118.479440868827993, 33.9976144484435 ], [ -118.479393899136994, 33.997639228902003 ], [ -118.479379883470997, 33.997646099277802 ], [ -118.479267634243001, 33.9977053377958 ], [ -118.479154898692002, 33.997764547487598 ], [ -118.478874621274002, 33.997912424419503 ], [ -118.478593717891002, 33.998060605194397 ], [ -118.478518890388997, 33.998100270135602 ], [ -118.478441019974994, 33.998141606819203 ], [ -118.478083025093994, 33.998330053430898 ], [ -118.477811853489996, 33.998472808057599 ], [ -118.477730097961995, 33.998515915852401 ], [ -118.477711990166995, 33.998525386031197 ], [ -118.477627774558002, 33.998570073066297 ], [ -118.477543877833, 33.998614890404703 ], [ -118.477201198222005, 33.998795901937498 ], [ -118.477109130029007, 33.9988445467446 ], [ -118.476674511420995, 33.999074118060904 ], [ -118.476604430869003, 33.999111151314899 ], [ -118.476534387656997, 33.999148480084003 ], [ -118.476140487175002, 33.999356428550399 ], [ -118.476098448795994, 33.9993784674338 ], [ -118.475952565941, 33.999455571428399 ], [ -118.475634098640995, 33.999623976914599 ], [ -118.475205622307996, 33.9998502993326 ], [ -118.474776914016005, 34.000076972734497 ], [ -118.474342679706993, 34.000306507063101 ], [ -118.474321641618999, 34.000317617321599 ], [ -118.473978642354993, 34.000498919333197 ], [ -118.473908261190999, 34.000536235278098 ], [ -118.473837943473995, 34.000573679852202 ], [ -118.473423116500001, 34.000794012031399 ], [ -118.473284466926003, 34.0008676495668 ], [ -118.472860558695004, 34.001092796256103 ], [ -118.472846254301999, 34.001100297174403 ], [ -118.472789915017003, 34.001128463667797 ], [ -118.472721281407999, 34.001166435601498 ], [ -118.471667043845997, 34.001721125765002 ], [ -118.471567402418998, 34.001773532786501 ], [ -118.471333863750004, 34.001896421810301 ], [ -118.471305452218999, 34.001911372926998 ], [ -118.471294431969, 34.001917186685603 ], [ -118.471175778193995, 34.001979862179397 ], [ -118.471144332066999, 34.0019964722092 ], [ -118.471120119073007, 34.002009262140703 ], [ -118.471063702360993, 34.002039077034702 ], [ -118.471018945783996, 34.002062720467798 ], [ -118.470914718016004, 34.002117780935201 ], [ -118.470907499950997, 34.002121591037003 ], [ -118.470827346798004, 34.002163901747302 ], [ -118.470796023600997, 34.002180452606602 ], [ -118.470743101262002, 34.002208416391099 ], [ -118.470684593650006, 34.002239315694901 ], [ -118.470659808489998, 34.002252404370203 ], [ -118.470573141924007, 34.002298184174201 ], [ -118.470433827893004, 34.002371775936197 ], [ -118.470364864209998, 34.002408205285299 ], [ -118.470365542964004, 34.002408599315302 ], [ -118.470226165021998, 34.002482247882398 ], [ -118.470061166416002, 34.002569861681202 ], [ -118.470060777686996, 34.002569646826899 ], [ -118.469857184511, 34.002677331869101 ], [ -118.469828032652003, 34.002692776855298 ], [ -118.469827874008004, 34.002692862217103 ], [ -118.469798662456, 34.002708281284001 ], [ -118.469681618210998, 34.002770179127303 ], [ -118.469540790051994, 34.002844672774003 ], [ -118.469399961643006, 34.002919166256703 ], [ -118.469220742256994, 34.003013977970902 ], [ -118.469054780177999, 34.003101759115303 ], [ -118.468929215055994, 34.003168168165899 ], [ -118.468789371995996, 34.003242135116402 ], [ -118.468650088941999, 34.0033158247616 ], [ -118.468510804404005, 34.003389486303597 ], [ -118.468371520708999, 34.003463148582597 ], [ -118.468232268155006, 34.003536809677797 ], [ -118.468092984120005, 34.003610498681503 ], [ -118.467953732162997, 34.003684160353401 ], [ -118.467938401788004, 34.003692243450999 ], [ -118.467762469836998, 34.003785309299097 ], [ -118.467623217292996, 34.003858969688899 ], [ -118.467483897397003, 34.003932631079898 ], [ -118.467344612044997, 34.004006319221702 ], [ -118.467205358767004, 34.004079979130502 ], [ -118.467066071686006, 34.004153639008699 ], [ -118.466926785447995, 34.004227299623899 ], [ -118.466800624515997, 34.004294038718299 ], [ -118.466754906152005, 34.0043172398275 ], [ -118.466754502455998, 34.0043174469386 ], [ -118.466739699854998, 34.004325096908701 ], [ -118.466725338182997, 34.004332617153899 ], [ -118.466682779798006, 34.004355277716499 ], [ -118.466613012848995, 34.004391891932698 ], [ -118.466543525361999, 34.0044289377648 ], [ -118.466188361153002, 34.004616286827201 ], [ -118.464187098069999, 34.0056721803264 ], [ -118.460887177767006, 34.007415085945503 ], [ -118.459898695313001, 34.007937134259002 ], [ -118.458989226900002, 34.008417463812897 ], [ -118.458625995575005, 34.008608199265701 ], [ -118.458076839029999, 34.008896560662897 ], [ -118.457251789742998, 34.009335008538301 ], [ -118.457038876558002, 34.009445873372997 ], [ -118.456995050374999, 34.009468868875103 ], [ -118.456991972021001, 34.009473112333602 ], [ -118.456854611009007, 34.0095461211151 ], [ -118.45684158217, 34.0095530130762 ], [ -118.456378161144997, 34.009799157789402 ], [ -118.456285579159996, 34.009848332219498 ], [ -118.456144219346996, 34.009885839352599 ], [ -118.456002218744999, 34.009883838989197 ] ] ], [ [ [ -118.452306158902005, 33.964328602192502 ], [ -118.454468944864004, 33.963293687785701 ], [ -118.454256915936995, 33.963414223305001 ], [ -118.453990116173003, 33.963578023538297 ], [ -118.453712016658002, 33.963700324003099 ], [ -118.453286411345999, 33.963925849097301 ], [ -118.452306158902005, 33.964328602192502 ] ] ], [ [ [ -118.456185290316995, 33.962472399801896 ], [ -118.457370817975999, 33.961905112515197 ], [ -118.457386542530998, 33.961914159266499 ], [ -118.457395685571001, 33.961919428310303 ], [ -118.457047016621004, 33.962078125710299 ], [ -118.456670816268996, 33.9622493232878 ], [ -118.456371716953001, 33.962400823461799 ], [ -118.456185290316995, 33.962472399801896 ] ] ] ] } },
{ "type": "Feature", "properties": { "objectid": 99, "name": "Vermont Knolls", "area_sqmi": 1.1484722379344163, "source_url": "https://services5.arcgis.com/7nsPwEMP38bSkCjy/arcgis/rest/services/LA_Times_Neighborhoods/FeatureServer/0", "fetched_at": "2025-12-07T08:52:51.283518" }, "geometry": { "type": "Polygon", "coordinates": [ [ [ -118.291578187455002, 33.960029842863399 ], [ -118.291608187182007, 33.959499843466901 ], [ -118.292435493962998, 33.959498506945899 ], [ -118.292485342578999, 33.9595186325611 ], [ -118.292601348630996, 33.959518351231601 ], [ -118.292787371596006, 33.959517899869198 ], [ -118.293144866049005, 33.959517031646399 ], [ -118.293276771604994, 33.959516711028598 ], [ -118.293408675983997, 33.959516363223798 ], [ -118.293474628219997, 33.959516202789999 ], [ -118.293540580455996, 33.959516042320097 ], [ -118.293672518367998, 33.959515693243603 ], [ -118.293728602610997, 33.959515544974202 ], [ -118.293804422744003, 33.959515345005897 ], [ -118.293936327115006, 33.9595149957225 ], [ -118.294068232569998, 33.959514647193799 ], [ -118.294200136938997, 33.959514297621901 ], [ -118.29433204131, 33.959513948807299 ], [ -118.294463945676995, 33.959513598946899 ], [ -118.294595851127994, 33.959513249841301 ], [ -118.294727787854001, 33.959512872567601 ], [ -118.294859693397996, 33.959512550218903 ], [ -118.29492564553, 33.959512361044702 ], [ -118.294991597760998, 33.959512199781599 ], [ -118.295123502124994, 33.959511850101499 ], [ -118.295255406484998, 33.9595114993758 ], [ -118.295321358619006, 33.959511310886697 ], [ -118.295387311929005, 33.959511149404598 ], [ -118.295519216287005, 33.959510798390298 ], [ -118.295651120648003, 33.959510448133301 ], [ -118.295794600182006, 33.959510068447898 ], [ -118.295992456281994, 33.959509419048601 ], [ -118.296150741622995, 33.959509030556603 ], [ -118.296299135016994, 33.959508611161397 ], [ -118.296431039366993, 33.959508259150098 ], [ -118.296562943720005, 33.959507907896104 ], [ -118.296694848068, 33.959507555596304 ], [ -118.296826785956, 33.959507203971299 ], [ -118.296892738080004, 33.959507013721598 ], [ -118.296958690302006, 33.959506851382898 ], [ -118.297090595732001, 33.959506499549299 ], [ -118.297222532435995, 33.959506119547001 ], [ -118.297356053127004, 33.959505762541703 ], [ -118.297487957472001, 33.959505410276101 ], [ -118.297619862893995, 33.959505056962101 ], [ -118.297751767235994, 33.959504704408197 ], [ -118.297883671478004, 33.9595043237628 ], [ -118.298015609451994, 33.959503997883097 ], [ -118.298147513787995, 33.9595036439949 ], [ -118.298279418126, 33.9595032908639 ], [ -118.298411323541004, 33.959502936684501 ], [ -118.298544843144001, 33.9595025792675 ], [ -118.298676781013, 33.959502224717397 ], [ -118.298808685346998, 33.959501871007703 ], [ -118.298940623218002, 33.959501517070699 ], [ -118.299072527544993, 33.959501162171001 ], [ -118.299204432956998, 33.959500808025801 ], [ -118.299336337282995, 33.959500452837602 ], [ -118.299468241510993, 33.959500070459598 ], [ -118.299600145837005, 33.959499715884498 ], [ -118.299732050260005, 33.959499388210602 ], [ -118.299865604371007, 33.959499001298603 ], [ -118.3000140292, 33.959498604301103 ], [ -118.300129435749, 33.9594982946846 ], [ -118.300156030843993, 33.9594982276111 ], [ -118.300265186355006, 33.959497973085803 ], [ -118.300269832005, 33.959497961522104 ], [ -118.300270075900002, 33.959485869195099 ], [ -118.300270402050003, 33.959485857114203 ], [ -118.300279189212006, 33.959485842453198 ], [ -118.300279964686993, 33.960017819410602 ], [ -118.300301190707998, 33.9745818439103 ], [ -118.280724186990994, 33.974669845249799 ], [ -118.280720186012999, 33.960141843648401 ], [ -118.280719185406994, 33.960030843820697 ], [ -118.291578187455002, 33.960029842863399 ] ] ] } },
{ "type": "Feature", "properties": { "objectid": 100, "name": "Vermont-Slauson", "area_sqmi": 1.4475594558166978, "source_url": "https://services5.arcgis.com/7nsPwEMP38bSkCjy/arcgis/rest/services/LA_Times_Neighborhoods/FeatureServer/0", "fetched_at": "2025-12-07T08:52:51.283518" }, "geometry": { "type": "Polygon", "coordinates": [ [ [ -118.280614188263002, 33.993301846982099 ], [ -118.280614187943002, 33.989157846853999 ], [ -118.280402187801997, 33.989158847216601 ], [ -118.280411187637995, 33.986006846417197 ], [ -118.280623188459003, 33.986005846920399 ], [ -118.280750188243005, 33.982381846363602 ], [ -118.280538187942, 33.982382846103398 ], [ -118.280716187023003, 33.980215846136097 ], [ -118.280724186990994, 33.974669845249799 ], [ -118.300301190707998, 33.9745818439103 ], [ -118.300198191340002, 33.993231846447898 ], [ -118.280670674861994, 33.993301645301301 ], [ -118.280614188263002, 33.993301846982099 ] ] ] } },
{ "type": "Feature", "properties": { "objectid": 101, "name": "Vermont Square", "area_sqmi": 2.5271777723820432, "source_url": "https://services5.arcgis.com/7nsPwEMP38bSkCjy/arcgis/rest/services/LA_Times_Neighborhoods/FeatureServer/0", "fetched_at": "2025-12-07T08:52:51.283518" }, "geometry": { "type": "Polygon", "coordinates": [ [ [ -118.281123189634997, 34.011088849101 ], [ -118.281207189151004, 34.003775848724501 ], [ -118.280994189674004, 34.003776848764197 ], [ -118.280502189325006, 33.996493847974499 ], [ -118.280714188664007, 33.996493848176897 ], [ -118.280614188263002, 33.993301846982099 ], [ -118.280670675118998, 33.9933017219305 ], [ -118.304997717437004, 33.993247765437097 ], [ -118.308941237748002, 33.993239018972702 ], [ -118.317135194751998, 33.9932208453329 ], [ -118.317081232261998, 34.0108277102904 ], [ -118.317081196505995, 34.010836847389001 ], [ -118.291551191481005, 34.010868848425403 ], [ -118.284128887015001, 34.011104009668799 ], [ -118.282745189983999, 34.011147849300897 ], [ -118.281124364367997, 34.011088892342997 ], [ -118.281123189634997, 34.011088849101 ] ] ] } },
{ "type": "Feature", "properties": { "objectid": 102, "name": "Vermont Vista", "area_sqmi": 1.6466181651849234, "source_url": "https://services5.arcgis.com/7nsPwEMP38bSkCjy/arcgis/rest/services/LA_Times_Neighborhoods/FeatureServer/0", "fetched_at": "2025-12-07T08:52:51.283518" }, "geometry": { "type": "Polygon", "coordinates": [ [ [ -118.280440183129002, 33.929122840014799 ], [ -118.280664183892, 33.9289018404857 ], [ -118.280493183652993, 33.9289028405842 ], [ -118.280956182748994, 33.926386839826499 ], [ -118.281205183064003, 33.923724839535303 ], [ -118.281215444734997, 33.923724804785103 ], [ -118.291521185234998, 33.923689839094699 ], [ -118.291556387984997, 33.927561871189504 ], [ -118.291587343266002, 33.930966723519198 ], [ -118.291653186234996, 33.938208840487498 ], [ -118.291596354104001, 33.9547443244617 ], [ -118.291578187455002, 33.960029842863399 ], [ -118.282713186663997, 33.960084843988298 ], [ -118.280719185406994, 33.960030843820697 ], [ -118.280678185813002, 33.954824842969401 ], [ -118.279429500988002, 33.948312758347001 ], [ -118.279372184566, 33.948013842708399 ], [ -118.279390993277005, 33.947800822916903 ], [ -118.279774184161994, 33.943460842356998 ], [ -118.279812184083994, 33.937842841484702 ], [ -118.279689183578995, 33.936019841341803 ], [ -118.279822183557002, 33.9339038410752 ], [ -118.280145183935005, 33.933901840747403 ], [ -118.280377183823006, 33.931428840314297 ], [ -118.280190183003995, 33.930151840390799 ], [ -118.280440183129002, 33.929122840014799 ] ] ] } },
{ "type": "Feature", "properties": { "objectid": 103, "name": "Watts", "area_sqmi": 1.9984888071618141, "source_url": "https://services5.arcgis.com/7nsPwEMP38bSkCjy/arcgis/rest/services/LA_Times_Neighborhoods/FeatureServer/0", "fetched_at": "2025-12-07T08:52:51.283518" }, "geometry": { "type": "Polygon", "coordinates": [ [ [ -118.244226179018, 33.953787845015697 ], [ -118.244231179720998, 33.953264845259397 ], [ -118.234007177313003, 33.9532688452041 ], [ -118.234038177567996, 33.948247845473901 ], [ -118.230634176175997, 33.9482828455684 ], [ -118.230643176224007, 33.947238844977498 ], [ -118.234867177271994, 33.947136845022897 ], [ -118.234835176774993, 33.945573844658 ], [ -118.230177176178998, 33.945652845400801 ], [ -118.230176176274, 33.945268845165202 ], [ -118.230002525844, 33.944986662413903 ], [ -118.229848175968996, 33.944735844506702 ], [ -118.229509096875006, 33.943104844649902 ], [ -118.229491859104002, 33.943021930993297 ], [ -118.229491936987003, 33.9430219317466 ], [ -118.229492511371006, 33.943021934259697 ], [ -118.229432617943004, 33.942736630433501 ], [ -118.229425156496006, 33.942701085843296 ], [ -118.229420092409001, 33.942676726399803 ], [ -118.229419637662005, 33.942674195787397 ], [ -118.229416505008004, 33.942656779808402 ], [ -118.229415466719004, 33.942650901146799 ], [ -118.229394966217001, 33.942555535535497 ], [ -118.229392879038002, 33.942545830099398 ], [ -118.229370759388004, 33.942439430214797 ], [ -118.229368411726995, 33.942427821256601 ], [ -118.229354886061998, 33.942360926003701 ], [ -118.229331881782002, 33.942251001037 ], [ -118.229328170027998, 33.942232240183301 ], [ -118.229315498250998, 33.9421678549473 ], [ -118.229308548762006, 33.942139901105698 ], [ -118.229308177996998, 33.942138411592701 ], [ -118.229306226915995, 33.942129023232901 ], [ -118.229305778897, 33.9421265773505 ], [ -118.229302612039007, 33.942109294859897 ], [ -118.229300530116006, 33.942099130537201 ], [ -118.229289070765006, 33.942044167518297 ], [ -118.229286154844999, 33.942030435650402 ], [ -118.229277315269997, 33.941989680164298 ], [ -118.229275923985995, 33.9419832648652 ], [ -118.229269118277998, 33.941950527266101 ], [ -118.229268155141995, 33.941945621204397 ], [ -118.229257832700995, 33.941893040551001 ], [ -118.229251559459001, 33.9418627730143 ], [ -118.229243409755995, 33.941824290758099 ], [ -118.229241975329003, 33.941817918813697 ], [ -118.229235168051005, 33.941786969838297 ], [ -118.229234185566, 33.941782501953497 ], [ -118.229230240709995, 33.9417635269781 ], [ -118.229229540676002, 33.941759898775999 ], [ -118.229228709, 33.941755597386397 ], [ -118.229214977352996, 33.941686870618099 ], [ -118.229213847118004, 33.941681376178998 ], [ -118.229200515680006, 33.9416181722818 ], [ -118.229198009187996, 33.941606610502198 ], [ -118.229194427468002, 33.941590681082701 ], [ -118.229189263622004, 33.941566182986897 ], [ -118.229185658147003, 33.941549081632303 ], [ -118.229169051265998, 33.941469198564903 ], [ -118.229168521217005, 33.941466419274498 ], [ -118.229158144189995, 33.94141202846 ], [ -118.229153238218004, 33.941390055039598 ], [ -118.229143415655997, 33.941342618422297 ], [ -118.229138776517999, 33.941322100454499 ], [ -118.229134652151998, 33.9413035224879 ], [ -118.229133953439998, 33.941300374794899 ], [ -118.229133034930001, 33.941295959977801 ], [ -118.229132069784001, 33.941291104404399 ], [ -118.229128654486004, 33.9412739224516 ], [ -118.229123750509004, 33.941251090776397 ], [ -118.229122396321998, 33.941244783588203 ], [ -118.229077823092993, 33.9410303850741 ], [ -118.229076440420997, 33.941023547843997 ], [ -118.229068017181007, 33.9409818864263 ], [ -118.229041783243005, 33.940852759699602 ], [ -118.229029664682002, 33.940797496805402 ], [ -118.229025520131003, 33.940778638500703 ], [ -118.229024885962005, 33.9407757530278 ], [ -118.229006591445994, 33.940687753129502 ], [ -118.229005374386006, 33.940681745887098 ], [ -118.228997559929994, 33.940643155700698 ], [ -118.228992754263999, 33.940621045053298 ], [ -118.228992036763998, 33.9406177468409 ], [ -118.228765593242002, 33.9395285037996 ], [ -118.228748440017, 33.939445512372401 ], [ -118.228725484924993, 33.939335587225997 ], [ -118.228658242506, 33.939012167132198 ], [ -118.228659472876998, 33.939008009679803 ], [ -118.229225175359005, 33.937335843953498 ], [ -118.229156368724006, 33.937338714444202 ], [ -118.229174415819998, 33.937278344828499 ], [ -118.229181361591998, 33.937256468797301 ], [ -118.229195736167995, 33.937208602166798 ], [ -118.229288973620996, 33.936897257998297 ], [ -118.229321989487005, 33.936782569293001 ], [ -118.229322074180999, 33.9367822941675 ], [ -118.229427975641997, 33.936431618521198 ], [ -118.229442873387995, 33.9363821560747 ], [ -118.229443115587003, 33.9363813370312 ], [ -118.229542638815005, 33.936045224908703 ], [ -118.229542697756997, 33.936045025559899 ], [ -118.229588510046995, 33.935891135855897 ], [ -118.229588523966996, 33.935891084442602 ], [ -118.229624888269001, 33.935769520585502 ], [ -118.229684539456002, 33.935570339939098 ], [ -118.229702737039005, 33.935509906858499 ], [ -118.229802044476003, 33.935177503817997 ], [ -118.229846761312999, 33.935026396408801 ], [ -118.229846833124, 33.935026157368398 ], [ -118.229869173810002, 33.934952244012699 ], [ -118.229947713233997, 33.934692615303099 ], [ -118.229964270392003, 33.934635593972203 ], [ -118.230033758619996, 33.9344055208634 ], [ -118.230049595758004, 33.934350230015902 ], [ -118.230164444324998, 33.933966078503097 ], [ -118.230181079028, 33.933911012400003 ], [ -118.230213027305993, 33.933804252601199 ], [ -118.230283684472994, 33.933568297399603 ], [ -118.230295273739998, 33.933527084698603 ], [ -118.230338300173003, 33.933384911737498 ], [ -118.230445871712007, 33.933026387040897 ], [ -118.230478984816997, 33.932912398347199 ], [ -118.230586557037995, 33.932554560496001 ], [ -118.230599614553, 33.9325113066187 ], [ -118.230599789701998, 33.932511283745697 ], [ -118.230618145191997, 33.932449367233403 ], [ -118.230685135249004, 33.932223036274699 ], [ -118.230705605451007, 33.932153806160201 ], [ -118.230705711539997, 33.932153448954303 ], [ -118.230740471404999, 33.9320387700852 ], [ -118.230843102010994, 33.931694680685602 ], [ -118.230839800005995, 33.931680919856099 ], [ -118.230831545461996, 33.931640405007798 ], [ -118.230759506656995, 33.931301678603603 ], [ -118.230736560197002, 33.931193072824797 ], [ -118.230662774338995, 33.930854321772699 ], [ -118.230654586941995, 33.9308137797413 ], [ -118.230627234170996, 33.930685370517502 ], [ -118.230582482507998, 33.930475053383297 ], [ -118.230559536578994, 33.930366474624002 ], [ -118.230515283044994, 33.930161765791098 ], [ -118.230485745058999, 33.930025140639302 ], [ -118.230477198220001, 33.929985973206101 ], [ -118.230404800566006, 33.929647466398798 ], [ -118.230381525764003, 33.929539081168301 ], [ -118.230346458266993, 33.929373672832703 ], [ -118.230337609108005, 33.929332280110899 ], [ -118.230324778875001, 33.9292696262779 ], [ -118.230305799348002, 33.929176730001103 ], [ -118.230268088057002, 33.929006274566703 ], [ -118.230267859180998, 33.9290052409577 ], [ -118.230265778643002, 33.928996291912597 ], [ -118.230334445150007, 33.929000031007 ], [ -118.230334781549004, 33.929000049296398 ], [ -118.239990176410004, 33.9295258422381 ], [ -118.254280178512005, 33.929466841779302 ], [ -118.254121180349998, 33.943282843248603 ], [ -118.253652173472005, 33.9432823718751 ], [ -118.253652073954001, 33.943282371182903 ], [ -118.253652076682002, 33.943281842884197 ], [ -118.253652479294004, 33.943185813517601 ], [ -118.253508927694, 33.943185676297702 ], [ -118.253442955208001, 33.943185622023798 ], [ -118.253245133779004, 33.943185378548101 ], [ -118.253080250207006, 33.943185257660701 ], [ -118.252915399998997, 33.943185080583497 ], [ -118.252750549878002, 33.943184932129597 ], [ -118.252585699674, 33.943184755503196 ], [ -118.252420848471004, 33.9431846056994 ], [ -118.252255998267998, 33.943184428622303 ], [ -118.252091148065006, 33.943184251319998 ], [ -118.251926296863999, 33.943184100840099 ], [ -118.251729960760002, 33.943183906769598 ], [ -118.251664019564998, 33.943183824411598 ], [ -118.251466166938997, 33.943183632174602 ], [ -118.251301315659006, 33.943183453794902 ], [ -118.251136465540995, 33.943183302233201 ], [ -118.250971615344, 33.943183123400601 ], [ -118.250806764065004, 33.943182944344997 ], [ -118.250641881502006, 33.943182793076097 ], [ -118.250404166170995, 33.943182516952902 ], [ -118.250338226143, 33.9431824618148 ], [ -118.250058705564001, 33.943182161790503 ], [ -118.250046309384999, 33.943182160445502 ], [ -118.249773910699005, 33.943181872942901 ], [ -118.249761909251006, 33.943181842804002 ], [ -118.249481267053, 33.9431815717113 ], [ -118.249415294493005, 33.9431814881886 ], [ -118.249332869439002, 33.943181411597799 ], [ -118.249250444227002, 33.943181281760999 ], [ -118.249221924379, 33.943181283901602 ], [ -118.249184557928004, 33.943181469292497 ], [ -118.249183675796999, 33.943276928058097 ], [ -118.249183666714003, 33.943277874676802 ], [ -118.249150179606005, 33.943277843789801 ], [ -118.248851179792993, 33.953362845126499 ], [ -118.247497179944006, 33.953362845213697 ], [ -118.247462179707, 33.954261845125501 ], [ -118.245035687810002, 33.954271581335 ], [ -118.244222219983001, 33.954270002724598 ], [ -118.244226179018, 33.953787845015697 ] ] ] } },
{ "type": "Feature", "properties": { "objectid": 104, "name": "West Adams", "area_sqmi": 1.4830627373539722, "source_url": "https://services5.arcgis.com/7nsPwEMP38bSkCjy/arcgis/rest/services/LA_Times_Neighborhoods/FeatureServer/0", "fetched_at": "2025-12-07T08:52:51.283518" }, "geometry": { "type": "Polygon", "coordinates": [ [ [ -118.369553206793995, 34.035168846584902 ], [ -118.368601206286002, 34.0349668473553 ], [ -118.369034207088006, 34.034731847408203 ], [ -118.368574818805001, 34.0349612293234 ], [ -118.368297206437006, 34.035099846880598 ], [ -118.363726206254995, 34.034154847299 ], [ -118.360739205849001, 34.033909847224102 ], [ -118.353360204175004, 34.034379847591502 ], [ -118.350103203928001, 34.0345228482959 ], [ -118.350159203884999, 34.034381847668001 ], [ -118.349982203747999, 34.034390847893498 ], [ -118.349926203633999, 34.034530847738502 ], [ -118.348389203313005, 34.034630847740701 ], [ -118.345542202375, 34.034599848664499 ], [ -118.339949201595999, 34.034864848886897 ], [ -118.340101202170004, 34.034665848542403 ], [ -118.333791200536993, 34.034963848819601 ], [ -118.335113201441004, 34.0325838488926 ], [ -118.335110199734999, 34.0225288471214 ], [ -118.340488201295997, 34.023359847470502 ], [ -118.346046202072003, 34.023961847543099 ], [ -118.346046202047006, 34.024110847236997 ], [ -118.355097204097007, 34.0249488466036 ], [ -118.355171203712004, 34.0247618468781 ], [ -118.359258204273999, 34.025138846619498 ], [ -118.359122204817993, 34.0254948469697 ], [ -118.360166204633003, 34.0254898463185 ], [ -118.360262204256998, 34.0252398463658 ], [ -118.376249207556995, 34.026604845558502 ], [ -118.376163207233006, 34.026816845665302 ], [ -118.376453702055002, 34.026865261217097 ], [ -118.376487207707001, 34.026870845403302 ], [ -118.376425207599993, 34.027128845474401 ], [ -118.375578207879002, 34.029103846373502 ], [ -118.373655207287996, 34.030425846203897 ], [ -118.373085949209994, 34.030265068477902 ], [ -118.373069370821, 34.030260361419003 ], [ -118.372944257815007, 34.0302249706466 ], [ -118.372892679192006, 34.030210482765902 ], [ -118.372724533191999, 34.030162992678498 ], [ -118.372694364563003, 34.030154435607997 ], [ -118.372569285316999, 34.030119016396398 ], [ -118.372444172734006, 34.030083625105902 ], [ -118.372388722340006, 34.030067967947097 ], [ -118.372319061829003, 34.030048343668 ], [ -118.372136846770005, 34.0299968058982 ], [ -118.372119332232998, 34.029991941121999 ], [ -118.371963083086996, 34.029947652514103 ], [ -118.371912890965007, 34.029933443025598 ], [ -118.371685071677007, 34.0304390532932 ], [ -118.371454906750998, 34.0309498667866 ], [ -118.371263250195994, 34.031374790532404 ], [ -118.370780390142997, 34.032446437709602 ], [ -118.370177272817998, 34.033784530986097 ], [ -118.370158737346003, 34.033825646314497 ], [ -118.369873337076996, 34.034458727034298 ], [ -118.369597115668, 34.035069570634498 ], [ -118.369594803631998, 34.035074701122099 ], [ -118.369595847746993, 34.035074259780998 ], [ -118.369591511058005, 34.035083879788203 ], [ -118.369553206793995, 34.035168846584902 ] ] ] } },
{ "type": "Feature", "properties": { "objectid": 105, "name": "Westchester", "area_sqmi": 10.886744862228586, "source_url": "https://services5.arcgis.com/7nsPwEMP38bSkCjy/arcgis/rest/services/LA_Times_Neighborhoods/FeatureServer/0", "fetched_at": "2025-12-07T08:52:51.283518" }, "geometry": { "type": "Polygon", "coordinates": [ [ [ -118.358622200843996, 33.982396842079297 ], [ -118.358556749624, 33.981677876696502 ], [ -118.358556348754007, 33.981673473015299 ], [ -118.358710932931999, 33.981675407114999 ], [ -118.358717906704996, 33.981675437769802 ], [ -118.359096896138993, 33.981674310463603 ], [ -118.359504721503001, 33.981673151048398 ], [ -118.359719518720993, 33.981672537924197 ], [ -118.360003485364004, 33.981671691018299 ], [ -118.360093116067006, 33.981670265098501 ], [ -118.360182558950996, 33.981670964577603 ], [ -118.360506503975003, 33.981670134175303 ], [ -118.360768931535006, 33.981669487753599 ], [ -118.360781743638, 33.981669747851797 ], [ -118.360783051059997, 33.981669779102198 ], [ -118.361162263435006, 33.981665398234497 ], [ -118.361181672664003, 33.981665678210902 ], [ -118.361190632686998, 33.981665808256203 ], [ -118.361337447059995, 33.981665296566099 ], [ -118.361466121392994, 33.981664955338402 ], [ -118.361509034948, 33.981664782599097 ], [ -118.361637643150004, 33.981664414340798 ], [ -118.361680524060006, 33.981664450793197 ], [ -118.361809163817995, 33.981663872201104 ], [ -118.361852044014995, 33.981663743614803 ], [ -118.362000475464995, 33.981663298390799 ], [ -118.362023564802001, 33.981663229117402 ], [ -118.362097780409002, 33.981662979377099 ], [ -118.362171997215, 33.981662756633597 ], [ -118.362195087619995, 33.981662934343099 ], [ -118.362318878018996, 33.981662342718103 ], [ -118.362343517876994, 33.981662213734303 ], [ -118.362363012458005, 33.981662210184098 ], [ -118.362366607572, 33.981662227334802 ], [ -118.362381615085994, 33.981662154316197 ], [ -118.362518337273997, 33.981661721082801 ], [ -118.362538127993005, 33.981661629166197 ], [ -118.362686559576005, 33.981661215552897 ], [ -118.362694047380003, 33.981661243531299 ], [ -118.362709650200003, 33.981661443649003 ], [ -118.362799335774994, 33.981660954045999 ], [ -118.362854815044997, 33.981660622240398 ], [ -118.362881171105997, 33.981660707958902 ], [ -118.363023038424004, 33.981660116238103 ], [ -118.363052724712006, 33.981660026919798 ], [ -118.363191260603003, 33.981659582958997 ], [ -118.363206895771995, 33.981659755869202 ], [ -118.363224247271006, 33.981659922709099 ], [ -118.363359482896001, 33.981659076490899 ], [ -118.363395767208004, 33.981659214237801 ], [ -118.363527705066005, 33.981658541841298 ], [ -118.363567288102004, 33.981658477572402 ], [ -118.363695928319999, 33.981658007855401 ], [ -118.363786599763003, 33.981657019607098 ], [ -118.363861551618996, 33.981657102832799 ], [ -118.363890804402004, 33.981657367113698 ], [ -118.363996092163006, 33.981657679709201 ], [ -118.364128889377, 33.981657279029299 ], [ -118.364300410135996, 33.981656761295298 ], [ -118.364328546742996, 33.981656676341899 ], [ -118.364471931975004, 33.981656243314198 ], [ -118.364570061638005, 33.981655946861402 ], [ -118.364643452780996, 33.981655736812201 ], [ -118.364738283915997, 33.981655438471002 ], [ -118.364814973483007, 33.981655206627003 ], [ -118.364906507274, 33.981654929842797 ], [ -118.364986495002, 33.981654615792998 ], [ -118.365074729425999, 33.981654393036301 ], [ -118.365158015749998, 33.981654096839797 ], [ -118.365242985245004, 33.981653883840799 ], [ -118.365329570236995, 33.981653621715701 ], [ -118.365411207514001, 33.981653374512199 ], [ -118.365501091221006, 33.981653157267502 ], [ -118.365579463328999, 33.981652864847497 ], [ -118.365672645271005, 33.981652582488501 ], [ -118.365763320889002, 33.981652307655096 ], [ -118.365844133546005, 33.981652062658398 ], [ -118.365971949479999, 33.9816516750532 ], [ -118.366015654763999, 33.981651652471299 ], [ -118.366187142553997, 33.981651022168599 ], [ -118.366225932107994, 33.981650904442198 ], [ -118.366264690761, 33.981650896783897 ], [ -118.366290806183997, 33.981664499121301 ], [ -118.366385957199, 33.981714057608599 ], [ -118.366431317415007, 33.981738075448597 ], [ -118.366559151792003, 33.981805405562397 ], [ -118.366567431505004, 33.981809821343901 ], [ -118.366584723420999, 33.981819111361503 ], [ -118.366622236753003, 33.9818386777768 ], [ -118.366738201973007, 33.9818998412415 ], [ -118.366886319073998, 33.981706772849101 ], [ -118.366931015410003, 33.981648652353897 ], [ -118.366932567538001, 33.981646490273398 ], [ -118.366938711751999, 33.981638480430099 ], [ -118.366957403455004, 33.981648627098103 ], [ -118.367201343437998, 33.981647632547102 ], [ -118.367329679977999, 33.981647262654398 ], [ -118.367350066176996, 33.981647234849 ], [ -118.367527248870005, 33.981646700699201 ], [ -118.367999269196005, 33.981645179988 ], [ -118.368024560871007, 33.981645129895099 ], [ -118.368166170937002, 33.981644862871498 ], [ -118.368340988678, 33.981644247294497 ], [ -118.368515488374996, 33.9816436594813 ], [ -118.368690307188999, 33.981643042493303 ], [ -118.368864827443005, 33.981642454112098 ], [ -118.369039634352006, 33.981641837555898 ], [ -118.369214125512002, 33.981641523725003 ], [ -118.369388944316, 33.981640905724703 ], [ -118.369591491598996, 33.9816401718885 ], [ -118.370353202570001, 33.981640841119997 ], [ -118.370169893986997, 33.977685152778903 ], [ -118.370171555170003, 33.977226900259602 ], [ -118.370165035279996, 33.975664276829797 ], [ -118.370159551927998, 33.974372092039999 ], [ -118.370153098011997, 33.972885743503198 ], [ -118.370150908414999, 33.972368561882703 ], [ -118.370147001674994, 33.971417817677001 ], [ -118.370146591760999, 33.971018801274397 ], [ -118.370146490723002, 33.970994472020202 ], [ -118.370146391955998, 33.9709721252215 ], [ -118.370160201931, 33.967997839712403 ], [ -118.372378201686999, 33.967993839302601 ], [ -118.372909201764003, 33.967611839563503 ], [ -118.372552202305997, 33.967135839037198 ], [ -118.371941114845001, 33.967387348025703 ], [ -118.371930203377005, 33.967391619753002 ], [ -118.371858700793993, 33.967264833688098 ], [ -118.371774235686004, 33.9671150606802 ], [ -118.371733208704995, 33.967042270551701 ], [ -118.371631779530006, 33.966860837541198 ], [ -118.371554185625996, 33.966168577122602 ], [ -118.371536716394999, 33.966007248261299 ], [ -118.371519384723001, 33.965847156775098 ], [ -118.371502155713998, 33.965687998054499 ], [ -118.371486577198993, 33.965543810446199 ], [ -118.371469418098002, 33.965385504355801 ], [ -118.371452291991005, 33.965227060229601 ], [ -118.371435065906994, 33.965068259405399 ], [ -118.371419176798994, 33.964921076972303 ], [ -118.371402808331993, 33.964769968054298 ], [ -118.371386473580003, 33.964618885176399 ], [ -118.371377945991995, 33.964540185439198 ], [ -118.371370106309001, 33.964467775352603 ], [ -118.371355249955002, 33.964330428121102 ], [ -118.371338641864995, 33.964176956131297 ], [ -118.371307211680005, 33.963886493808602 ], [ -118.371278842611005, 33.963624352599403 ], [ -118.371277396939007, 33.963610644798898 ], [ -118.371274709987006, 33.963585891684403 ], [ -118.371269952570998, 33.963541946890899 ], [ -118.371265162629996, 33.963497985970001 ], [ -118.371260996521997, 33.963459535074797 ], [ -118.371251335194998, 33.963371784773898 ], [ -118.371317707703, 33.963344928606602 ], [ -118.371735289282995, 33.963177682864199 ], [ -118.371745726731007, 33.963173504570896 ], [ -118.371844088589995, 33.963134123762899 ], [ -118.371952920119, 33.963090536516603 ], [ -118.372709306399003, 33.9627876404587 ], [ -118.373467498539995, 33.962484047092502 ], [ -118.373685420016002, 33.962396402675303 ], [ -118.373715672320998, 33.962384300598401 ], [ -118.374443834909997, 33.962092664535902 ], [ -118.37514536207, 33.961811499724398 ], [ -118.375165633606997, 33.9618033752134 ], [ -118.375173637463007, 33.961800167925297 ], [ -118.375204186275994, 33.961788174538697 ], [ -118.375322717686998, 33.9617389213251 ], [ -118.375421985469004, 33.9616960206166 ], [ -118.375616955153006, 33.961605982054401 ], [ -118.375808953866994, 33.961509770650402 ], [ -118.375997786195995, 33.9614074852946 ], [ -118.376183261071006, 33.961299229371903 ], [ -118.376191916693998, 33.961293972612197 ], [ -118.376349220566993, 33.961195268529302 ], [ -118.37650352691, 33.961091941542499 ], [ -118.376654701966004, 33.960984084037101 ], [ -118.376802609815996, 33.960871788405299 ], [ -118.3768606207, 33.960824969312498 ], [ -118.376867201842998, 33.960820838683503 ], [ -118.376870991136997, 33.960816599577697 ], [ -118.376947122155997, 33.960755156031396 ], [ -118.377036106131001, 33.960679497531402 ], [ -118.377132857386002, 33.960593822140197 ], [ -118.377227514275006, 33.960505838996802 ], [ -118.377343432681002, 33.960393091897799 ], [ -118.377456022976006, 33.960277022150201 ], [ -118.377565191474005, 33.960157727421603 ], [ -118.377670844503001, 33.9600353080844 ], [ -118.37774560778, 33.959945798322799 ], [ -118.377817546543, 33.959854003872998 ], [ -118.377886589781994, 33.959760011508997 ], [ -118.377923986000994, 33.959707506531601 ], [ -118.377924172022006, 33.959707251717802 ], [ -118.377924358041994, 33.959706996903897 ], [ -118.377924545152993, 33.959706743889697 ], [ -118.377924729008996, 33.959706489082699 ], [ -118.377924935638006, 33.959706245924103 ], [ -118.377925120577004, 33.959705991113701 ], [ -118.377925306597007, 33.959705736299803 ], [ -118.377925679719993, 33.959705226668802 ], [ -118.377925865749006, 33.9597049736579 ], [ -118.377926071291995, 33.959704729601299 ], [ -118.377926257311998, 33.9597044747875 ], [ -118.377926630434999, 33.9597039651564 ], [ -118.377926814299997, 33.959703712152397 ], [ -118.377927208022996, 33.959703212373597 ], [ -118.377927392961993, 33.959702957563103 ], [ -118.377927581150004, 33.959702703643998 ], [ -118.377927765006007, 33.9597024488369 ], [ -118.377927952117005, 33.9597021958227 ], [ -118.377928138136994, 33.959701941008902 ], [ -118.377928529697002, 33.959701441236902 ], [ -118.377928715734001, 33.959701190029101 ], [ -118.377928902836004, 33.959700935211899 ], [ -118.377929088856007, 33.959700680398001 ], [ -118.377929274877005, 33.959700425584202 ], [ -118.377929461978994, 33.959700170766901 ], [ -118.377929645844006, 33.959699917762897 ], [ -118.377929852460994, 33.959699671899799 ], [ -118.377930039562997, 33.959699417082597 ], [ -118.377930223427995, 33.959699164078501 ], [ -118.377930410529999, 33.959698909261299 ], [ -118.377930596550001, 33.9596986544475 ], [ -118.377930782570999, 33.959698399633602 ], [ -118.377930967517003, 33.959698146626103 ], [ -118.377931174134005, 33.959697900763103 ], [ -118.377931361245004, 33.959697647748797 ], [ -118.377931547265007, 33.959697392934999 ], [ -118.377931731122004, 33.959697138128 ], [ -118.377931918223993, 33.959696883310698 ], [ -118.377932290272994, 33.959696375485997 ], [ -118.377932477374998, 33.959696120668802 ], [ -118.377932661239996, 33.959695867664799 ], [ -118.37793284835, 33.959695614650499 ], [ -118.377933034370997, 33.959695359836701 ], [ -118.377933218227, 33.959695105029603 ], [ -118.377933405329003, 33.959694850212401 ], [ -118.377933597848994, 33.959694597181198 ], [ -118.377934009634998, 33.959694024321998 ], [ -118.377934679453006, 33.959693090944498 ], [ -118.377934896583, 33.959692777433801 ], [ -118.377935116963997, 33.959692464814403 ], [ -118.377935340593993, 33.9596921530865 ], [ -118.377935551294996, 33.959691853118898 ], [ -118.377935659984004, 33.959691723859798 ], [ -118.377958303144993, 33.959659334921 ], [ -118.377965744736002, 33.959648596937903 ], [ -118.377971819964003, 33.959639796112903 ], [ -118.377979589953995, 33.959628468401903 ], [ -118.378025425589001, 33.959560528023196 ], [ -118.378035303136002, 33.959545608325001 ], [ -118.378065127929005, 33.959499801047301 ], [ -118.378066982356998, 33.959496933783797 ], [ -118.378100730582005, 33.959443802804401 ], [ -118.378100986253003, 33.959443399019797 ], [ -118.378105017967002, 33.959437046834097 ], [ -118.378107097546007, 33.959433726296901 ], [ -118.378107660292002, 33.959432802269298 ], [ -118.378124616058997, 33.9594055157471 ], [ -118.378206016609994, 33.959267552980499 ], [ -118.378206243096997, 33.9592671555979 ], [ -118.378245276239994, 33.959197015999102 ], [ -118.378268460000996, 33.959154064802298 ], [ -118.378345627103997, 33.959003998674703 ], [ -118.378345780424993, 33.959003690772597 ], [ -118.378345931574003, 33.959003381074297 ], [ -118.378346084894005, 33.959003073172198 ], [ -118.378346217618997, 33.9590027563194 ], [ -118.378346369853006, 33.959002447519097 ], [ -118.378346523166002, 33.959002137813997 ], [ -118.378346676478998, 33.959001828108903 ], [ -118.378346809210996, 33.9590015130591 ], [ -118.378346962524006, 33.959001203353999 ], [ -118.378347113673001, 33.959000893655599 ], [ -118.378347266985003, 33.959000583950498 ], [ -118.378347399722003, 33.959000269802303 ], [ -118.378347551952999, 33.958999960100499 ], [ -118.378347705265, 33.958999650395398 ], [ -118.378347856413995, 33.958999340697098 ], [ -118.378347989145993, 33.958999025647302 ], [ -118.378348142462997, 33.958998716843702 ], [ -118.378348295775993, 33.958998407138502 ], [ -118.378348446925003, 33.958998097440201 ], [ -118.378348579649, 33.958997780587403 ], [ -118.378348730805996, 33.958997472691998 ], [ -118.378348885191997, 33.958997161180498 ], [ -118.378349036348993, 33.9589968532852 ], [ -118.378349169078007, 33.958996537333903 ], [ -118.378349322389994, 33.958996227628703 ], [ -118.378349475703004, 33.958995917923602 ], [ -118.37834962686, 33.958995610028303 ], [ -118.378349780164001, 33.958995298520101 ], [ -118.378349931320997, 33.958994990624802 ], [ -118.378350084633993, 33.958994680919602 ], [ -118.378350231450995, 33.958994370333301 ], [ -118.378350390180998, 33.958994062414298 ], [ -118.378352272309002, 33.9589903863885 ], [ -118.378379899530003, 33.9589331130747 ], [ -118.378386482417, 33.958919119635397 ], [ -118.378444268806007, 33.958791261186903 ], [ -118.378498116773997, 33.958661694051301 ], [ -118.378498267628999, 33.958661319443699 ], [ -118.378528152019996, 33.958584057537003 ], [ -118.378540741661993, 33.958550224235097 ], [ -118.378545445360004, 33.958537453747901 ], [ -118.378559472788993, 33.958498825209801 ], [ -118.378568657241999, 33.958473031604001 ], [ -118.378595678550994, 33.958393796205399 ], [ -118.378595767128999, 33.958393526370401 ], [ -118.378624509945993, 33.958303580813599 ], [ -118.378651381333995, 33.958212983910599 ], [ -118.378685950683007, 33.958083945102402 ], [ -118.378690037081, 33.958068654071099 ], [ -118.378690025032995, 33.9580659891908 ], [ -118.378689918245001, 33.958041890769003 ], [ -118.378901274276004, 33.958011687583799 ], [ -118.378890889565, 33.954927172507098 ], [ -118.378890358152006, 33.954792947439998 ], [ -118.378882602210993, 33.952649887914497 ], [ -118.378882285230006, 33.952565696104301 ], [ -118.377044841773994, 33.9525680099377 ], [ -118.375312713510993, 33.9525759605893 ], [ -118.373553948113994, 33.952580659354098 ], [ -118.372550263502006, 33.952582980124603 ], [ -118.371811285198007, 33.952585297262701 ], [ -118.370978813907996, 33.952583405144701 ], [ -118.370949133330996, 33.952583434221602 ], [ -118.370939241464001, 33.952583492589604 ], [ -118.370700680233995, 33.952584418022902 ], [ -118.370180229572, 33.952586428403102 ], [ -118.370179115338999, 33.952155100367797 ], [ -118.370178860612, 33.952052660550997 ], [ -118.37017291846, 33.951667391076001 ], [ -118.370168763872996, 33.950992601328899 ], [ -118.370168337321999, 33.9508642494391 ], [ -118.370166486870005, 33.9503191752761 ], [ -118.370164114787997, 33.949707704329398 ], [ -118.370161890630001, 33.949141942207604 ], [ -118.370151821613007, 33.949141967699497 ], [ -118.370151690201993, 33.949096314748203 ], [ -118.370149515091001, 33.948346019742701 ], [ -118.370147382568007, 33.947597764808002 ], [ -118.370145329539, 33.946883895731297 ], [ -118.370142226338004, 33.946686395031897 ], [ -118.370143514065006, 33.945946643724099 ], [ -118.370144016181001, 33.945424481181298 ], [ -118.370144105128006, 33.945262219523002 ], [ -118.370154397557997, 33.945188496195797 ], [ -118.370155254161006, 33.944927006490197 ], [ -118.370156116901001, 33.9446522183433 ], [ -118.370156979632, 33.9443774293009 ], [ -118.370157842237006, 33.944102613219101 ], [ -118.370158405172006, 33.943924000928199 ], [ -118.370158706039007, 33.943827824185597 ], [ -118.370159568632999, 33.943553008116098 ], [ -118.370160365361997, 33.943278220202103 ], [ -118.370161070557003, 33.943072073045599 ], [ -118.370161261478003, 33.943003404041903 ], [ -118.370162124174001, 33.942728615036103 ], [ -118.370162954296006, 33.9424537990907 ], [ -118.370163850512995, 33.942179009994199 ], [ -118.370164563166, 33.941959866419602 ], [ -118.370165436392995, 33.941657598861802 ], [ -118.370166286648995, 33.941387344604898 ], [ -118.370168262834, 33.9407525553789 ], [ -118.370056037067997, 33.940752320102099 ], [ -118.370049166618998, 33.934528629086898 ], [ -118.370115259092003, 33.934528426259902 ], [ -118.370123174008995, 33.934528401967903 ], [ -118.370123185508007, 33.934523659903398 ], [ -118.370132892935999, 33.930930591508002 ], [ -118.370132849526996, 33.9308480506077 ], [ -118.370033848299997, 33.9308478874499 ], [ -118.368840271183998, 33.930845657151103 ], [ -118.368395121611002, 33.930846046050398 ], [ -118.368392551927997, 33.930204770434301 ], [ -118.368392159044006, 33.9300475193427 ], [ -118.368388522987004, 33.929027410474603 ], [ -118.368468518609006, 33.929027282359002 ], [ -118.373353193152994, 33.9290770258891 ], [ -118.375208220206005, 33.929095915884503 ], [ -118.377164199145, 33.929115834658496 ], [ -118.378736199924006, 33.929012835020401 ], [ -118.378738199417, 33.930549834778297 ], [ -118.378745007548005, 33.930551484825401 ], [ -118.378745334727, 33.9307858455184 ], [ -118.378744892607997, 33.930909594938598 ], [ -118.379272886806007, 33.930908627827399 ], [ -118.379392033331001, 33.930908418009999 ], [ -118.380212930162998, 33.930907173102099 ], [ -118.380298200355995, 33.930927834958197 ], [ -118.398027203324006, 33.930890833952603 ], [ -118.402071203996996, 33.931499833414399 ], [ -118.425435207337998, 33.931355832782401 ], [ -118.429184208394005, 33.9309298320265 ], [ -118.429795208754001, 33.932710832149297 ], [ -118.435498210106999, 33.942463833253903 ], [ -118.435380210277003, 33.942512832791699 ], [ -118.435890210298993, 33.9434188334928 ], [ -118.436183210745, 33.944392833372902 ], [ -118.436296211303002, 33.946450833212602 ], [ -118.436611211008994, 33.9477078340296 ], [ -118.437116210889997, 33.948657833831902 ], [ -118.439208212075002, 33.951640833888497 ], [ -118.437345211622002, 33.952085834398503 ], [ -118.433110211195, 33.951877834541897 ], [ -118.433178211004005, 33.952530834495001 ], [ -118.431839210120998, 33.952931834806698 ], [ -118.431441210485005, 33.954304834256497 ], [ -118.431579210302999, 33.9552558344161 ], [ -118.431984210948002, 33.9557098350285 ], [ -118.431566210300005, 33.956330834895702 ], [ -118.433145211156003, 33.956954834692297 ], [ -118.434038211214002, 33.958125834793002 ], [ -118.432682211214001, 33.958812834891901 ], [ -118.432628210934993, 33.959704835154497 ], [ -118.430667210820999, 33.959709835480602 ], [ -118.430606211492005, 33.960201835403602 ], [ -118.430264211468995, 33.960628835059097 ], [ -118.428436210184003, 33.960636835146602 ], [ -118.428121210322004, 33.961417835927797 ], [ -118.428138913286006, 33.961599514429203 ], [ -118.428167878446004, 33.961896796781602 ], [ -118.428197210318999, 33.962197835411999 ], [ -118.428900210655002, 33.963757835672602 ], [ -118.431110211340993, 33.963751835982599 ], [ -118.431161211836994, 33.964131835540798 ], [ -118.431954211141999, 33.964666835745298 ], [ -118.433300211242994, 33.963926835534501 ], [ -118.433863212202994, 33.9646368356997 ], [ -118.435786211836998, 33.963726835427998 ], [ -118.435142211450994, 33.962913835442201 ], [ -118.436906211939998, 33.960856834820198 ], [ -118.436546212338996, 33.960323835139697 ], [ -118.437953211790997, 33.959661834788598 ], [ -118.439755212194001, 33.962326835080603 ], [ -118.432789212073004, 33.9658498357743 ], [ -118.431124211511005, 33.966924836441898 ], [ -118.430305212022006, 33.967196835911899 ], [ -118.427173210345998, 33.965202836049798 ], [ -118.425477210387996, 33.965640835891101 ], [ -118.423541210302005, 33.966988836603697 ], [ -118.422687210426005, 33.970009836646597 ], [ -118.418922209814994, 33.972116837211999 ], [ -118.418922210434999, 33.972316837317798 ], [ -118.411622208541004, 33.975300838298502 ], [ -118.404781207618001, 33.976959838664499 ], [ -118.404500208168002, 33.977220838385001 ], [ -118.401626207671995, 33.9822888397103 ], [ -118.399242207148006, 33.982800839602596 ], [ -118.386666204511002, 33.976911839767503 ], [ -118.386665631057994, 33.976913262416502 ], [ -118.386665406568994, 33.976913156755401 ], [ -118.386571504455006, 33.976869043776702 ], [ -118.386379158371994, 33.976778842469599 ], [ -118.386042361291999, 33.976620736506 ], [ -118.385961379064995, 33.976740445601102 ], [ -118.385958100916994, 33.976745293697199 ], [ -118.385916493701004, 33.976726411717202 ], [ -118.385874268728998, 33.976708495434103 ], [ -118.385831479030003, 33.976691545579399 ], [ -118.385788119189002, 33.976675562169497 ], [ -118.385744299687005, 33.976660567388997 ], [ -118.385700015202005, 33.976646581088097 ], [ -118.385655266719994, 33.976633582527803 ], [ -118.385610108555994, 33.976621617512002 ], [ -118.385564589370006, 33.9766106786726 ], [ -118.385518711360007, 33.976600773214301 ], [ -118.385472522214002, 33.976591918113598 ], [ -118.385426077134994, 33.9765841167997 ], [ -118.385379425791996, 33.976577345673903 ], [ -118.385332520871003, 33.976571670698902 ], [ -118.385285458344001, 33.976567018543797 ], [ -118.385238294852002, 33.976563470165303 ], [ -118.385224822026998, 33.976562217683799 ], [ -118.380296937740994, 33.976301043374598 ], [ -118.380181657264998, 33.976294897636699 ], [ -118.380134864986999, 33.9763005732515 ], [ -118.380088277647999, 33.976307295780003 ], [ -118.380041906114997, 33.976315076006699 ], [ -118.379995781727004, 33.976323904817697 ], [ -118.379950025596997, 33.976333763801399 ], [ -118.379856364294994, 33.976355409642302 ], [ -118.37941749142, 33.976457074018299 ], [ -118.377614477609995, 33.976874591574898 ], [ -118.377610046520999, 33.976875603436298 ], [ -118.377605614431005, 33.976876633331202 ], [ -118.377601231951999, 33.9768776261079 ], [ -118.377596800847002, 33.976878634362798 ], [ -118.377592368666996, 33.976879644423803 ], [ -118.377587939631994, 33.976880631936602 ], [ -118.377583552824007, 33.976881624726303 ], [ -118.377579124777995, 33.976882591500598 ], [ -118.377574693586993, 33.976883580822701 ], [ -118.377570261215993, 33.976884548511599 ], [ -118.377565831013001, 33.976885517095198 ], [ -118.377561397546998, 33.976886482082598 ], [ -118.377556962918007, 33.976887429042897 ], [ -118.377552531540005, 33.9768883768945 ], [ -118.377548099061997, 33.976889321143197 ], [ -118.377543672008002, 33.976890268079302 ], [ -118.377539185326995, 33.976891190860599 ], [ -118.377534753955999, 33.976892140514501 ], [ -118.377530321296007, 33.976893044194298 ], [ -118.377525889797994, 33.976893965900899 ], [ -118.377521457246999, 33.976894893921298 ], [ -118.377516975874997, 33.976895794146799 ], [ -118.377512543221997, 33.976896699629002 ], [ -118.377508061862002, 33.9768976025588 ], [ -118.377503629108006, 33.976898485502701 ], [ -118.377499197418999, 33.976899364837003 ], [ -118.377494711631996, 33.976900246143501 ], [ -118.377490278877005, 33.976901129086897 ], [ -118.377485797418998, 33.976902010379497 ], [ -118.377481364578998, 33.976902874390703 ], [ -118.377476880851006, 33.9769037322502 ], [ -118.377472397150996, 33.976904596420297 ], [ -118.377467968504007, 33.976905430667401 ], [ -118.377463482538005, 33.976906272306003 ], [ -118.377459000889004, 33.976907111226197 ], [ -118.377454567930002, 33.976907949092499 ], [ -118.377450084116006, 33.976908788019202 ], [ -118.377445600211999, 33.976909607112397 ], [ -118.377441118459998, 33.976910423494097 ], [ -118.377436685416001, 33.976911242427803 ], [ -118.377432203561995, 33.976912036271301 ], [ -118.377427717497994, 33.976912856272101 ], [ -118.377423234557995, 33.976913649217003 ], [ -118.377418752720999, 33.9769144466661 ], [ -118.377414266445001, 33.9769152197875 ], [ -118.377409784506, 33.976915994698203 ], [ -118.377405301476003, 33.9769167678092 ], [ -118.377400815225002, 33.976917546339202 ], [ -118.377396335433005, 33.976918317636603 ], [ -118.377391853399999, 33.9769190718118 ], [ -118.377387367031005, 33.976919824197303 ], [ -118.377382881743003, 33.976920576579303 ], [ -118.377378401775999, 33.9769213091108 ], [ -118.377373865628996, 33.9769220616515 ], [ -118.377369383493999, 33.976922793287997 ], [ -118.377364901367002, 33.976923526727298 ], [ -118.377360413716005, 33.976924234940803 ], [ -118.377355880628002, 33.976924946000899 ], [ -118.377351397313006, 33.976925656003701 ], [ -118.377346908592003, 33.976926366924701 ], [ -118.377342376580998, 33.976927077079402 ], [ -118.377337896415, 33.9769277654351 ], [ -118.377333414079999, 33.976928452895898 ], [ -118.377328877655998, 33.976929144131702 ], [ -118.377324390989003, 33.976929830704201 ], [ -118.377319856626997, 33.976930499395003 ], [ -118.377315373108999, 33.976931164320597 ], [ -118.377310839828993, 33.976931833007697 ], [ -118.377306356225006, 33.9769324790011 ], [ -118.377301821846999, 33.976933144085201 ], [ -118.377297334996001, 33.976933790088403 ], [ -118.377292798360003, 33.976934434444097 ], [ -118.377288265974997, 33.976935061657102 ], [ -118.377283783356006, 33.976935686009902 ], [ -118.377279246626003, 33.976936309630098 ], [ -118.37727471206, 33.976936933243401 ], [ -118.377270225116007, 33.976937558510699 ], [ -118.377265696945997, 33.976938160466901 ], [ -118.377261155802003, 33.9769387651682 ], [ -118.377256673079998, 33.976939366982002 ], [ -118.377252138320003, 33.976939947321597 ], [ -118.377247605828998, 33.976940551093797 ], [ -118.377243068911, 33.976941133242903 ], [ -118.377238533064002, 33.976941712683903 ], [ -118.377234000369995, 33.976942271379599 ], [ -118.377229516379003, 33.976942831725999 ], [ -118.377224981617999, 33.976943412064699 ], [ -118.377220445600003, 33.976943953641303 ], [ -118.377215912905996, 33.976944512336402 ], [ -118.377211377953003, 33.9769450503032 ], [ -118.377206838665003, 33.976945586480298 ], [ -118.377202305900994, 33.976946129849097 ], [ -118.377197768776, 33.976946666019103 ], [ -118.377193233737998, 33.976947185053398 ], [ -118.377188700844997, 33.976947699573202 ], [ -118.377184163625998, 33.976948215007802 ], [ -118.377179630651, 33.976948711496902 ], [ -118.377175095507994, 33.976949207091003 ], [ -118.377170505273995, 33.976949724493998 ], [ -118.377165972189005, 33.976950196641504 ], [ -118.377161434897005, 33.976950695847997 ], [ -118.377156899648, 33.976951168002003 ], [ -118.377152366583005, 33.976951644656701 ], [ -118.377147830251999, 33.976952116813798 ], [ -118.377143297068997, 33.976952567324098 ], [ -118.377138709890005, 33.976953042344299 ], [ -118.377134172390996, 33.976953495572403 ], [ -118.377129639122998, 33.976953927150397 ], [ -118.377125099447994, 33.9769543776803 ], [ -118.377120519656998, 33.976954811206497 ], [ -118.377115982044003, 33.976955239191398 ], [ -118.377111448791993, 33.9769556743747 ], [ -118.377106859144007, 33.976956081786803 ], [ -118.377102323694999, 33.976956509764399 ], [ -118.377097789258997, 33.976956922412697 ], [ -118.377093206013996, 33.976957309970501 ], [ -118.377088668328, 33.976957721727103 ], [ -118.377084134845006, 33.976958105523003 ], [ -118.377079546209998, 33.976958497604798 ], [ -118.377075012741997, 33.976958885006397 ], [ -118.377070420734995, 33.976959249151001 ], [ -118.377065887279002, 33.976959639256798 ], [ -118.377061300695004, 33.976960006088703 ], [ -118.377056767040003, 33.976960352019802 ], [ -118.377052231310998, 33.976960717790902 ], [ -118.377047643541999, 33.976961062087803 ], [ -118.377043109892, 33.976961408919799 ], [ -118.377038521041001, 33.976961753219697 ], [ -118.377033989449998, 33.976962076605297 ], [ -118.377029399414994, 33.976962398370297 ], [ -118.377024812651996, 33.976962725534001 ], [ -118.377020276731002, 33.976963048932603 ], [ -118.377015690931998, 33.976963349948697 ], [ -118.377011157184, 33.976963675143203 ], [ -118.37700656813, 33.976963974366001 ], [ -118.377002034195002, 33.976964258090298 ], [ -118.376997446223996, 33.976964557309401 ], [ -118.376992860347002, 33.976964841195802 ], [ -118.376988326399996, 33.976965122215098 ], [ -118.376983735088999, 33.976965400708899 ], [ -118.376979149110994, 33.976965662056799 ], [ -118.376974617225997, 33.976965920530901 ], [ -118.376970030150005, 33.976966178275802 ], [ -118.376965496108994, 33.976966438559401 ], [ -118.376960905684996, 33.976966673776097 ], [ -118.376836065301006, 33.976973339298901 ], [ -118.371891634988998, 33.977237152220198 ], [ -118.371820985004007, 33.977240902155202 ], [ -118.371820872217, 33.977300070785297 ], [ -118.371820838234996, 33.977318007720903 ], [ -118.371820778837005, 33.977345574873198 ], [ -118.371733095043993, 33.982047428560698 ], [ -118.371715202472004, 33.983006841239103 ], [ -118.358474200443993, 33.983046841915296 ], [ -118.358622200843996, 33.982396842079297 ] ] ] } },
{ "type": "Feature", "properties": { "objectid": 106, "name": "West Hills", "area_sqmi": 8.1856277304531844, "source_url": "https://services5.arcgis.com/7nsPwEMP38bSkCjy/arcgis/rest/services/LA_Times_Neighborhoods/FeatureServer/0", "fetched_at": "2025-12-07T08:52:51.283518" }, "geometry": { "type": "Polygon", "coordinates": [ [ [ -118.603754262140001, 34.233235855095302 ], [ -118.602996261886005, 34.231444855321598 ], [ -118.602840261511005, 34.231489855194297 ], [ -118.602751262186004, 34.231267855316297 ], [ -118.602704420254, 34.230741787149398 ], [ -118.602653429483993, 34.230169126043997 ], [ -118.602647261371999, 34.230099854847801 ], [ -118.602694008366001, 34.230000009224298 ], [ -118.603221261935005, 34.228873854573102 ], [ -118.605115262211001, 34.227488854362697 ], [ -118.605825261925006, 34.226375854520697 ], [ -118.605910261252006, 34.219665853718404 ], [ -118.614730263442993, 34.219529853378397 ], [ -118.614656260792003, 34.192955850046602 ], [ -118.614492260694007, 34.192819849987998 ], [ -118.614489260881001, 34.192125850293998 ], [ -118.614653260612997, 34.191976850423202 ], [ -118.614637345302, 34.186485195743899 ], [ -118.614637260639995, 34.186455849899701 ], [ -118.635552263877997, 34.186417848710001 ], [ -118.644247884034996, 34.186608841603899 ], [ -118.644430265023999, 34.186612847490302 ], [ -118.651983266566006, 34.185124847427403 ], [ -118.651723265715006, 34.184244846858498 ], [ -118.654224266149996, 34.183743847063198 ], [ -118.655959266264006, 34.183755847312902 ], [ -118.655849267190007, 34.184657846750902 ], [ -118.657372266997001, 34.1845788468137 ], [ -118.658927267706005, 34.183931847210097 ], [ -118.658767267567995, 34.1832568465409 ], [ -118.659097267255007, 34.182677846606303 ], [ -118.659791267828993, 34.1830368464841 ], [ -118.661890267271005, 34.183305846647002 ], [ -118.664587268096994, 34.183089846639803 ], [ -118.665720268919998, 34.183346845946701 ], [ -118.666276268169995, 34.183185846260997 ], [ -118.666709268782, 34.183906846300701 ], [ -118.666636268290006, 34.184447846309801 ], [ -118.668117250722005, 34.184911841019698 ], [ -118.667989592948999, 34.191337831538704 ], [ -118.667339979808006, 34.191348390682698 ], [ -118.667338638857004, 34.191348392671301 ], [ -118.667333399805003, 34.191348399036201 ], [ -118.667332573127993, 34.191348403596898 ], [ -118.663522654960005, 34.190150984911902 ], [ -118.663359521624002, 34.1905079568998 ], [ -118.662975137738997, 34.190387396657698 ], [ -118.662973015500995, 34.190386694261697 ], [ -118.663136079921003, 34.1900290632462 ], [ -118.662879516006001, 34.189948735887398 ], [ -118.662627088492002, 34.189869670036799 ], [ -118.662494887267002, 34.189828488317303 ], [ -118.662371336695003, 34.189789979060599 ], [ -118.662196702643996, 34.1897354826772 ], [ -118.661861752373994, 34.189630420909999 ], [ -118.661810170536995, 34.189614243541698 ], [ -118.661492059159002, 34.1895142824538 ], [ -118.661311286559993, 34.189457423851202 ], [ -118.659593413723002, 34.189250523646699 ], [ -118.658809617131993, 34.189345758908402 ], [ -118.658827306798997, 34.1894244868855 ], [ -118.658731597694995, 34.189437784917097 ], [ -118.658636570620999, 34.189455304724198 ], [ -118.658542411900996, 34.189477012838204 ], [ -118.658496416342004, 34.1894897938908 ], [ -118.658465694911996, 34.189498011976099 ], [ -118.658386469739995, 34.1895230212887 ], [ -118.658308317586005, 34.189551208984199 ], [ -118.658231368253993, 34.189582527477597 ], [ -118.658072664246006, 34.189650792691999 ], [ -118.657532361977999, 34.189883252096301 ], [ -118.657461522652, 34.1899137958086 ], [ -118.657453943093003, 34.189917051933698 ], [ -118.657301653404005, 34.1911635980982 ], [ -118.657278222920993, 34.191354624122297 ], [ -118.657223495327003, 34.191800306121003 ], [ -118.657007833828999, 34.193576809029601 ], [ -118.656623025092998, 34.1967560390434 ], [ -118.656789845488007, 34.196756080049603 ], [ -118.657322848296999, 34.196756123135998 ], [ -118.657323078320005, 34.196756123689198 ], [ -118.657781806195999, 34.196758437240298 ], [ -118.657786545646999, 34.196758461955703 ], [ -118.6580807916, 34.196759945794199 ], [ -118.658486319977001, 34.196761970883003 ], [ -118.658492731460996, 34.196762002697 ], [ -118.658492730622001, 34.196761896318698 ], [ -118.658491323749004, 34.195261629055601 ], [ -118.658491205781999, 34.195238271436502 ], [ -118.658489365079006, 34.1949669509412 ], [ -118.659075527743994, 34.194967409076099 ], [ -118.659510373426997, 34.194967681515102 ], [ -118.659825298225996, 34.194967531023899 ], [ -118.660199025073993, 34.194967909865902 ], [ -118.660537136455005, 34.194968399996 ], [ -118.660550629227004, 34.194968408359003 ], [ -118.660844692235997, 34.194968946122501 ], [ -118.661094370311005, 34.194968955824102 ], [ -118.661325034604005, 34.194969008556697 ], [ -118.661555669921, 34.194969785854298 ], [ -118.661784647637006, 34.194969907338098 ], [ -118.661962891431003, 34.194969399070402 ], [ -118.662018645928995, 34.194969258936297 ], [ -118.662272430689001, 34.194969958660799 ], [ -118.662527070341994, 34.194969965287797 ], [ -118.662780055271, 34.194969953398598 ], [ -118.665003927019995, 34.194971542879301 ], [ -118.667216752361, 34.194973042416898 ], [ -118.667235701665007, 34.194973075833502 ], [ -118.667241885950006, 34.1949730687681 ], [ -118.667917368478996, 34.194973415072504 ], [ -118.667702270445005, 34.2058008483218 ], [ -118.667750261405999, 34.209333339501399 ], [ -118.666811591292003, 34.209335885831599 ], [ -118.666346822779005, 34.209337319539202 ], [ -118.665144651301006, 34.209341104663203 ], [ -118.662776219310004, 34.209347836514503 ], [ -118.662776230526006, 34.209353898477801 ], [ -118.662753270319996, 34.212903850004899 ], [ -118.654141547644002, 34.212946451180201 ], [ -118.654047385802002, 34.212946625751698 ], [ -118.653253052592007, 34.212948389117898 ], [ -118.653252439162003, 34.212950849153202 ], [ -118.653252268792002, 34.212950850073 ], [ -118.653041854216994, 34.213795673379302 ], [ -118.652830353873995, 34.214644164249599 ], [ -118.652390422080003, 34.216410284893399 ], [ -118.652350045343994, 34.216572393879197 ], [ -118.654042816645998, 34.216573779374897 ], [ -118.657398989637997, 34.216576805681399 ], [ -118.658412059198994, 34.216573331171702 ], [ -118.658418041876999, 34.218301141947499 ], [ -118.658418170122999, 34.219005435802501 ], [ -118.658418239704005, 34.219458815958397 ], [ -118.658418274528998, 34.219664177163601 ], [ -118.658418275974, 34.219664911017503 ], [ -118.658418332311996, 34.219911124946996 ], [ -118.658415083050997, 34.221189209808898 ], [ -118.658415073849, 34.221192722298198 ], [ -118.658410471449002, 34.223479856433499 ], [ -118.658410467240998, 34.223482213108298 ], [ -118.657425328274002, 34.223480671544898 ], [ -118.654064656648998, 34.223500477090603 ], [ -118.654062795865002, 34.224542585002503 ], [ -118.654062982783998, 34.224621311831797 ], [ -118.654063084552007, 34.224621417664601 ], [ -118.654063084136993, 34.224621503314197 ], [ -118.654062908024997, 34.224659845377502 ], [ -118.654062670640997, 34.224779869088898 ], [ -118.654062232390004, 34.225040650157297 ], [ -118.654062237004993, 34.225049690874101 ], [ -118.654060621138001, 34.225261564720803 ], [ -118.654060586205006, 34.225272900095803 ], [ -118.654060585297998, 34.225273061478099 ], [ -118.654060487045001, 34.225303608320701 ], [ -118.654061500403998, 34.225589112857499 ], [ -118.654061547281998, 34.225734478499298 ], [ -118.654060963277999, 34.225947143738203 ], [ -118.654060427443994, 34.226305201657802 ], [ -118.654058885829002, 34.226556068935103 ], [ -118.654059105228995, 34.226617882062499 ], [ -118.654059316703993, 34.227109299052401 ], [ -118.654059269881998, 34.227113852132099 ], [ -118.654039978377, 34.227113877062301 ], [ -118.653671453515003, 34.2271135188331 ], [ -118.653306724757996, 34.227114471478501 ], [ -118.653306726615, 34.227114847414697 ], [ -118.653303269684002, 34.227114851652701 ], [ -118.653304270421998, 34.227353851605201 ], [ -118.652877594684995, 34.227356828670999 ], [ -118.652876690490999, 34.2271155833417 ], [ -118.652873272329998, 34.227115548591598 ], [ -118.652873270136993, 34.227114851705501 ], [ -118.652813531085002, 34.227114946796497 ], [ -118.652699122095001, 34.227113793286897 ], [ -118.652495592110995, 34.227115451645403 ], [ -118.649798409742004, 34.227119733871596 ], [ -118.649724139076, 34.2271197729387 ], [ -118.649617310311001, 34.227548528412001 ], [ -118.649570440907993, 34.227736875699101 ], [ -118.649479332154002, 34.2281027843853 ], [ -118.649468425118002, 34.228146617661103 ], [ -118.649436183465994, 34.228276135106398 ], [ -118.649328360913003, 34.228709375439003 ], [ -118.649289136462997, 34.228867236260498 ], [ -118.649252300615004, 34.229015434968701 ], [ -118.649233736916997, 34.2290897077471 ], [ -118.649221722842995, 34.229137772500799 ], [ -118.649141872406005, 34.229458608851999 ], [ -118.649122374274, 34.229538086762098 ], [ -118.649016402827002, 34.229963845726303 ], [ -118.649003927897994, 34.2300125593394 ], [ -118.648998043340001, 34.230035538938999 ], [ -118.648983198612996, 34.230095805092603 ], [ -118.648971969288993, 34.230141391759403 ], [ -118.648970326712998, 34.2301474941411 ], [ -118.648968110240006, 34.2301557290603 ], [ -118.648967885030999, 34.230156499289699 ], [ -118.648937726853006, 34.230277487579798 ], [ -118.648930605887998, 34.230306323960697 ], [ -118.648905329043004, 34.230408352625503 ], [ -118.648902632661006, 34.230419083802701 ], [ -118.648882867468998, 34.230498055531001 ], [ -118.648870929083003, 34.230545576207199 ], [ -118.648840456661006, 34.230668764133803 ], [ -118.648824476537001, 34.230732546987603 ], [ -118.648816181759003, 34.230766502341801 ], [ -118.648809695298993, 34.230793053491503 ], [ -118.648711942611996, 34.231186228479999 ], [ -118.648710662902005, 34.231191260576601 ], [ -118.648706949021005, 34.231205853130497 ], [ -118.648706774264994, 34.231205853165797 ], [ -118.647743269320003, 34.2312078523452 ], [ -118.647865268884999, 34.230954852896403 ], [ -118.647343268873996, 34.230921852950601 ], [ -118.646926268665993, 34.230482852824998 ], [ -118.646709269317, 34.227384851864798 ], [ -118.646766268853995, 34.224081851700497 ], [ -118.643231267950995, 34.224036851620198 ], [ -118.642710268209001, 34.223699852175102 ], [ -118.642016267342996, 34.2237278519151 ], [ -118.633864266540002, 34.224806852856098 ], [ -118.631933266683006, 34.224708852992102 ], [ -118.631418902616005, 34.224793992726198 ], [ -118.629305265959999, 34.2251438527299 ], [ -118.625494265699004, 34.226077853559303 ], [ -118.624967264784004, 34.227566853399999 ], [ -118.617290263637997, 34.226805854115199 ], [ -118.616252264311996, 34.227153853463399 ], [ -118.615853263695001, 34.227768854158597 ], [ -118.614976263653006, 34.231390854117102 ], [ -118.614073264273998, 34.231720854849499 ], [ -118.612531264031006, 34.233168854462399 ], [ -118.611335263176997, 34.233893855282403 ], [ -118.610804263046006, 34.234464854728202 ], [ -118.610565263617005, 34.234991854839798 ], [ -118.610231263448, 34.235227855151003 ], [ -118.607989263340002, 34.2354458556362 ], [ -118.607540275028001, 34.235446632729399 ], [ -118.605101262682993, 34.235450855134502 ], [ -118.605097916385006, 34.235445352594297 ], [ -118.603754262140001, 34.233235855095302 ] ] ] } },
{ "type": "Feature", "properties": { "objectid": 107, "name": "Westlake", "area_sqmi": 2.718314711736451, "source_url": "https://services5.arcgis.com/7nsPwEMP38bSkCjy/arcgis/rest/services/LA_Times_Neighborhoods/FeatureServer/0", "fetched_at": "2025-12-07T08:52:51.283518" }, "geometry": { "type": "Polygon", "coordinates": [ [ [ -118.259080190068005, 34.053893855682702 ], [ -118.259835189599002, 34.053091854912701 ], [ -118.260033190455999, 34.053180855141598 ], [ -118.259672189398003, 34.052879855437702 ], [ -118.260104190441993, 34.052411855489296 ], [ -118.260157118554005, 34.0523767098124 ], [ -118.261491190018006, 34.051490855212997 ], [ -118.261021189998004, 34.051207854788103 ], [ -118.266552190338999, 34.047863853802703 ], [ -118.266651590411001, 34.047908845196098 ], [ -118.266742191144999, 34.047949854052199 ], [ -118.268835191148, 34.046772853564299 ], [ -118.281016193835995, 34.052146854205198 ], [ -118.280937193602995, 34.05226685417 ], [ -118.282949194056002, 34.053329854315599 ], [ -118.283577193734004, 34.052366853446102 ], [ -118.289077194700994, 34.0524098531316 ], [ -118.289097195189001, 34.059785854384799 ], [ -118.287830195485, 34.059792854513297 ], [ -118.287851194911994, 34.061818854756403 ], [ -118.287035195383993, 34.061823854791299 ], [ -118.287094195341993, 34.067718855476699 ], [ -118.286797195426999, 34.067720855648901 ], [ -118.286819196826002, 34.076478856003398 ], [ -118.286223155027002, 34.076696784381298 ], [ -118.286179196145, 34.0767128564652 ], [ -118.284411196025005, 34.076721856134 ], [ -118.284423196435, 34.077900856780801 ], [ -118.284422678146996, 34.077900737195797 ], [ -118.279922136874006, 34.076860764203403 ], [ -118.279680195528002, 34.076804856255897 ], [ -118.274185366127, 34.075296450345903 ], [ -118.274183194130998, 34.075295856658897 ], [ -118.273003969678996, 34.074771705798803 ], [ -118.269094193515002, 34.073033857180199 ], [ -118.269175193109007, 34.0728888565041 ], [ -118.263802191550994, 34.070560857081801 ], [ -118.261226191217006, 34.069621856478697 ], [ -118.259891191392001, 34.064359856717402 ], [ -118.259659190693995, 34.062008855922798 ], [ -118.256795190475998, 34.058978855781199 ], [ -118.255268189459002, 34.0579438561278 ], [ -118.259080190068005, 34.053893855682702 ] ] ] } },
{ "type": "Feature", "properties": { "objectid": 108, "name": "West Los Angeles", "area_sqmi": 1.0535433086543469, "source_url": "https://services5.arcgis.com/7nsPwEMP38bSkCjy/arcgis/rest/services/LA_Times_Neighborhoods/FeatureServer/0", "fetched_at": "2025-12-07T08:52:51.283518" }, "geometry": { "type": "Polygon", "coordinates": [ [ [ -118.434209217971002, 34.037406843931898 ], [ -118.435158218211996, 34.0369558431575 ], [ -118.435260738538005, 34.037075385002503 ], [ -118.444313219993006, 34.0476308443235 ], [ -118.444310896320999, 34.047631559677498 ], [ -118.434137218985001, 34.050764845292498 ], [ -118.424191217539999, 34.057568846329303 ], [ -118.423388218152994, 34.056479845966003 ], [ -118.422825217720998, 34.053426845679297 ], [ -118.421574217214996, 34.052497846252898 ], [ -118.421442216863994, 34.051368845585401 ], [ -118.417082197211997, 34.046308466379102 ], [ -118.417078215703995, 34.046303845340503 ], [ -118.424666216583006, 34.041944844461298 ], [ -118.434209217971002, 34.037406843931898 ] ] ] } },
{ "type": "Feature", "properties": { "objectid": 109, "name": "Westwood", "area_sqmi": 3.6777781176344728, "source_url": "https://services5.arcgis.com/7nsPwEMP38bSkCjy/arcgis/rest/services/LA_Times_Neighborhoods/FeatureServer/0", "fetched_at": "2025-12-07T08:52:51.283518" }, "geometry": { "type": "Polygon", "coordinates": [ [ [ -118.429460176245996, 34.079247426915103 ], [ -118.429375220498997, 34.079204848223597 ], [ -118.429287153171998, 34.079226234637602 ], [ -118.428631581760001, 34.079385433526603 ], [ -118.428572220332995, 34.079399848751898 ], [ -118.427827220815004, 34.080436848622703 ], [ -118.427091219993997, 34.080768849190498 ], [ -118.425395219692007, 34.080843848712 ], [ -118.423035219962003, 34.079935848764102 ], [ -118.423060513444, 34.079929847008898 ], [ -118.423241111044007, 34.079932448213498 ], [ -118.423840275402995, 34.0797452223946 ], [ -118.423840116530997, 34.079744873155903 ], [ -118.423840219335005, 34.0797448484537 ], [ -118.423490125423001, 34.078820241645403 ], [ -118.423489404433994, 34.078817790190897 ], [ -118.423644218972996, 34.0787688483761 ], [ -118.423364449789005, 34.077773833444901 ], [ -118.423360373346, 34.077740546781499 ], [ -118.423346030613999, 34.077676934156003 ], [ -118.423325413911996, 34.077615069957702 ], [ -118.423310391569999, 34.0775815737287 ], [ -118.423308219191, 34.077573848863999 ], [ -118.423305904265007, 34.077571567975298 ], [ -118.423298728969996, 34.077555570113397 ], [ -118.423295860411997, 34.077549864424903 ], [ -118.423294947027998, 34.0775481420849 ], [ -118.423289459079001, 34.077537796351898 ], [ -118.423263835751001, 34.077494313982797 ], [ -118.423235279294005, 34.0774526990499 ], [ -118.423203925056995, 34.077413149415001 ], [ -118.423016456100996, 34.077191776581799 ], [ -118.423003110425, 34.077179782396499 ], [ -118.422988024380004, 34.0771700688801 ], [ -118.422971581672996, 34.077162884413802 ], [ -118.422954204679002, 34.077158411431697 ], [ -118.422936337104005, 34.077156765579403 ], [ -118.422918436364, 34.077157988529201 ], [ -118.422900958419007, 34.077162048032598 ], [ -118.422893284110998, 34.077165187904299 ], [ -118.422779693091002, 34.077053315394103 ], [ -118.422779342536998, 34.077052766683799 ], [ -118.422808900811006, 34.0770174393041 ], [ -118.422834805882005, 34.076979353382001 ], [ -118.422856802873, 34.0769388830482 ], [ -118.422874674967005, 34.076896430247501 ], [ -118.422877903841993, 34.076887053785001 ], [ -118.422986845785999, 34.076580090514803 ], [ -118.423127074836003, 34.076184865339698 ], [ -118.423293456275005, 34.075716025374597 ], [ -118.423301350122003, 34.075693783858597 ], [ -118.423301359735007, 34.075693756778797 ], [ -118.423215887110004, 34.075645968323201 ], [ -118.422976935652002, 34.075512285240599 ], [ -118.422558218779002, 34.075277848408497 ], [ -118.422349351438996, 34.075224671516203 ], [ -118.421851045554007, 34.075097400235698 ], [ -118.421458513250997, 34.075242045271999 ], [ -118.421189664750003, 34.075341120618397 ], [ -118.420959027107003, 34.075425932433298 ], [ -118.420956138128005, 34.075419782304301 ], [ -118.420356004930994, 34.074141938808403 ], [ -118.419632631168994, 34.072593030301498 ], [ -118.419602228558006, 34.072586121065498 ], [ -118.419601550446998, 34.072584625068203 ], [ -118.419095367257, 34.072465667604 ], [ -118.419064455981001, 34.072458411103398 ], [ -118.419063364753995, 34.072458139920698 ], [ -118.419049136468004, 34.0724548148332 ], [ -118.419048190658003, 34.072454592730402 ], [ -118.419047542043003, 34.0724544408179 ], [ -118.418453804798006, 34.072314890384199 ], [ -118.418345129787994, 34.072023907522102 ], [ -118.418285337767003, 34.071906889673699 ], [ -118.417844259885996, 34.071043876690297 ], [ -118.417829226655996, 34.071014464697299 ], [ -118.417689898850995, 34.070741895695299 ], [ -118.417648884437995, 34.070668338761898 ], [ -118.417612433059006, 34.070603010584499 ], [ -118.417590186872999, 34.070563139539999 ], [ -118.417453398038006, 34.070317973597298 ], [ -118.417399419923001, 34.070221227904398 ], [ -118.417394217934998, 34.070210848467497 ], [ -118.417374389150993, 34.0701840575286 ], [ -118.416725045955005, 34.069277994103402 ], [ -118.416516902333001, 34.069014159069503 ], [ -118.416499638958001, 34.068992278824503 ], [ -118.416403516890995, 34.0688704368157 ], [ -118.416991810365005, 34.068548773168899 ], [ -118.417109574633997, 34.068565293785603 ], [ -118.417158998394001, 34.068513501161199 ], [ -118.417178030315995, 34.068493557466397 ], [ -118.417249848216997, 34.0684182907994 ], [ -118.417271022509993, 34.068396098471197 ], [ -118.417265210150006, 34.068387988501101 ], [ -118.417265139235994, 34.068387888675602 ], [ -118.417265217031002, 34.068387847837798 ], [ -118.416429062646998, 34.067221140578702 ], [ -118.416417886692997, 34.067205346339897 ], [ -118.416334198116004, 34.067087080190298 ], [ -118.416247606460004, 34.0669677096908 ], [ -118.416234233590004, 34.066949291423803 ], [ -118.415796310519994, 34.066338126054198 ], [ -118.415277160469003, 34.065613645857802 ], [ -118.415275078063004, 34.065610740156103 ], [ -118.414452867649004, 34.064463244631099 ], [ -118.414446184176001, 34.064453897005002 ], [ -118.414444412899996, 34.064451245356302 ], [ -118.414441697605, 34.064447181536003 ], [ -118.414357118576007, 34.0643282283323 ], [ -118.434137218985001, 34.050764845292498 ], [ -118.444310896320999, 34.047631559677498 ], [ -118.444313219993006, 34.0476308443235 ], [ -118.444434132951997, 34.047775479945102 ], [ -118.448340865657997, 34.052448702010899 ], [ -118.448341076041999, 34.052448952758397 ], [ -118.448326682089004, 34.052457349915201 ], [ -118.448998980593998, 34.0532359360462 ], [ -118.449099221541999, 34.053355844489801 ], [ -118.445788221618002, 34.0553348451609 ], [ -118.445636221167007, 34.055299845048303 ], [ -118.450140222944, 34.060783845083598 ], [ -118.454045223094994, 34.0650518455667 ], [ -118.454546223242005, 34.065923845399297 ], [ -118.454693223430993, 34.066803845969901 ], [ -118.459989224314995, 34.065368845207303 ], [ -118.460454224567997, 34.065894845063902 ], [ -118.460707224564999, 34.065808845479502 ], [ -118.461757224457997, 34.066996845005299 ], [ -118.461542225119999, 34.067124844850198 ], [ -118.466506226297994, 34.072859845357101 ], [ -118.466115226344002, 34.073062845809801 ], [ -118.466357225983998, 34.073342845363698 ], [ -118.466355850247993, 34.073343262677902 ], [ -118.464049226019, 34.074041845977902 ], [ -118.463974262619004, 34.074028702830098 ], [ -118.463433225740005, 34.0739338455313 ], [ -118.462248225308002, 34.073114845782698 ], [ -118.461080406445006, 34.073140356468301 ], [ -118.461012225679994, 34.073141846402798 ], [ -118.459193225052999, 34.0743868458771 ], [ -118.458740224669, 34.074462846583401 ], [ -118.457768224638002, 34.074294846136503 ], [ -118.457210225256006, 34.074460846392803 ], [ -118.454336224638993, 34.076819846715701 ], [ -118.453732224402003, 34.077009846803598 ], [ -118.453264224055999, 34.076924847016201 ], [ -118.450465223991998, 34.075580846563298 ], [ -118.449945223542997, 34.075071846454698 ], [ -118.449135223191007, 34.073792846987899 ], [ -118.448719223268, 34.073520846835699 ], [ -118.445586222266996, 34.073651846938297 ], [ -118.444986222419004, 34.074137846982701 ], [ -118.444513222976994, 34.076284847403002 ], [ -118.444174222250993, 34.0767918477096 ], [ -118.444165185911999, 34.076796025302301 ], [ -118.442831222454004, 34.077412847463499 ], [ -118.440967222371995, 34.077487847725301 ], [ -118.440223889544001, 34.077742025552602 ], [ -118.440154222001993, 34.077765847400997 ], [ -118.436836222286004, 34.080137848439399 ], [ -118.435316221096002, 34.080813848074897 ], [ -118.434872343750996, 34.082209301315302 ], [ -118.434850221730997, 34.082278848878303 ], [ -118.434798734458994, 34.082311870881597 ], [ -118.434238733570993, 34.0826710443107 ], [ -118.43412522138, 34.082743848400902 ], [ -118.433981540149006, 34.082728368675497 ], [ -118.433406653150996, 34.082666432420503 ], [ -118.432380221298999, 34.082555848837103 ], [ -118.432055662913001, 34.082410014456897 ], [ -118.431920158268994, 34.082349127788603 ], [ -118.431857221422007, 34.082320848902498 ], [ -118.430958220427996, 34.081415848454299 ], [ -118.430247207657004, 34.079695563296298 ], [ -118.430219220214994, 34.079627848481998 ], [ -118.430036728366005, 34.079536386461101 ], [ -118.429460176245996, 34.079247426915103 ] ] ] } },
{ "type": "Feature", "properties": { "objectid": 110, "name": "Wilmington", "area_sqmi": 9.2235356491007785, "source_url": "https://services5.arcgis.com/7nsPwEMP38bSkCjy/arcgis/rest/services/LA_Times_Neighborhoods/FeatureServer/0", "fetched_at": "2025-12-07T08:52:51.283518" }, "geometry": { "type": "MultiPolygon", "coordinates": [ [ [ [ -118.224713666815006, 33.824454758247803 ], [ -118.224687120002002, 33.824385485059402 ], [ -118.224624445743999, 33.824385801201302 ], [ -118.224588290094999, 33.824385984021902 ], [ -118.224588165469996, 33.824385831898702 ], [ -118.224587967404005, 33.8242928809061 ], [ -118.224587967274005, 33.8242928322247 ], [ -118.224582165754995, 33.821572831118097 ], [ -118.222780164176996, 33.812732830971598 ], [ -118.222458995105001, 33.812460920367201 ], [ -118.222454163975002, 33.812456745377801 ], [ -118.222451427688, 33.808671670373897 ], [ -118.222450717699004, 33.807638414940499 ], [ -118.222449845610001, 33.806328507949999 ], [ -118.222448710454998, 33.804658638435697 ], [ -118.222448650044996, 33.8045861507957 ], [ -118.222448398970002, 33.804482475754703 ], [ -118.222448170646004, 33.804166180341397 ], [ -118.222448163512993, 33.804156971425698 ], [ -118.222839667936, 33.803079491654898 ], [ -118.222887375045005, 33.802948167796103 ], [ -118.223072842942997, 33.8024376389425 ], [ -118.223376428755998, 33.801602072139403 ], [ -118.224592736025002, 33.798254077889702 ], [ -118.224714115937999, 33.7979199105527 ], [ -118.224986988211, 33.797168810275899 ], [ -118.225002703384007, 33.797125585072202 ], [ -118.225042725850997, 33.797015433236602 ], [ -118.225126627840993, 33.796784378125501 ], [ -118.225256068494005, 33.796428074882002 ], [ -118.225385510283004, 33.796071799457799 ], [ -118.225690097149993, 33.795233312747399 ], [ -118.225862169395, 33.794759543446901 ], [ -118.226100124878002, 33.794104512643898 ], [ -118.226142311667999, 33.793988391127201 ], [ -118.226809163712005, 33.7921528277246 ], [ -118.226978109982994, 33.790865235503098 ], [ -118.227241482609998, 33.790956244535003 ], [ -118.227243163167003, 33.7909568282452 ], [ -118.227243441989003, 33.790956921475903 ], [ -118.227244420980995, 33.790954011359901 ], [ -118.227693163880005, 33.789948827513001 ], [ -118.220681509206997, 33.782542194101502 ], [ -118.220950741264005, 33.782339488408198 ], [ -118.220988314113001, 33.782311199537098 ], [ -118.221350686706998, 33.782038665122201 ], [ -118.221705179571003, 33.781772054419903 ], [ -118.221846003639996, 33.781666169809498 ], [ -118.221861537411996, 33.781654463048604 ], [ -118.223079934088005, 33.780738182476099 ], [ -118.224308977034994, 33.779813846375099 ], [ -118.224644963879001, 33.779561167296201 ], [ -118.225368773732995, 33.779016790315701 ], [ -118.225537599682994, 33.778889800578703 ], [ -118.226011629141993, 33.778533291086497 ], [ -118.226418000004003, 33.7782262330036 ], [ -118.234001441163002, 33.772521512907403 ], [ -118.234859797648994, 33.771879920805901 ], [ -118.235955471218006, 33.771060940498302 ], [ -118.237977017481995, 33.769536988488703 ], [ -118.238009522653002, 33.7695124825646 ], [ -118.238032337831001, 33.769495305212203 ], [ -118.238307300182996, 33.7692880411171 ], [ -118.239872224151995, 33.7681083833277 ], [ -118.239923373107004, 33.7680698402351 ], [ -118.240107602940995, 33.767930809415802 ], [ -118.240168156810995, 33.767885112032502 ], [ -118.240203416013998, 33.767858552701703 ], [ -118.240307652979993, 33.767779949615203 ], [ -118.240359064361996, 33.767741212891998 ], [ -118.240372100553003, 33.7677291201922 ], [ -118.241843218086004, 33.766622457824703 ], [ -118.241843341055997, 33.766622428729399 ], [ -118.241907526996997, 33.766607298669598 ], [ -118.241956047881999, 33.766596467800198 ], [ -118.242020252022996, 33.766577554922598 ], [ -118.242114433940003, 33.766555003630401 ], [ -118.242160824181994, 33.766548350939402 ], [ -118.242221481865002, 33.7665374955426 ], [ -118.242279276534006, 33.766524260492503 ], [ -118.242395568332995, 33.766493614017797 ], [ -118.242446947565995, 33.766483969886799 ], [ -118.242508070274994, 33.766469336998099 ], [ -118.242579322154995, 33.7664595526997 ], [ -118.242646767021, 33.766450173598699 ], [ -118.242713128814998, 33.7664369210678 ], [ -118.242800630324993, 33.7664089168765 ], [ -118.242870036979994, 33.7663784645855 ], [ -118.242952774387007, 33.766348780474203 ], [ -118.243008441078004, 33.766340319239902 ], [ -118.243058771605007, 33.766338727417399 ], [ -118.243124076504003, 33.766329948266197 ], [ -118.243208276161994, 33.766312485452701 ], [ -118.243270351223003, 33.7662980485837 ], [ -118.243305612955993, 33.766269950371402 ], [ -118.243455781517, 33.766226712458803 ], [ -118.243504309550005, 33.7662188622323 ], [ -118.243662744323998, 33.766194689523402 ], [ -118.243946057979002, 33.766146708995599 ], [ -118.244137672605007, 33.766115909044203 ], [ -118.244222944548994, 33.766098740842402 ], [ -118.244336008654003, 33.766063627569601 ], [ -118.244409653367995, 33.766058408868297 ], [ -118.244461032103004, 33.766048763877997 ], [ -118.244529371143997, 33.7660197038226 ], [ -118.244608918557006, 33.765998373003001 ], [ -118.244667752831006, 33.765974698854002 ], [ -118.244718418871003, 33.765965353601104 ], [ -118.244773715677994, 33.765952718327199 ], [ -118.244834341290996, 33.765931128342501 ], [ -118.244889244247005, 33.765905970990801 ], [ -118.244950528681997, 33.765865297420397 ], [ -118.245126061269005, 33.765828565159097 ], [ -118.245209574390998, 33.765820642985602 ], [ -118.245295909400994, 33.765801384869903 ], [ -118.245408638244996, 33.765773724927499 ], [ -118.245481408369997, 33.765754495238902 ], [ -118.245595197384006, 33.7657232548802 ], [ -118.245674034044995, 33.765703414996899 ], [ -118.245737525804003, 33.7656853967855 ], [ -118.245790298155001, 33.765664119850499 ], [ -118.245873523312994, 33.765639401837902 ], [ -118.245920390511003, 33.765633342618301 ], [ -118.246099808547996, 33.765542287038201 ], [ -118.246143940566995, 33.765496131614597 ], [ -118.246128107344006, 33.765453229752403 ], [ -118.246498712904994, 33.765331128519897 ], [ -118.246543836778002, 33.765397518583796 ], [ -118.246575434465001, 33.765459768679897 ], [ -118.246632175339997, 33.765452794659502 ], [ -118.246621510444001, 33.7653828388816 ], [ -118.246913972539005, 33.765279286299602 ], [ -118.246950062549004, 33.7653149912394 ], [ -118.247010810671995, 33.765286959544902 ], [ -118.247096361039993, 33.765243849691103 ], [ -118.247215370269004, 33.765215697362997 ], [ -118.247285581411006, 33.765200526815299 ], [ -118.247341257770998, 33.765196118531698 ], [ -118.247410314926, 33.7651768944054 ], [ -118.247443910529995, 33.765141524150998 ], [ -118.247503837188006, 33.765125657922397 ], [ -118.247625376041995, 33.765083905270203 ], [ -118.247686995584004, 33.765060880211003 ], [ -118.247738325469001, 33.765035014018501 ], [ -118.247849565999005, 33.764987556870601 ], [ -118.247941982423001, 33.764948726151097 ], [ -118.248054961082005, 33.764909852080997 ], [ -118.248149108310002, 33.764876741299098 ], [ -118.248409327165007, 33.764796060571697 ], [ -118.248479518679005, 33.764774449005998 ], [ -118.248536887575, 33.764762881418498 ], [ -118.248589103708994, 33.764747030571797 ], [ -118.248659273940007, 33.764718262787603 ], [ -118.248785955895002, 33.764677929027698 ], [ -118.248886943933002, 33.764640510554202 ], [ -118.248951960138001, 33.764607459382901 ], [ -118.249051199993005, 33.764558595256901 ], [ -118.249114532817998, 33.764535565921499 ], [ -118.249195029454, 33.764522519455902 ], [ -118.249392480241994, 33.764511018330602 ], [ -118.249482852813998, 33.7645054643612 ], [ -118.249672856011998, 33.76443852205 ], [ -118.249727637480007, 33.764421234696698 ], [ -118.249772154857993, 33.764409693185698 ], [ -118.249832072038004, 33.764390964435897 ], [ -118.249861442430998, 33.764379813133097 ], [ -118.250141926181996, 33.765416152205901 ], [ -118.249910799285004, 33.765509955404298 ], [ -118.249818377816993, 33.765547356958898 ], [ -118.249739708243993, 33.765599041323298 ], [ -118.249705611951995, 33.765657789324898 ], [ -118.249685245240002, 33.765723664092 ], [ -118.249676865335999, 33.765786651706897 ], [ -118.249675295963002, 33.765835313777302 ], [ -118.249683979154995, 33.7658739370383 ], [ -118.249702955328004, 33.765916831918197 ], [ -118.249771905981007, 33.766054078443098 ], [ -118.249825341730997, 33.766159872921698 ], [ -118.249887425782006, 33.766292839762798 ], [ -118.249928738571995, 33.7663557251173 ], [ -118.249963129012002, 33.766395725666101 ], [ -118.250141489341999, 33.766733104560302 ], [ -118.250365694444994, 33.766928705257101 ], [ -118.250437743286, 33.766955031708797 ], [ -118.250507976652003, 33.766947014491699 ], [ -118.250551640137004, 33.766929972573102 ], [ -118.250737288408004, 33.767615911141398 ], [ -118.250704552025994, 33.767645003346402 ], [ -118.250642010261998, 33.767646565197502 ], [ -118.250578548438, 33.767626661351002 ], [ -118.250456704228995, 33.767566807000499 ], [ -118.250312532989994, 33.767489825260597 ], [ -118.250219786413993, 33.767418460115699 ], [ -118.250125261923003, 33.767325632818697 ], [ -118.250025610243995, 33.767237109075097 ], [ -118.249920783430994, 33.767137145960398 ], [ -118.249809098331994, 33.767035767201598 ], [ -118.248414229941005, 33.765873702235801 ], [ -118.248316303261007, 33.765788035824301 ], [ -118.248232094667998, 33.7657052033246 ], [ -118.248134138759994, 33.765609518386498 ], [ -118.248043017751002, 33.765521473975497 ], [ -118.247876211149006, 33.765397836161597 ], [ -118.247814311539003, 33.7653819961495 ], [ -118.247617053423994, 33.765482276442697 ], [ -118.247560176671001, 33.765517458442098 ], [ -118.247516861245003, 33.765574529048997 ], [ -118.247535067090993, 33.7656465012371 ], [ -118.247557684035002, 33.765689034671603 ], [ -118.247584822091, 33.765739072857997 ], [ -118.247616525596996, 33.765811642914002 ], [ -118.247643634176001, 33.765851662707199 ], [ -118.247677506730994, 33.765897302990901 ], [ -118.247717421895999, 33.765957959843298 ], [ -118.247858751926998, 33.766086660029103 ], [ -118.247893410008004, 33.766144195817802 ], [ -118.247881603189001, 33.766208090070201 ], [ -118.247601634299997, 33.7663551900241 ], [ -118.247517808097001, 33.766404204268298 ], [ -118.247494690766004, 33.766446830864098 ], [ -118.247518099789005, 33.766503138603902 ], [ -118.247569284407007, 33.766571912036802 ], [ -118.247688167915001, 33.766715686719898 ], [ -118.247779953939002, 33.766823198983197 ], [ -118.247876242890996, 33.766931954999002 ], [ -118.247931923359999, 33.766999465929203 ], [ -118.247965086261999, 33.767058257879498 ], [ -118.247996685931994, 33.767095763061199 ], [ -118.248044044015998, 33.767137618884703 ], [ -118.248076436505002, 33.767189524882497 ], [ -118.248105056157002, 33.767233297142702 ], [ -118.248234471116007, 33.767388321130802 ], [ -118.249111982569005, 33.768501092285099 ], [ -118.249281449988004, 33.768508255470202 ], [ -118.249435622313001, 33.768351392098403 ], [ -118.249981907426005, 33.768939342973297 ], [ -118.249769243453002, 33.7691634717876 ], [ -118.249757897620995, 33.769223422103998 ], [ -118.249803408608003, 33.769300075646399 ], [ -118.249812876318998, 33.769348997005601 ], [ -118.249850260562994, 33.769380062866297 ], [ -118.249802645854004, 33.769491390529602 ], [ -118.249692084265007, 33.7694849460892 ], [ -118.249714850290005, 33.769527166012402 ], [ -118.249667043455005, 33.769573981280999 ], [ -118.249624600022003, 33.769633020660102 ], [ -118.249580868560003, 33.769706522867601 ], [ -118.249525175101994, 33.769788947733602 ], [ -118.249494708840004, 33.769844624858102 ], [ -118.249456316388006, 33.7699225648918 ], [ -118.249412587929996, 33.769997178592398 ], [ -118.249367522968001, 33.770070683488498 ], [ -118.249343658410993, 33.770107438689998 ], [ -118.249309182559998, 33.770158675138497 ], [ -118.249262776543006, 33.770228845395302 ], [ -118.249203186412004, 33.770344646568802 ], [ -118.249175376156003, 33.770398094098603 ], [ -118.249166842137001, 33.770439266464997 ], [ -118.249250415944005, 33.770551434730102 ], [ -118.249301175049993, 33.770601383081797 ], [ -118.249320483069994, 33.770634322020797 ], [ -118.248512096262999, 33.771834837870401 ], [ -118.248496375746001, 33.771830458350898 ], [ -118.248439136496003, 33.771841143076998 ], [ -118.248355307791002, 33.771868011508801 ], [ -118.248258192259001, 33.771906029182603 ], [ -118.248101236093007, 33.771975314510897 ], [ -118.248025451103999, 33.7720199627867 ], [ -118.248005917399993, 33.772057820364203 ], [ -118.248074843775996, 33.772058234553498 ], [ -118.248127206007993, 33.772087324637901 ], [ -118.248073694127996, 33.772119969434797 ], [ -118.247979189762006, 33.772140184847501 ], [ -118.247828851201007, 33.772195553142403 ], [ -118.247794318314007, 33.772228436400198 ], [ -118.247773152728996, 33.7722774209983 ], [ -118.247722814735994, 33.772369844363503 ], [ -118.247679102077001, 33.772451132180201 ], [ -118.247634060528, 33.772533534274103 ], [ -118.247591656815004, 33.772607032147398 ], [ -118.247535970396996, 33.772692792580798 ], [ -118.247435118441999, 33.772818688996999 ], [ -118.247363383245002, 33.772882236748202 ], [ -118.247283666303005, 33.772949138235198 ], [ -118.247146796870993, 33.773056199286899 ], [ -118.247035160557004, 33.773138737882903 ], [ -118.246904880117995, 33.773222427081897 ], [ -118.246779885295993, 33.773291645125497 ], [ -118.246380882595005, 33.773484888368003 ], [ -118.246210657459002, 33.773573107513499 ], [ -118.246093640034999, 33.773637859588199 ], [ -118.245959349615006, 33.773717107025298 ], [ -118.245856975191003, 33.773779604027297 ], [ -118.245735978249002, 33.773849925282498 ], [ -118.245624299357004, 33.773919114941798 ], [ -118.245493981596994, 33.773990567434502 ], [ -118.245375617925006, 33.774050872618901 ], [ -118.245287851455998, 33.774098880079997 ], [ -118.245186802760003, 33.774159149792801 ], [ -118.244991304902001, 33.774259653953102 ], [ -118.244839719840002, 33.7743467207615 ], [ -118.244662870745003, 33.774448298914301 ], [ -118.244551162090005, 33.774507477301597 ], [ -118.244442111032001, 33.774564425267897 ], [ -118.244335719746999, 33.774620256177698 ], [ -118.244245298639001, 33.774671604747603 ], [ -118.244149578060004, 33.774732975239601 ], [ -118.243664287694997, 33.775029827055199 ], [ -118.243362512649, 33.775227313286202 ], [ -118.243010233334999, 33.775462718075602 ], [ -118.242493155369999, 33.775842879068797 ], [ -118.242428736709002, 33.775887116889301 ], [ -118.242354896812998, 33.7759156288149 ], [ -118.242299048741003, 33.775947997189398 ], [ -118.242043737068002, 33.776094221523302 ], [ -118.241977265844, 33.776137733910403 ], [ -118.241925441679001, 33.776180105264501 ], [ -118.241876259311994, 33.776214684966803 ], [ -118.241605072430005, 33.776398757614501 ], [ -118.241555912210003, 33.776441123463201 ], [ -118.241531403549999, 33.776487332539197 ], [ -118.241516273228001, 33.776552431916301 ], [ -118.241497799187002, 33.776612532830001 ], [ -118.241469981948001, 33.776665978623598 ], [ -118.241431484548002, 33.7767111032814 ], [ -118.241371625823007, 33.776738474100902 ], [ -118.241334410925006, 33.776766356625203 ], [ -118.241262690951999, 33.7768368513509 ], [ -118.241324718987002, 33.776951934281399 ], [ -118.241365216654998, 33.777029849724798 ], [ -118.241395382356004, 33.777090613055897 ], [ -118.241453181067996, 33.777175292945202 ], [ -118.241519927170003, 33.777193167558103 ], [ -118.241551450583998, 33.777229360239097 ], [ -118.241584682851993, 33.777263640990597 ], [ -118.241676866003004, 33.777336444713903 ], [ -118.241749551894998, 33.777383526041604 ], [ -118.241799894647002, 33.777408231712897 ], [ -118.241854179721997, 33.777413370330201 ], [ -118.241948354418, 33.777384080404303 ], [ -118.241955559207994, 33.777382154725899 ], [ -118.242316165348996, 33.777622826073397 ], [ -118.243224361840007, 33.777044882241803 ], [ -118.243234987201006, 33.7770394436114 ], [ -118.243295437236995, 33.777003543306598 ], [ -118.243431329217003, 33.77693075669 ], [ -118.243472680761997, 33.776908609555598 ], [ -118.243639248731, 33.776825743098698 ], [ -118.243704003907993, 33.776796989141701 ], [ -118.244348591399003, 33.776475105329901 ], [ -118.244272661420993, 33.776377782121301 ], [ -118.244630399116005, 33.7761501308077 ], [ -118.244638155391002, 33.776158949819198 ], [ -118.244681913313002, 33.776178181088497 ], [ -118.244737669100999, 33.776232907350398 ], [ -118.245251639304001, 33.775942668398997 ], [ -118.245153074944, 33.775817519054002 ], [ -118.245354087012004, 33.775689602053397 ], [ -118.245460003261002, 33.775824758300303 ], [ -118.245892197933003, 33.775591488247301 ], [ -118.245865814813001, 33.775556684447203 ], [ -118.245914462162006, 33.775539156223203 ], [ -118.246088931979997, 33.7754619821891 ], [ -118.246892080435998, 33.775070442676103 ], [ -118.246972787239002, 33.775046392565798 ], [ -118.247045348610996, 33.775012676928199 ], [ -118.247127161505006, 33.774970550118901 ], [ -118.247259909399006, 33.774900561216 ], [ -118.247329390209003, 33.774870724611802 ], [ -118.247440606858007, 33.774838864838301 ], [ -118.247505444249995, 33.774807101239702 ], [ -118.247577982354002, 33.774765638674602 ], [ -118.247665922962, 33.774704779091202 ], [ -118.247718353262002, 33.774659484035602 ], [ -118.247823242032993, 33.774579224173301 ], [ -118.247878800932995, 33.774546833096103 ], [ -118.247955981096993, 33.774506651702801 ], [ -118.248007692418, 33.774480078708301 ], [ -118.248064003131006, 33.774440586624998 ], [ -118.248182783256993, 33.774352550265199 ], [ -118.248225886141995, 33.774290491757498 ], [ -118.248265982334004, 33.7742568414304 ], [ -118.248358574747002, 33.774201135582999 ], [ -118.248444960702997, 33.774137696722804 ], [ -118.248495831832997, 33.774088531672398 ], [ -118.248646075552003, 33.7739236133459 ], [ -118.248688525429998, 33.7739022239275 ], [ -118.249251454887997, 33.773449194252301 ], [ -118.249305409141002, 33.773397441462102 ], [ -118.249331541003002, 33.773347036341001 ], [ -118.249354591588002, 33.773300511375403 ], [ -118.249371422367005, 33.773241733381901 ], [ -118.249366065771994, 33.7729996744171 ], [ -118.249373577398998, 33.772926069708603 ], [ -118.249390410006995, 33.772867937190703 ], [ -118.249429662010996, 33.772811050073699 ], [ -118.249552275019994, 33.772713967721103 ], [ -118.249606283437004, 33.772680289008299 ], [ -118.249684913644003, 33.772609118696401 ], [ -118.249744669802993, 33.7725589664742 ], [ -118.249806735020996, 33.7725055820341 ], [ -118.249642299616994, 33.772297316204202 ], [ -118.250916166180005, 33.7703228240863 ], [ -118.251941541722999, 33.7691214280295 ], [ -118.252283558038997, 33.768756757031802 ], [ -118.253779228745998, 33.767163341915897 ], [ -118.254635846146002, 33.7662517374374 ], [ -118.255315342860001, 33.765522680159997 ], [ -118.255618956568, 33.765719652266597 ], [ -118.255680132888003, 33.765645579843003 ], [ -118.255466953964998, 33.765510074512598 ], [ -118.25557851632, 33.765381988692099 ], [ -118.255956231312993, 33.765622571612703 ], [ -118.256042753569005, 33.765525069933801 ], [ -118.255822978636999, 33.765380514618897 ], [ -118.255968697499, 33.765215146145003 ], [ -118.255730584103006, 33.765050593686802 ], [ -118.255771580914001, 33.765008526112297 ], [ -118.256030294482997, 33.765185438496303 ], [ -118.256069000319997, 33.765141467203698 ], [ -118.256110606920998, 33.765111802044501 ], [ -118.256140166221002, 33.7650654657077 ], [ -118.256260260187005, 33.764925911968497 ], [ -118.256290925998996, 33.764867646307799 ], [ -118.256331903505, 33.764819377120098 ], [ -118.256364915472005, 33.764781143328698 ], [ -118.256384212315993, 33.764741030256701 ], [ -118.256416651774998, 33.764702319872598 ], [ -118.256473347248004, 33.764657595228201 ], [ -118.256538513137002, 33.764580890489803 ], [ -118.256585771985002, 33.764532130930903 ], [ -118.256629123538005, 33.764513433208101 ], [ -118.256668999528998, 33.764478523878097 ], [ -118.256705698399003, 33.764432171277399 ], [ -118.256758404996006, 33.764390556190101 ], [ -118.256797303568007, 33.764347379383899 ], [ -118.256881932389007, 33.764253737798498 ], [ -118.256727409853994, 33.7641538867042 ], [ -118.256767957883994, 33.764105499288803 ], [ -118.256928630809995, 33.764208556480199 ], [ -118.257084487157996, 33.764044537123297 ], [ -118.257116078696001, 33.763985732883498 ], [ -118.257161465617003, 33.763924414607501 ], [ -118.257205872930996, 33.763873136682697 ], [ -118.257264090047997, 33.763824412940103 ], [ -118.257287872638997, 33.763780235162301 ], [ -118.2573152585, 33.763747081410401 ], [ -118.257332986357994, 33.763707686439503 ], [ -118.257349631750998, 33.763664120707602 ], [ -118.257528950856994, 33.7634684455981 ], [ -118.257569528280001, 33.763429896893498 ], [ -118.257604428416002, 33.763402689558397 ], [ -118.257638527233993, 33.763346862001697 ], [ -118.257804100070999, 33.763150768766799 ], [ -118.257878520169996, 33.763147478396498 ], [ -118.258131086714002, 33.762904596711103 ], [ -118.258169312728995, 33.762844286879897 ], [ -118.258216813611, 33.762805359799799 ], [ -118.258244219838005, 33.762760451956098 ], [ -118.258278906626998, 33.7627289645324 ], [ -118.258323483289004, 33.762667552906002 ], [ -118.258380821876997, 33.762601799256203 ], [ -118.258587829571994, 33.7623742579962 ], [ -118.258587603676006, 33.762300916436203 ], [ -118.258619532444996, 33.762258937702299 ], [ -118.258464478562999, 33.762159170244701 ], [ -118.259282101951001, 33.761282141816302 ], [ -118.259925994021998, 33.765746672629398 ], [ -118.259965356977006, 33.766261272258703 ], [ -118.259792771362996, 33.766279534418402 ], [ -118.259813908699996, 33.766326716929598 ], [ -118.259844893337004, 33.766372088686701 ], [ -118.259888243269998, 33.7663984714412 ], [ -118.259945295069002, 33.766423035096601 ], [ -118.260308071885007, 33.766399710644002 ], [ -118.260362159297998, 33.766388979308601 ], [ -118.260425836037001, 33.766385502359903 ], [ -118.260472941920995, 33.766380033752398 ], [ -118.260525213433993, 33.766382425001098 ], [ -118.260575852631007, 33.766410819218599 ], [ -118.260632584229, 33.7664702075501 ], [ -118.260701191978001, 33.766444895198099 ], [ -118.260731859833996, 33.7663651617029 ], [ -118.260761321237993, 33.766402665468902 ], [ -118.260834436132996, 33.766357425383397 ], [ -118.262594378124007, 33.766254134207998 ], [ -118.262585367737003, 33.766112470343202 ], [ -118.262940015032996, 33.766093090767498 ], [ -118.262954167215, 33.766234743372998 ], [ -118.263026136456006, 33.7662345861117 ], [ -118.263015388835996, 33.766085770814399 ], [ -118.263138737543997, 33.766076914340502 ], [ -118.263144246573006, 33.766194255953003 ], [ -118.263533984131996, 33.765890000161001 ], [ -118.263492737744997, 33.765851450082302 ], [ -118.263641443713993, 33.765732339181604 ], [ -118.263727363639006, 33.765809432613899 ], [ -118.263843597896994, 33.765717584763401 ], [ -118.263780881062004, 33.765035946002001 ], [ -118.263869463269998, 33.765033364632203 ], [ -118.263694819712001, 33.764931116269601 ], [ -118.261383397003002, 33.763255861027503 ], [ -118.261087290804994, 33.759415161331503 ], [ -118.261089982385997, 33.759375166488901 ], [ -118.261103947552996, 33.7593379698029 ], [ -118.261307167729996, 33.759120176528697 ], [ -118.261469721026003, 33.759228029424499 ], [ -118.261553908558, 33.759131873058102 ], [ -118.261392500794997, 33.759029663019803 ], [ -118.263420152755003, 33.756859707510799 ], [ -118.263627037058995, 33.756994952729698 ], [ -118.264023332039997, 33.756551649254803 ], [ -118.263945323536007, 33.7564995195224 ], [ -118.263899800028, 33.756553332874198 ], [ -118.263782798524005, 33.756478672465597 ], [ -118.266660048079004, 33.753396486178701 ], [ -118.266719392355, 33.753433106330696 ], [ -118.266054917477007, 33.7541469973334 ], [ -118.266080453697001, 33.754195001030901 ], [ -118.266155063417003, 33.754242896196203 ], [ -118.267242671828001, 33.753106654286299 ], [ -118.267273493424, 33.753092260913597 ], [ -118.267800468247998, 33.756488316673902 ], [ -118.267658716553001, 33.756438071083899 ], [ -118.267611668032998, 33.756459643275797 ], [ -118.267554603389001, 33.756474677460901 ], [ -118.267503642001998, 33.756463262296499 ], [ -118.267438901934995, 33.756459133050797 ], [ -118.267373361227996, 33.756502510396601 ], [ -118.267557649181995, 33.756534301691602 ], [ -118.267549280565007, 33.756596336684701 ], [ -118.267473749345001, 33.756641227387597 ], [ -118.267534645449999, 33.756932687690202 ], [ -118.267643086587995, 33.756909787213999 ], [ -118.268098260095996, 33.758554743621303 ], [ -118.266859071449005, 33.760763734075397 ], [ -118.266809102089994, 33.760816656008402 ], [ -118.266718235038994, 33.760911960932702 ], [ -118.266587408831001, 33.761062496748899 ], [ -118.266530172396003, 33.7610244600545 ], [ -118.266374545568993, 33.761028382694199 ], [ -118.266166801946, 33.761257824938603 ], [ -118.266099708856999, 33.761263339973098 ], [ -118.26602691523, 33.761272445649901 ], [ -118.265618556708006, 33.761278118396703 ], [ -118.265639426638998, 33.7613305481159 ], [ -118.265661906781006, 33.761440219029502 ], [ -118.265476292862004, 33.761444206697099 ], [ -118.265481057141997, 33.761551054441199 ], [ -118.265569018014006, 33.761551815068202 ], [ -118.265571459917993, 33.761601422280002 ], [ -118.265965525184001, 33.761591011414403 ], [ -118.266025098114994, 33.761645263118801 ], [ -118.265655922628, 33.761940894631202 ], [ -118.265536351201007, 33.762058512110301 ], [ -118.265918675875994, 33.762307641264997 ], [ -118.265494027670997, 33.7627627280186 ], [ -118.265613086049001, 33.762843563940997 ], [ -118.265550917278006, 33.762929419077302 ], [ -118.265318457223003, 33.7631822679623 ], [ -118.265457853773, 33.763274432612697 ], [ -118.265685650205, 33.763032314466301 ], [ -118.265766483834, 33.762946267491998 ], [ -118.266086997526003, 33.763154506870002 ], [ -118.266186038136993, 33.763046474882998 ], [ -118.266259984035997, 33.762949947470297 ], [ -118.266299837556005, 33.7629097873264 ], [ -118.266369323250004, 33.762847617116201 ], [ -118.270175397528007, 33.758776267282101 ], [ -118.270069959284996, 33.758685025414799 ], [ -118.269715914607005, 33.753857571515802 ], [ -118.269760891865005, 33.7538140587003 ], [ -118.269819714516998, 33.753813449926596 ], [ -118.271069408464001, 33.754148224566997 ], [ -118.272050802156997, 33.754460112500603 ], [ -118.272021925939001, 33.754527879951198 ], [ -118.271972763860006, 33.754513679668499 ], [ -118.271955769784995, 33.754556652281998 ], [ -118.272829178997, 33.754788428489199 ], [ -118.272831973720997, 33.754790910308898 ], [ -118.272873536323004, 33.754854712993101 ], [ -118.27287798751, 33.754869416374703 ], [ -118.272867319596003, 33.754925732384997 ], [ -118.273020034211001, 33.755171542153903 ], [ -118.273066947851007, 33.755151621514202 ], [ -118.274033012987005, 33.756634636597198 ], [ -118.273940156262995, 33.7566769221933 ], [ -118.273829098319993, 33.756509731035699 ], [ -118.273749521472993, 33.756538534895498 ], [ -118.274063331864994, 33.757013080170303 ], [ -118.274104240228993, 33.757079177374898 ], [ -118.274185596948001, 33.757242970579703 ], [ -118.27414763614, 33.757342190274599 ], [ -118.274229383369999, 33.757364388417002 ], [ -118.274262308700997, 33.7572864998886 ], [ -118.274314676792002, 33.757300237579003 ], [ -118.274296949545999, 33.757342915616803 ], [ -118.274364544343996, 33.757361919434103 ], [ -118.274360800848996, 33.757372007708 ], [ -118.273650441483994, 33.759229304336699 ], [ -118.273447208703999, 33.759174681554498 ], [ -118.273426566401, 33.759231262815902 ], [ -118.273310433941006, 33.759276463998603 ], [ -118.273597028305005, 33.759348292989898 ], [ -118.270659261738999, 33.767029086504003 ], [ -118.276426910932997, 33.766334627731503 ], [ -118.276956720960996, 33.766916941848997 ], [ -118.276921122106003, 33.766936050073603 ], [ -118.277047883438996, 33.767093907071697 ], [ -118.276950069969004, 33.767151010088902 ], [ -118.278359408838, 33.768918586347098 ], [ -118.278437200126007, 33.768873978313898 ], [ -118.278607466508006, 33.769109152741599 ], [ -118.279939633571999, 33.768370200680799 ], [ -118.279797658958003, 33.768123963996899 ], [ -118.279812170042007, 33.768119822092103 ], [ -118.279751571621006, 33.768044031685299 ], [ -118.276859271397001, 33.763027694068597 ], [ -118.276536075321005, 33.759741870351 ], [ -118.277488267408003, 33.758681925840598 ], [ -118.277661684126997, 33.758789309949002 ], [ -118.278427149725005, 33.757862306579398 ], [ -118.278346397247006, 33.757795229298303 ], [ -118.278281056365998, 33.757725254946401 ], [ -118.278250087485006, 33.757686685294402 ], [ -118.278225986370998, 33.757652393630998 ], [ -118.278235167801995, 33.757579383757701 ], [ -118.278285607767003, 33.7575477820251 ], [ -118.278342102248999, 33.757533339960801 ], [ -118.278393413341007, 33.757506030042201 ], [ -118.278565937645993, 33.7573467737027 ], [ -118.278418132127001, 33.757209725309103 ], [ -118.279404440755002, 33.756464696604503 ], [ -118.279566235535995, 33.756614803848599 ], [ -118.279889888536005, 33.756368236061199 ], [ -118.279849815690994, 33.756231239932603 ], [ -118.282500501434001, 33.755735054624097 ], [ -118.282521055599005, 33.755806064882698 ], [ -118.282170835437, 33.755871582262401 ], [ -118.282190115489001, 33.755941534493097 ], [ -118.282751463205003, 33.7558506693589 ], [ -118.282844263936994, 33.755851653887497 ], [ -118.282945637940998, 33.755835191172999 ], [ -118.283026404976994, 33.755893886721999 ], [ -118.283111395879004, 33.755925533407797 ], [ -118.283179806155999, 33.755946703884703 ], [ -118.283226827451003, 33.755879612224597 ], [ -118.283740427813996, 33.755759140297997 ], [ -118.284351486977002, 33.755748157338601 ], [ -118.287484386908005, 33.755006059337497 ], [ -118.287649845421996, 33.754957958952197 ], [ -118.287980842612996, 33.7548856102568 ], [ -118.288048821776997, 33.754869403453597 ], [ -118.288191736965999, 33.754869061279798 ], [ -118.288367225567995, 33.754895771711702 ], [ -118.288477753774998, 33.7549226385309 ], [ -118.288653373163996, 33.754987332291797 ], [ -118.288731560160997, 33.755054973141903 ], [ -118.288708488637994, 33.7549573557149 ], [ -118.288776501784, 33.7549002173361 ], [ -118.288860988837001, 33.754910866893901 ], [ -118.288929339023994, 33.754951399498196 ], [ -118.289661053781003, 33.755210100008803 ], [ -118.289719463346998, 33.755193680903403 ], [ -118.289774277863003, 33.755076885009103 ], [ -118.289748087633001, 33.755017259348499 ], [ -118.288909056262, 33.754720833012797 ], [ -118.288856882633993, 33.754661269541103 ], [ -118.288837150796994, 33.754590774953101 ], [ -118.288794814113004, 33.7545583195718 ], [ -118.288723282145, 33.754536785655198 ], [ -118.288622592199999, 33.7545370271948 ], [ -118.288359564792003, 33.754556649787801 ], [ -118.288105312037004, 33.7545911644131 ], [ -118.288156030541998, 33.754474080677902 ], [ -118.288530170493999, 33.754408820272097 ], [ -118.287942777530006, 33.754064718715902 ], [ -118.288268498749005, 33.753137317888999 ], [ -118.288348124883001, 33.752910602128097 ], [ -118.288383170472997, 33.752810820614002 ], [ -118.288254797166005, 33.752754561403101 ], [ -118.288011114368004, 33.752647768322802 ], [ -118.287994968449993, 33.752640691379803 ], [ -118.287881169989006, 33.752590820119401 ], [ -118.287074758852995, 33.753286129006803 ], [ -118.287619170053006, 33.7525438200704 ], [ -118.287117170149997, 33.752526820178304 ], [ -118.286743170253999, 33.752663820392698 ], [ -118.286119170308993, 33.753425820501299 ], [ -118.283015464881004, 33.754268458369403 ], [ -118.282854750518993, 33.7540073806001 ], [ -118.282837169312003, 33.753978820748699 ], [ -118.281551865045003, 33.754027716957701 ], [ -118.281483003689999, 33.7537867369658 ], [ -118.281476169558005, 33.753762820677103 ], [ -118.281330234018, 33.753685114978502 ], [ -118.281169764485, 33.753599670281702 ], [ -118.281099388542003, 33.753562196830103 ], [ -118.281059579653999, 33.753541000756002 ], [ -118.281014169215993, 33.7535168211447 ], [ -118.281005310736006, 33.753529071658001 ], [ -118.280976488974005, 33.753568932323503 ], [ -118.280284541496997, 33.754525896011103 ], [ -118.280258716863003, 33.7545307233204 ], [ -118.280439656533005, 33.754184468822302 ], [ -118.280653278033995, 33.753775673414303 ], [ -118.280826169452993, 33.753444820427603 ], [ -118.280761199945999, 33.753430324362 ], [ -118.280515153281996, 33.753375425816998 ], [ -118.280488552698003, 33.753369490104703 ], [ -118.280333169033995, 33.753334820572 ], [ -118.279487998757006, 33.754371380642503 ], [ -118.279703425779005, 33.753694721026498 ], [ -118.279708169092999, 33.753679820732501 ], [ -118.279486168711998, 33.753611821201801 ], [ -118.279170169273002, 33.754099821266998 ], [ -118.278647169091997, 33.753906821145897 ], [ -118.278618419145005, 33.753945932829801 ], [ -118.278534652106998, 33.754059893167103 ], [ -118.277867959773005, 33.754966882536799 ], [ -118.278434169514995, 33.753929821160398 ], [ -118.277981169187001, 33.753782821376802 ], [ -118.277956936539994, 33.753829050671797 ], [ -118.277733169189005, 33.754255956099598 ], [ -118.276078149712006, 33.753544431370798 ], [ -118.276882168956007, 33.751572820654097 ], [ -118.279405168637993, 33.749960820080403 ], [ -118.280954169208002, 33.7495808205217 ], [ -118.281432169330003, 33.7500048200625 ], [ -118.282588169388006, 33.751641820368597 ], [ -118.283272169911996, 33.752063820612598 ], [ -118.284621169651004, 33.752060820466802 ], [ -118.287027169951003, 33.751179820258997 ], [ -118.289018170676997, 33.752602819873999 ], [ -118.289952170823, 33.753066820126797 ], [ -118.290510170762005, 33.753781819992902 ], [ -118.292267171766994, 33.753788819930897 ], [ -118.292271171197996, 33.7573028204515 ], [ -118.293861172549995, 33.766543821860601 ], [ -118.293957172936999, 33.769525821434399 ], [ -118.295930575537, 33.775221492091497 ], [ -118.295996173497997, 33.775410822536998 ], [ -118.296049008907005, 33.775983205704698 ], [ -118.296085622475005, 33.776379845373803 ], [ -118.296092174126002, 33.776450822184401 ], [ -118.295936174307997, 33.779094822615697 ], [ -118.296073217685006, 33.780031290809497 ], [ -118.296092174456007, 33.780160822630101 ], [ -118.296357174543004, 33.780779822998099 ], [ -118.297504174544002, 33.782084822616198 ], [ -118.292425173606006, 33.779190823424003 ], [ -118.289623172419994, 33.778591823355697 ], [ -118.280323170871995, 33.779004823916601 ], [ -118.282055172124004, 33.790411825197403 ], [ -118.282968172476004, 33.792359825348697 ], [ -118.285420173985003, 33.7960558250319 ], [ -118.286870268483995, 33.797653453243498 ], [ -118.286521136586003, 33.797652064175999 ], [ -118.286451137487006, 33.797651737609698 ], [ -118.285887987459006, 33.797645990246899 ], [ -118.285801492155002, 33.797645702472003 ], [ -118.285741754688999, 33.7976457324732 ], [ -118.285611187534002, 33.797645053317403 ], [ -118.285586739151, 33.797644972478601 ], [ -118.285530593483003, 33.797644782000098 ], [ -118.283106721989, 33.797636624411901 ], [ -118.282943355186006, 33.797635537174898 ], [ -118.282943393089994, 33.797635890478197 ], [ -118.282942173760006, 33.797635825730403 ], [ -118.283002855524998, 33.798188310302301 ], [ -118.281057496548001, 33.798291429390602 ], [ -118.279948872605999, 33.798347093180602 ], [ -118.273992635625007, 33.798652880005797 ], [ -118.271399764823002, 33.798789790810403 ], [ -118.271397883019006, 33.798789896021503 ], [ -118.271144989614996, 33.798803461085399 ], [ -118.270448609905998, 33.798840182644597 ], [ -118.270337633995993, 33.798846020336299 ], [ -118.266352218313997, 33.7990463170254 ], [ -118.265540428917006, 33.799086261161897 ], [ -118.265397693650002, 33.799093555369801 ], [ -118.265333402655997, 33.799097359905602 ], [ -118.264514170739005, 33.799136826705897 ], [ -118.264414170142999, 33.8009798274188 ], [ -118.264607261265994, 33.804555359071202 ], [ -118.264571095285007, 33.804556388735698 ], [ -118.264536241068996, 33.804557317242697 ], [ -118.264504019539999, 33.804558208403499 ], [ -118.264453926049995, 33.8045595859587 ], [ -118.264371644592003, 33.804561882491498 ], [ -118.264338896081, 33.804562778371199 ], [ -118.264289329738006, 33.804564206086802 ], [ -118.264268232275001, 33.804564747321997 ], [ -118.264207048013006, 33.804566420470202 ], [ -118.264143526118005, 33.804568208699799 ], [ -118.263982437902001, 33.804572676470798 ], [ -118.263814334144001, 33.804577338797998 ], [ -118.263795573489006, 33.804577848686499 ], [ -118.263767268391007, 33.804578622888499 ], [ -118.263731591535006, 33.8045796359037 ], [ -118.263685316264002, 33.804580918230897 ], [ -118.263643418532993, 33.804582076463603 ], [ -118.263603001202, 33.804583187266601 ], [ -118.26352071961, 33.8045854552714 ], [ -118.263492809842006, 33.804586258293497 ], [ -118.263438405792002, 33.804587779184097 ], [ -118.263411976306003, 33.804588497812802 ], [ -118.263356124105002, 33.8045900200311 ], [ -118.263273841507996, 33.804592315816201 ], [ -118.263191527500993, 33.804594583666699 ], [ -118.263109574262003, 33.804596878619598 ], [ -118.263027260249004, 33.804599147259403 ], [ -118.262944978714003, 33.804601442817301 ], [ -118.262909399934003, 33.804602399480899 ], [ -118.262862729570003, 33.804603738248296 ], [ -118.262780382071995, 33.8046060085954 ], [ -118.262271170193003, 33.8045168279507 ], [ -118.262273156044003, 33.804620107072097 ], [ -118.262271108723994, 33.804620164720703 ], [ -118.262085539105996, 33.804625398173698 ], [ -118.262083850007997, 33.804625357676201 ], [ -118.262080855535999, 33.804625391239199 ], [ -118.261900164202004, 33.804630399228799 ], [ -118.261864190257, 33.804631388897498 ], [ -118.261863400927993, 33.804631414954898 ], [ -118.261370203439, 33.804645098679799 ], [ -118.261176579524999, 33.804650944113703 ], [ -118.260822619896004, 33.804659570730898 ], [ -118.26037382701, 33.804671608087901 ], [ -118.258647428089006, 33.8047204738536 ], [ -118.256686293613001, 33.8047743726327 ], [ -118.256716080792998, 33.8046907507605 ], [ -118.256992681271996, 33.803927678808897 ], [ -118.256994629153994, 33.803922307955702 ], [ -118.257276107763005, 33.803145834859102 ], [ -118.257525730970002, 33.802457222048403 ], [ -118.257631413164006, 33.802165645657503 ], [ -118.257731808155995, 33.801888671454599 ], [ -118.258555728600001, 33.799615612547498 ], [ -118.258559614318997, 33.799604895157799 ], [ -118.258616806719999, 33.799438723977403 ], [ -118.258617416014999, 33.799437058480002 ], [ -118.257700516300005, 33.799484329855602 ], [ -118.237494166302, 33.800485828614804 ], [ -118.230052163584006, 33.7925518280787 ], [ -118.230035434231993, 33.792583836578103 ], [ -118.229908524243001, 33.792775964344997 ], [ -118.229776573397999, 33.793000436938101 ], [ -118.229636692948006, 33.793273753867801 ], [ -118.229520195568995, 33.793541392535303 ], [ -118.229480096231995, 33.793646346065998 ], [ -118.229464163455006, 33.793676828518898 ], [ -118.229369179387007, 33.793945678243702 ], [ -118.228345550564995, 33.796718331575804 ], [ -118.228290373315005, 33.796999209606902 ], [ -118.227193164422999, 33.800104829254501 ], [ -118.226622383646003, 33.801054439588199 ], [ -118.226468945948, 33.801303076304201 ], [ -118.225247770902996, 33.803281234081702 ], [ -118.225247510678003, 33.803281646558702 ], [ -118.225246461140003, 33.803283297384503 ], [ -118.225242626951001, 33.803289514160397 ], [ -118.224617549732997, 33.804302178329799 ], [ -118.224568297515006, 33.804383634221701 ], [ -118.224520785660005, 33.804465769292399 ], [ -118.224475393328007, 33.804547817454697 ], [ -118.224474965606007, 33.804548594452598 ], [ -118.224431089061994, 33.804631738714299 ], [ -118.224430912846003, 33.804632070798597 ], [ -118.224388609041, 33.804716203775698 ], [ -118.224348541520001, 33.8047998890288 ], [ -118.224346940581995, 33.8048033312743 ], [ -118.224307936242994, 33.804889274620699 ], [ -118.224308331781003, 33.804889383868101 ], [ -118.224308234025997, 33.804889576973501 ], [ -118.224289223574004, 33.804936128526201 ], [ -118.224267164110003, 33.804972829540297 ], [ -118.224273378738005, 33.804974758015902 ], [ -118.224266696978006, 33.804989975337698 ], [ -118.224248216142996, 33.8050351006098 ], [ -118.224221247326, 33.8051025017838 ], [ -118.224204011168993, 33.805144644338 ], [ -118.224202901778, 33.805147352738402 ], [ -118.224202018887993, 33.805149552265 ], [ -118.224170504797996, 33.8052368167602 ], [ -118.224140767676005, 33.805324701785501 ], [ -118.224113237853999, 33.805411784859203 ], [ -118.224112181248998, 33.805415255838497 ], [ -118.224086619209004, 33.805502427198498 ], [ -118.224062823028007, 33.805590096507899 ], [ -118.224062713967996, 33.805590505095097 ], [ -118.224040440259998, 33.805679732082801 ], [ -118.224020011104002, 33.805769400080301 ], [ -118.224001837797005, 33.805857427636901 ], [ -118.223985455900007, 33.805945807054499 ], [ -118.223984051974995, 33.805953888102898 ], [ -118.223970775276001, 33.806035156937902 ], [ -118.223969213936996, 33.806045357730497 ], [ -118.223957582921003, 33.806127401507602 ], [ -118.223956722471002, 33.806133968810101 ], [ -118.223947427192002, 33.806210304384798 ], [ -118.223944925043995, 33.806232978425598 ], [ -118.223944868180993, 33.806233523043801 ], [ -118.223938077937007, 33.806301626773298 ], [ -118.223935987668, 33.806325271876702 ], [ -118.223931090357993, 33.806387244518099 ], [ -118.223929191131006, 33.806414899185803 ], [ -118.223923977661997, 33.806510561870198 ], [ -118.223923359311001, 33.806525298212499 ], [ -118.223923031625006, 33.806533621568697 ], [ -118.223921640485003, 33.806609226646501 ], [ -118.223921502213997, 33.8066266134392 ], [ -118.223921701519004, 33.806701300526797 ], [ -118.223921835919995, 33.806713220051599 ], [ -118.223921863986007, 33.806714429826897 ], [ -118.223923751550004, 33.806794904179199 ], [ -118.223924073280003, 33.806804583101602 ], [ -118.223927680133997, 33.806886283918203 ], [ -118.223928239819003, 33.806896506009203 ], [ -118.223928471224994, 33.806900665149399 ], [ -118.223933640960993, 33.806979206871198 ], [ -118.223933792636004, 33.806981411684497 ], [ -118.223933896369999, 33.806982648364297 ], [ -118.223934006275996, 33.8069841744176 ], [ -118.223941561295007, 33.807071908916697 ], [ -118.223941986718998, 33.807076333641803 ], [ -118.223951394853003, 33.807164041255703 ], [ -118.223951821347001, 33.807167652816197 ], [ -118.223963202779998, 33.807256256467802 ], [ -118.223963279966, 33.807256852222899 ], [ -118.223976817627005, 33.8073473161881 ], [ -118.223976882507003, 33.807347752398599 ], [ -118.223992060826006, 33.8074366726295 ], [ -118.223992716230995, 33.8074402693398 ], [ -118.224009967707005, 33.8075298627477 ], [ -118.224029054129005, 33.807619084022299 ], [ -118.224057753352, 33.8077391118671 ], [ -118.224089722678002, 33.807858310541903 ], [ -118.224124940281001, 33.807976589933801 ], [ -118.224153589069999, 33.808065108247099 ], [ -118.224184034426003, 33.808153024606703 ], [ -118.224216181933002, 33.8082401642938 ], [ -118.224250071856005, 33.8083266408226 ], [ -118.224250473089, 33.808327662388699 ], [ -118.224301818765994, 33.808449844090603 ], [ -118.225402696209002, 33.811010863759201 ], [ -118.225448435372996, 33.811237009675203 ], [ -118.225448164658005, 33.811254830354898 ], [ -118.226207177559004, 33.814990728215697 ], [ -118.226293260009996, 33.815416492899502 ], [ -118.226314413186998, 33.815521199795597 ], [ -118.226912334481995, 33.818478508554897 ], [ -118.226978881535004, 33.818789096499202 ], [ -118.227542827974005, 33.821564870335898 ], [ -118.227540968021003, 33.821564876554497 ], [ -118.227669235825999, 33.822196577235403 ], [ -118.227829744432, 33.822988165905699 ], [ -118.227838384598002, 33.823030768567001 ], [ -118.227895781704007, 33.823314097329003 ], [ -118.228019847905998, 33.823924427255399 ], [ -118.228075707330007, 33.824199130496901 ], [ -118.228142255981993, 33.824226230137398 ], [ -118.228515166275002, 33.824379831490901 ], [ -118.228505643405001, 33.824405933927999 ], [ -118.228173621864997, 33.825303015982399 ], [ -118.228023297014005, 33.825707681471897 ], [ -118.226622153177004, 33.829490135739299 ], [ -118.226552742729993, 33.8293070986673 ], [ -118.226552686210994, 33.8293069698572 ], [ -118.226552214682997, 33.829305965556898 ], [ -118.226550423958003, 33.829301270238403 ], [ -118.226543394998004, 33.829283285649801 ], [ -118.226490382551006, 33.829147835628802 ], [ -118.226411244515006, 33.828945689370698 ], [ -118.226407825831004, 33.828936959233097 ], [ -118.224773165879995, 33.824611832262804 ], [ -118.224771818828998, 33.824610185910103 ], [ -118.224740972098999, 33.824527718104001 ], [ -118.224733939637005, 33.824508938293597 ], [ -118.224716731692993, 33.824462997764002 ], [ -118.224716433449004, 33.824462146391099 ], [ -118.224713666815006, 33.824454758247803 ] ] ], [ [ [ -118.260621836628005, 33.766321431709798 ], [ -118.260618394172994, 33.7662657314509 ], [ -118.260692167526997, 33.766276823385503 ], [ -118.260770219692006, 33.766252818456699 ], [ -118.260752909980994, 33.766316675431902 ], [ -118.260621836628005, 33.766321431709798 ] ] ], [ [ [ -118.283305700881002, 33.755320105154297 ], [ -118.288044555661003, 33.7544935243954 ], [ -118.287985637754005, 33.754618451877299 ], [ -118.284202093755994, 33.755481363339698 ], [ -118.283488106592003, 33.7554544246034 ], [ -118.283305700881002, 33.755320105154297 ] ] ] ] } },
{ "type": "Feature", "properties": { "objectid": 111, "name": "Windsor Square", "area_sqmi": 0.68269065758139413, "source_url": "https://services5.arcgis.com/7nsPwEMP38bSkCjy/arcgis/rest/services/LA_Times_Neighborhoods/FeatureServer/0", "fetched_at": "2025-12-07T08:52:51.283518" }, "geometry": { "type": "Polygon", "coordinates": [ [ [ -118.314039199804, 34.062544853053097 ], [ -118.314204199573993, 34.061699853258098 ], [ -118.325811201264003, 34.061883852625201 ], [ -118.325997202780997, 34.076226854374703 ], [ -118.325955747159995, 34.076226884204999 ], [ -118.313601201037002, 34.076235854903203 ], [ -118.313601198593005, 34.076235203101398 ], [ -118.313588200637, 34.0729098543923 ], [ -118.313447200118006, 34.072724854446498 ], [ -118.313446200190995, 34.071787854602498 ], [ -118.313987200339994, 34.071532853830902 ], [ -118.314217200792996, 34.071137854191498 ], [ -118.314039199804, 34.062544853053097 ] ] ] } },
{ "type": "Feature", "properties": { "objectid": 112, "name": "Winnetka", "area_sqmi": 4.8009837899375079, "source_url": "https://services5.arcgis.com/7nsPwEMP38bSkCjy/arcgis/rest/services/LA_Times_Neighborhoods/FeatureServer/0", "fetched_at": "2025-12-07T08:52:51.283518" }, "geometry": { "type": "Polygon", "coordinates": [ [ [ -118.562317255428994, 34.231991857524697 ], [ -118.562316925415004, 34.231815870296003 ], [ -118.562295443375007, 34.220336018026302 ], [ -118.562232251504994, 34.186567852591402 ], [ -118.565987251720998, 34.186440852763099 ], [ -118.568606252539993, 34.185570851814099 ], [ -118.569747252265998, 34.185460851919203 ], [ -118.569870717439002, 34.185485078996301 ], [ -118.570965253135, 34.185699851805303 ], [ -118.571606236405998, 34.186060404908503 ], [ -118.571701253189005, 34.186113852019297 ], [ -118.572398020292994, 34.186680477560998 ], [ -118.573698253114998, 34.1877378525081 ], [ -118.573778843808, 34.187761844419597 ], [ -118.575194983909995, 34.188183436352801 ], [ -118.575354253776993, 34.188230852042601 ], [ -118.575842852516999, 34.1882742704652 ], [ -118.576799797446995, 34.188359308335897 ], [ -118.577132253708996, 34.188388851987099 ], [ -118.588457256108001, 34.188350851007797 ], [ -118.588528258799002, 34.224147854897602 ], [ -118.589075259241, 34.224575854745197 ], [ -118.588529259091004, 34.224213854935101 ], [ -118.588544229437005, 34.2354419474932 ], [ -118.588544260133006, 34.235465856347901 ], [ -118.583582259229999, 34.235469856884897 ], [ -118.583450999887006, 34.2354409001059 ], [ -118.582985294425001, 34.235338162917898 ], [ -118.582757259351993, 34.2352878568188 ], [ -118.582626407901998, 34.235193610840597 ], [ -118.582421370806003, 34.235045932827603 ], [ -118.582278258754997, 34.234942857138599 ], [ -118.582196973858998, 34.234807840517298 ], [ -118.582054527178997, 34.234571235218503 ], [ -118.581983258568002, 34.234452856995297 ], [ -118.581977114001006, 34.234322574406903 ], [ -118.581919258713, 34.2330958568675 ], [ -118.581897585234998, 34.233036981050901 ], [ -118.581794334384995, 34.232756510704803 ], [ -118.581718258395, 34.232549856244297 ], [ -118.581660469119996, 34.232494752049803 ], [ -118.581436036209993, 34.232280746041198 ], [ -118.581266258176996, 34.232118856033601 ], [ -118.581183465058999, 34.2320854177485 ], [ -118.580975564398997, 34.232001450701901 ], [ -118.580699258202003, 34.231889856422796 ], [ -118.580532131474996, 34.2318891454481 ], [ -118.571060256536995, 34.2318488573585 ], [ -118.571060256636997, 34.2357738572343 ], [ -118.562319255228005, 34.234054857746798 ], [ -118.562317255428994, 34.231991857524697 ] ] ] } },
{ "type": "Feature", "properties": { "objectid": 113, "name": "Woodland Hills", "area_sqmi": 14.787848778277297, "source_url": "https://services5.arcgis.com/7nsPwEMP38bSkCjy/arcgis/rest/services/LA_Times_Neighborhoods/FeatureServer/0", "fetched_at": "2025-12-07T08:52:51.283518" }, "geometry": { "type": "Polygon", "coordinates": [ [ [ -118.572398020292994, 34.186680477560998 ], [ -118.571606236405998, 34.186060404908503 ], [ -118.571521252805994, 34.185993852334597 ], [ -118.570965253135, 34.185699851805303 ], [ -118.569977252808002, 34.185477852382498 ], [ -118.569870717439002, 34.185485078996301 ], [ -118.568606252539993, 34.185570851814099 ], [ -118.565987251720998, 34.186440852763099 ], [ -118.562232251504994, 34.186567852591402 ], [ -118.562231250479996, 34.171063850809702 ], [ -118.562315249711006, 34.170811850859302 ], [ -118.562837250564996, 34.1708848511471 ], [ -118.565876251193004, 34.170576850994102 ], [ -118.565861249983001, 34.163718850027202 ], [ -118.564068250068999, 34.163746850217102 ], [ -118.563047249402999, 34.163458850021598 ], [ -118.562202249910001, 34.1629918499236 ], [ -118.562262249560007, 34.161809849774897 ], [ -118.562868249176006, 34.161055849944802 ], [ -118.562992249540997, 34.159927849701901 ], [ -118.563542249581999, 34.158978849720199 ], [ -118.563214249498003, 34.1584758492913 ], [ -118.563263249675003, 34.157838849301697 ], [ -118.5635552488, 34.1575048494065 ], [ -118.564922249280002, 34.156721849113602 ], [ -118.565403249601005, 34.1557708495152 ], [ -118.567182248692006, 34.147996847956897 ], [ -118.567530249002999, 34.143909847583302 ], [ -118.568742249061998, 34.141063847337698 ], [ -118.568907248767005, 34.1384748465981 ], [ -118.568289248750006, 34.1383248469851 ], [ -118.567699248335003, 34.137567847116301 ], [ -118.566569248307005, 34.137838847228402 ], [ -118.566226247830002, 34.137722846977901 ], [ -118.566152248492998, 34.136744846667703 ], [ -118.565890247867998, 34.136285846807198 ], [ -118.565420247963004, 34.134494846629103 ], [ -118.565428247938002, 34.133579846385302 ], [ -118.565372379872997, 34.133449407232298 ], [ -118.564965247947001, 34.1324988464794 ], [ -118.564397247204994, 34.1316778464872 ], [ -118.564410264703994, 34.131667437780997 ], [ -118.564881247591003, 34.131290846223102 ], [ -118.566041247377001, 34.130870846362001 ], [ -118.565826246962999, 34.130577845911702 ], [ -118.572662083354004, 34.133177086836199 ], [ -118.573314427905999, 34.133426040300698 ], [ -118.573485257279003, 34.133491207690803 ], [ -118.573836519451007, 34.133625194297899 ], [ -118.574108144462002, 34.133728802855401 ], [ -118.574376120099004, 34.133831043374002 ], [ -118.574871616638006, 34.134019970462397 ], [ -118.575055867686999, 34.134090237665497 ], [ -118.575349521676998, 34.134202164486098 ], [ -118.576172409338994, 34.134515848387501 ], [ -118.57638214248, 34.134595939762697 ], [ -118.576772185295994, 34.134744665252597 ], [ -118.577562701963004, 34.135046069104703 ], [ -118.577595249382995, 34.135058476617502 ], [ -118.577778122153006, 34.135127723928598 ], [ -118.579103944978996, 34.135629758955197 ], [ -118.580067019105002, 34.135994423184201 ], [ -118.580085010982998, 34.136001234567303 ], [ -118.580206343162999, 34.136047361307398 ], [ -118.580230421771006, 34.1360565154189 ], [ -118.581346170372001, 34.136480677822497 ], [ -118.581417268070993, 34.136507759979601 ], [ -118.581417297418994, 34.136507770657097 ], [ -118.583830766648006, 34.137425812662997 ], [ -118.583840943057993, 34.1374296825309 ], [ -118.583841013718995, 34.137429709236002 ], [ -118.584406328225, 34.137644667399798 ], [ -118.584527438045001, 34.137690714271002 ], [ -118.584622271385001, 34.137726775469801 ], [ -118.585695512501999, 34.138135056019699 ], [ -118.585695663615994, 34.138135113887998 ], [ -118.587084852006996, 34.1386634216611 ], [ -118.587096046366, 34.138667690205097 ], [ -118.587986097525004, 34.139007037025799 ], [ -118.588272529696994, 34.1391162198478 ], [ -118.588299908596994, 34.139126641904497 ], [ -118.588300397821996, 34.139126828848198 ], [ -118.588313652229004, 34.139131848159202 ], [ -118.588445039142002, 34.139181682597801 ], [ -118.588445269610006, 34.139181768925802 ], [ -118.588959148444005, 34.139376703967599 ], [ -118.589051580770999, 34.1394118412111 ], [ -118.589212643430002, 34.139473074504401 ], [ -118.589397546897999, 34.139543399734599 ], [ -118.590858785725999, 34.140098572207698 ], [ -118.590884466841004, 34.140108311396702 ], [ -118.591011418784007, 34.140157044118297 ], [ -118.591847508816002, 34.140474926268098 ], [ -118.592937208235, 34.140889275769403 ], [ -118.593258844212997, 34.141011574676298 ], [ -118.593268831244998, 34.141015372560801 ], [ -118.59756527079, 34.142648787101898 ], [ -118.597571435380999, 34.142651119582403 ], [ -118.597596621386998, 34.142660695719698 ], [ -118.597886523373006, 34.142770909778399 ], [ -118.597888412025, 34.142771642410203 ], [ -118.598055695653997, 34.142834594843798 ], [ -118.598330259893004, 34.142939579924501 ], [ -118.598359719588998, 34.142950563702399 ], [ -118.598615790051994, 34.143048165855603 ], [ -118.598929192162998, 34.143167411754597 ], [ -118.599283455079998, 34.143301980726598 ], [ -118.599616211359006, 34.143428438647703 ], [ -118.599946749753002, 34.143554082651498 ], [ -118.600250575011998, 34.143669584373797 ], [ -118.600255846094001, 34.143671587582503 ], [ -118.600523949774001, 34.143773497567203 ], [ -118.600527230067001, 34.143774743437298 ], [ -118.600778494723002, 34.143870256192002 ], [ -118.600782044674006, 34.143871605294599 ], [ -118.600983968221996, 34.143948368139 ], [ -118.601224536070006, 34.144039798656401 ], [ -118.601230830328007, 34.144042190710103 ], [ -118.601570881870003, 34.144171445068601 ], [ -118.601583707458005, 34.144176319917896 ], [ -118.601590271394997, 34.144178816092001 ], [ -118.601765982052001, 34.1442456224772 ], [ -118.601905802543996, 34.144298757749397 ], [ -118.601908619810999, 34.144299843609197 ], [ -118.602193396613004, 34.144408066976702 ], [ -118.602194225004993, 34.144408364868397 ], [ -118.602195086327001, 34.144408718491903 ], [ -118.602451595595994, 34.144506227439599 ], [ -118.602453881963996, 34.144507068007201 ], [ -118.60271158466, 34.144605038361703 ], [ -118.602959842291995, 34.144699373362201 ], [ -118.602970812278002, 34.144703577554097 ], [ -118.603220727690001, 34.144798562784104 ], [ -118.603229344390002, 34.144801817646197 ], [ -118.603385305716003, 34.1448611084775 ], [ -118.603481150223004, 34.144897534881103 ], [ -118.603484861184, 34.144898945307801 ], [ -118.603816478864999, 34.145024973691903 ], [ -118.603817366106, 34.1450253109466 ], [ -118.603836157044995, 34.145032470935 ], [ -118.604123159303001, 34.145141558577102 ], [ -118.604130583450001, 34.145144381183002 ], [ -118.604246507035995, 34.145188462647603 ], [ -118.604543855396997, 34.1453015283996 ], [ -118.604580111819004, 34.145315306637201 ], [ -118.605134436921006, 34.145526101515799 ], [ -118.605571053111007, 34.145692116809897 ], [ -118.605698573458994, 34.145740606865701 ], [ -118.605704638567005, 34.145742914189 ], [ -118.605978820431005, 34.145847087850498 ], [ -118.605981372635, 34.145848092002304 ], [ -118.606180716717006, 34.1459238503164 ], [ -118.606204814098007, 34.145933009106997 ], [ -118.606297047789994, 34.145968049491799 ], [ -118.606748176230994, 34.146139482705799 ], [ -118.606867885360003, 34.146184991458199 ], [ -118.608781656486002, 34.146912252506603 ], [ -118.609661471140996, 34.147246178501597 ], [ -118.609661605970004, 34.147246229209898 ], [ -118.611455270820002, 34.147928185799202 ], [ -118.611710309786005, 34.148025105663599 ], [ -118.611957129673996, 34.148118885037199 ], [ -118.612048042745002, 34.148153428287898 ], [ -118.612078401613005, 34.1481649802788 ], [ -118.612200449791004, 34.148213107161801 ], [ -118.612226098042001, 34.1482235966049 ], [ -118.612322828602004, 34.148261349449001 ], [ -118.612352959077995, 34.148273094557503 ], [ -118.612420802580004, 34.148298747018799 ], [ -118.612431802467995, 34.148302906029997 ], [ -118.612489144142998, 34.148324588046997 ], [ -118.612501250031997, 34.148329183206798 ], [ -118.613696209474995, 34.148782700513102 ], [ -118.613714570018004, 34.148789642083997 ], [ -118.613714901948995, 34.148789805382101 ], [ -118.614989063254995, 34.149273525352797 ], [ -118.614996224956997, 34.149276244051002 ], [ -118.614996513001998, 34.149257034222501 ], [ -118.614993159350007, 34.148751955894802 ], [ -118.614990912403002, 34.148407280615402 ], [ -118.614990844957006, 34.148396936606801 ], [ -118.614990770839, 34.1483865700935 ], [ -118.614988043929003, 34.148002899034502 ], [ -118.614987300646007, 34.147883917528901 ], [ -118.614984324250003, 34.147434510533998 ], [ -118.614983445879005, 34.147335629709502 ], [ -118.614983260190002, 34.147282693611302 ], [ -118.615406852641001, 34.147282406141002 ], [ -118.615567454978006, 34.147282170917698 ], [ -118.615871050156002, 34.147281746263403 ], [ -118.615954369164001, 34.147281567917297 ], [ -118.620844459713993, 34.147280172613101 ], [ -118.621077534766002, 34.147280106020602 ], [ -118.621326574671002, 34.147280035366599 ], [ -118.621543654877996, 34.1472801672776 ], [ -118.621574754332002, 34.147280062383402 ], [ -118.621671660065999, 34.147280004075199 ], [ -118.621822735186996, 34.147279893375902 ], [ -118.622072998489003, 34.147280000610699 ], [ -118.622159929299002, 34.147279797600397 ], [ -118.622201407760997, 34.147279786084503 ], [ -118.622316353572998, 34.147279985116597 ], [ -118.622435765408994, 34.147279837390798 ], [ -118.622535350139003, 34.147280011621604 ], [ -118.622656415481998, 34.147279992198698 ], [ -118.622998493390995, 34.147279878848401 ], [ -118.623318792442006, 34.147280096796301 ], [ -118.623357297455001, 34.147280063250797 ], [ -118.623358255100996, 34.147280085359498 ], [ -118.623529790164, 34.147280030212201 ], [ -118.623793339509007, 34.147280067165497 ], [ -118.624441537647002, 34.147280183774697 ], [ -118.624644967679004, 34.147280258911202 ], [ -118.625148401274004, 34.147280294686801 ], [ -118.625165753193997, 34.147280314949498 ], [ -118.625378106618001, 34.147280425651203 ], [ -118.625487966839003, 34.147280187283599 ], [ -118.625816030736999, 34.1472800834702 ], [ -118.625923579304995, 34.147280158691302 ], [ -118.626046298836997, 34.147280210251999 ], [ -118.626183327779998, 34.1472801605276 ], [ -118.626271574841994, 34.147280225419998 ], [ -118.626478702531003, 34.147279866308999 ], [ -118.626508420711005, 34.147280509277003 ], [ -118.626796791608001, 34.147280498501701 ], [ -118.626908336629995, 34.147280222160497 ], [ -118.627114080528003, 34.147280419080701 ], [ -118.627451298620002, 34.147280181304502 ], [ -118.627508147637997, 34.147280298255303 ], [ -118.627643192758001, 34.147280174230701 ], [ -118.627916391504002, 34.147279882537703 ], [ -118.627945313294006, 34.147280171374298 ], [ -118.627955780001997, 34.147280245930901 ], [ -118.627972548787994, 34.1472804428182 ], [ -118.628210512685996, 34.147279865570802 ], [ -118.628547239170004, 34.147280149288399 ], [ -118.628629436880999, 34.147280243910203 ], [ -118.629003854695995, 34.147280003105202 ], [ -118.629004933616002, 34.147280001999498 ], [ -118.629012168003001, 34.147303144057901 ], [ -118.629003221524002, 34.147369338074299 ], [ -118.629080902590005, 34.1476112411152 ], [ -118.629082587034006, 34.1476164856699 ], [ -118.629085404893999, 34.1476247904913 ], [ -118.629091739751999, 34.147642516218497 ], [ -118.629212837894002, 34.148011151931499 ], [ -118.629354805896, 34.148442881008002 ], [ -118.629472585556002, 34.148800514132802 ], [ -118.629545791306001, 34.149021605423499 ], [ -118.629546247397002, 34.1490229878262 ], [ -118.629546924566995, 34.149025072285099 ], [ -118.629588861669006, 34.149148001747299 ], [ -118.629823259535996, 34.149897845174401 ], [ -118.630087259191001, 34.149837844645901 ], [ -118.630267259649997, 34.150385844575801 ], [ -118.630278015811001, 34.150393476904398 ], [ -118.630279661955001, 34.150398514286998 ], [ -118.630705407356999, 34.150700461946698 ], [ -118.631157476374995, 34.151021506138299 ], [ -118.631167089048006, 34.151028328457201 ], [ -118.631264579844995, 34.151097530775701 ], [ -118.63163377875, 34.150870100112897 ], [ -118.632177982631006, 34.150534855907203 ], [ -118.633214144313996, 34.151693278156799 ], [ -118.634771702652003, 34.153435889507101 ], [ -118.635626938570994, 34.154393206961302 ], [ -118.636245659270998, 34.155085755129903 ], [ -118.636773007265006, 34.155676008526697 ], [ -118.636853701657003, 34.155766331586101 ], [ -118.637661996084006, 34.156671046019099 ], [ -118.637740415924995, 34.156759499863497 ], [ -118.637947891612995, 34.1569919794619 ], [ -118.638011603338001, 34.157063254194703 ], [ -118.638041407583998, 34.157096428976502 ], [ -118.638352092090003, 34.157441665340599 ], [ -118.638495261811002, 34.157601844832797 ], [ -118.638496008139995, 34.157601587556599 ], [ -118.638567190878007, 34.157680685857002 ], [ -118.638568429508993, 34.157681840510101 ], [ -118.638568807870996, 34.1576813985562 ], [ -118.638581480300005, 34.157669506016397 ], [ -118.638595633852006, 34.157659421371797 ], [ -118.638611012891005, 34.157651326281503 ], [ -118.638627337651002, 34.157645366470497 ], [ -118.639849836881993, 34.157268071169902 ], [ -118.639911771635994, 34.157249386971301 ], [ -118.640691773412996, 34.157008385286403 ], [ -118.640770497215996, 34.156983702932003 ], [ -118.640848657904002, 34.156957294340302 ], [ -118.640903913848007, 34.156938590035303 ], [ -118.641025157860994, 34.1568942835003 ], [ -118.641145407679005, 34.156847343281797 ], [ -118.641262598557006, 34.156798206765799 ], [ -118.641273004607001, 34.156793752018203 ], [ -118.641283460295, 34.1567891239091 ], [ -118.641283537874997, 34.156850952611002 ], [ -118.641283182452995, 34.157162156496597 ], [ -118.641283123514, 34.157236295669399 ], [ -118.641282845169997, 34.157745345822498 ], [ -118.641282790839995, 34.157762006731403 ], [ -118.641282197672993, 34.157942891208101 ], [ -118.641281903592002, 34.158032741115903 ], [ -118.641281591441, 34.158092963523004 ], [ -118.641281364804996, 34.1581473713888 ], [ -118.641280947563004, 34.158318960867497 ], [ -118.640286262619995, 34.158684845391903 ], [ -118.639955262151005, 34.158886845200001 ], [ -118.639963473661993, 34.158939194339297 ], [ -118.639958648868003, 34.158955216053698 ], [ -118.639966797273004, 34.158960383878103 ], [ -118.639986733179995, 34.1590874724561 ], [ -118.639986284873999, 34.1590884106364 ], [ -118.639879262479994, 34.158821845467401 ], [ -118.639747261753001, 34.159095844818701 ], [ -118.640947461479996, 34.160641101005702 ], [ -118.641138408287006, 34.1608894417624 ], [ -118.641197474227994, 34.160966235325603 ], [ -118.641212386692999, 34.160985622488496 ], [ -118.641279045393006, 34.161072285573098 ], [ -118.641294175121999, 34.161091997033097 ], [ -118.641362528345994, 34.161179549028297 ], [ -118.641438425949005, 34.161276737288198 ], [ -118.641797115543, 34.1617361835767 ], [ -118.641798862553998, 34.161738419160699 ], [ -118.641956818683994, 34.161940649139602 ], [ -118.641987262499001, 34.161979845525899 ], [ -118.645553533796999, 34.161989811964901 ], [ -118.645551543609997, 34.162378367691403 ], [ -118.645551505666006, 34.1623859499215 ], [ -118.645551465338002, 34.1623936448579 ], [ -118.645551079835002, 34.162467840796801 ], [ -118.645551043400005, 34.162471687901203 ], [ -118.645550017001995, 34.162677847898401 ], [ -118.645549968034999, 34.162687653407303 ], [ -118.645549907556003, 34.1626925996284 ], [ -118.645548550539004, 34.162963075196501 ], [ -118.645548515165999, 34.162970148037701 ], [ -118.645548432029997, 34.162980865195202 ], [ -118.645548275558994, 34.163018026981199 ], [ -118.645548245670994, 34.163025107907103 ], [ -118.645547218933004, 34.163217468797697 ], [ -118.645546828115002, 34.163290977785501 ], [ -118.645545445387, 34.163561216385602 ], [ -118.645544378669001, 34.163765530228702 ], [ -118.645543490996005, 34.163941500216602 ], [ -118.645543425146002, 34.163954454926802 ], [ -118.645543377967996, 34.163965474812997 ], [ -118.645543359442996, 34.163968972922298 ], [ -118.645542360351996, 34.164158878749603 ], [ -118.645541286560999, 34.164366490498502 ], [ -118.645540960480005, 34.164435465251501 ], [ -118.645540237893997, 34.164573003125597 ], [ -118.645539175398994, 34.164777866893701 ], [ -118.645538212804993, 34.164961268753203 ], [ -118.645538227661007, 34.164963191677998 ], [ -118.645537002116001, 34.165202543274901 ], [ -118.645536996092005, 34.165206115244501 ], [ -118.645536444466003, 34.165305840337098 ], [ -118.645534336918004, 34.165700564204698 ], [ -118.645546264447006, 34.165700601504298 ], [ -118.645546263081002, 34.165700845831402 ], [ -118.647423635045996, 34.165706589730299 ], [ -118.647571809203995, 34.165707091845903 ], [ -118.647806430629004, 34.165707869070097 ], [ -118.647927955639005, 34.165708133055603 ], [ -118.647990513061004, 34.165708324352799 ], [ -118.648013612447002, 34.165708434971698 ], [ -118.648088165667005, 34.165709354395901 ], [ -118.648094333610999, 34.165709338468297 ], [ -118.648187966603999, 34.165709094447699 ], [ -118.648377272114004, 34.165709508522703 ], [ -118.648658001233002, 34.165710366830197 ], [ -118.648964560920007, 34.165711496969998 ], [ -118.649252836949998, 34.165712394533699 ], [ -118.649287879460005, 34.165712454308 ], [ -118.649497540552005, 34.165713141390697 ], [ -118.649735004815994, 34.165713926650398 ], [ -118.649931740108002, 34.165714518348999 ], [ -118.650292249450999, 34.165715493084299 ], [ -118.650464190755002, 34.165716052265097 ], [ -118.650485215955001, 34.165716104149801 ], [ -118.650635273513004, 34.165716807850799 ], [ -118.650982924500994, 34.1657178497112 ], [ -118.651131756563004, 34.165718285322399 ], [ -118.651412363817997, 34.165719219031502 ], [ -118.651570154441998, 34.165719632890003 ], [ -118.651917275984999, 34.1657206478706 ], [ -118.652203436137, 34.165721550709101 ], [ -118.652339376000995, 34.165722026419402 ], [ -118.652547086276002, 34.165722609651397 ], [ -118.652786898418, 34.165723348300197 ], [ -118.653059406112007, 34.165724294864802 ], [ -118.653357896697997, 34.165725155426003 ], [ -118.653440181972996, 34.165725507776799 ], [ -118.653515458485003, 34.165725842955197 ], [ -118.653518634239006, 34.165725851937196 ], [ -118.65389091035, 34.165726809149497 ], [ -118.654293255859002, 34.165728757405702 ], [ -118.654276264849997, 34.169431845409399 ], [ -118.654277658644006, 34.169431849588598 ], [ -118.654277655244002, 34.169432661903301 ], [ -118.654870997003997, 34.169434671099403 ], [ -118.655403703549993, 34.169436319946399 ], [ -118.655416630597998, 34.1694363598737 ], [ -118.655852866260005, 34.169438031904001 ], [ -118.655852934603004, 34.169438033336398 ], [ -118.656077680300996, 34.169438683146097 ], [ -118.656305601683002, 34.1694394523387 ], [ -118.656667022166005, 34.169440705231104 ], [ -118.656741374719005, 34.169440768464099 ], [ -118.656745110279005, 34.1694407761251 ], [ -118.656807494994993, 34.169440849317397 ], [ -118.657013396767994, 34.169441434750702 ], [ -118.657193179583999, 34.169441913854001 ], [ -118.657345240894003, 34.169440840353502 ], [ -118.658029266355996, 34.169442845050398 ], [ -118.658037987325997, 34.169440838527599 ], [ -118.658143680704995, 34.169441471427099 ], [ -118.658278240542003, 34.169442222977601 ], [ -118.658554833283006, 34.169443986952103 ], [ -118.658642975570004, 34.169444550911301 ], [ -118.658644529792994, 34.1694445424462 ], [ -118.658642418579007, 34.169797388120799 ], [ -118.658640951680994, 34.170043335318098 ], [ -118.658638989069999, 34.170373070757002 ], [ -118.658637592785993, 34.170606926885498 ], [ -118.658635205701003, 34.171008714704399 ], [ -118.658633267829003, 34.171333201188297 ], [ -118.658632954875003, 34.171385687522999 ], [ -118.658631970352005, 34.171554416149696 ], [ -118.658631578102998, 34.171617895514501 ], [ -118.658628676188002, 34.172108485203402 ], [ -118.658627148690996, 34.172364504852901 ], [ -118.658627150857996, 34.172364779813797 ], [ -118.658625833588005, 34.172587615872203 ], [ -118.658624567412005, 34.1728002857758 ], [ -118.658623249532994, 34.173018505902803 ], [ -118.658623250410002, 34.173018754725803 ], [ -118.658622767961006, 34.173100513507897 ], [ -118.658612846265001, 34.173100368299501 ], [ -118.658622294042999, 34.173181428392802 ], [ -118.658622254430995, 34.173188374149198 ], [ -118.658622238701994, 34.173188442752704 ], [ -118.658621887691993, 34.173248761961503 ], [ -118.658619658025003, 34.173469240929997 ], [ -118.658618550292999, 34.173806857582498 ], [ -118.658618553975003, 34.173807324565303 ], [ -118.658616997406995, 34.174066956888304 ], [ -118.658616998493997, 34.174067094819499 ], [ -118.658616853970997, 34.174090727935301 ], [ -118.658616135421994, 34.174213399439303 ], [ -118.658616136502005, 34.174213536468898 ], [ -118.658615418165994, 34.174336372955402 ], [ -118.658614856314003, 34.174432828336698 ], [ -118.658614857827999, 34.174433020358599 ], [ -118.658613892171005, 34.1745957580885 ], [ -118.658613681611001, 34.174640321947898 ], [ -118.658612631780997, 34.174809032003402 ], [ -118.658612602491999, 34.174809582108402 ], [ -118.658611340570999, 34.175022800135899 ], [ -118.658610024357003, 34.175241653146898 ], [ -118.658610025651001, 34.175241817221902 ], [ -118.658609325762001, 34.175362730603098 ], [ -118.658608287491006, 34.175537174454703 ], [ -118.658607541866999, 34.175662881626401 ], [ -118.658607266881006, 34.1756768463298 ], [ -118.659204266694999, 34.175741845552601 ], [ -118.659052929584007, 34.175824485117197 ], [ -118.658669645911004, 34.176027125703001 ], [ -118.658605178509006, 34.176061248856399 ], [ -118.658604701090994, 34.176151630939003 ], [ -118.658603268402999, 34.176422860132 ], [ -118.658602100219994, 34.176658569521102 ], [ -118.658601380056993, 34.176740864219703 ], [ -118.658601177701996, 34.176753172380302 ], [ -118.658601272070001, 34.176753171866402 ], [ -118.658601266538994, 34.176753846255899 ], [ -118.667634488279006, 34.176754612468102 ], [ -118.667866913677003, 34.176755723685901 ], [ -118.668057693953998, 34.176756703886603 ], [ -118.668117720454006, 34.176756900601099 ], [ -118.668117250722005, 34.184911841019698 ], [ -118.666636268290006, 34.184447846309801 ], [ -118.666709268782, 34.183906846300701 ], [ -118.666276268169995, 34.183185846260997 ], [ -118.665720268919998, 34.183346845946701 ], [ -118.664587268096994, 34.183089846639803 ], [ -118.661890267271005, 34.183305846647002 ], [ -118.659791267828993, 34.1830368464841 ], [ -118.659097267255007, 34.182677846606303 ], [ -118.658767267567995, 34.1832568465409 ], [ -118.658927267706005, 34.183931847210097 ], [ -118.657372266997001, 34.1845788468137 ], [ -118.655849267190007, 34.184657846750902 ], [ -118.655959266264006, 34.183755847312902 ], [ -118.654224266149996, 34.183743847063198 ], [ -118.651723265715006, 34.184244846858498 ], [ -118.651983266566006, 34.185124847427403 ], [ -118.644247884034996, 34.186608841603899 ], [ -118.644086264989994, 34.186639848341699 ], [ -118.635552263877997, 34.186417848710001 ], [ -118.614637345302, 34.186485195743899 ], [ -118.611750801211997, 34.186494491399003 ], [ -118.608223258671003, 34.186505849568498 ], [ -118.608008602053999, 34.186544588215298 ], [ -118.598138257293002, 34.188325850930902 ], [ -118.576799797446995, 34.188359308335897 ], [ -118.576453253606005, 34.188359852377097 ], [ -118.575842852516999, 34.1882742704652 ], [ -118.575194983909995, 34.188183436352801 ], [ -118.574891253781004, 34.1881408524455 ], [ -118.573845253537996, 34.187813852364997 ], [ -118.573778843808, 34.187761844419597 ], [ -118.572398020292994, 34.186680477560998 ] ] ] } },
{ "type": "Feature", "properties": { "objectid": 114, "name": "Lake Balboa", "area_sqmi": 3.1152492105254992, "source_url": "https://services5.arcgis.com/7nsPwEMP38bSkCjy/arcgis/rest/services/LA_Times_Neighborhoods/FeatureServer/0", "fetched_at": "2025-12-07T08:52:51.283518" }, "geometry": { "type": "Polygon", "coordinates": [ [ [ -118.501159170036999, 34.221138468075303 ], [ -118.501155243688999, 34.218102859084702 ], [ -118.501355243614, 34.2178008596509 ], [ -118.501156243818997, 34.216783859360703 ], [ -118.501144243162003, 34.208425858493797 ], [ -118.494595241563999, 34.208431858985101 ], [ -118.494587241543996, 34.201047857775499 ], [ -118.492404241499003, 34.2010498579358 ], [ -118.492396240483998, 34.193900856966202 ], [ -118.490213239718003, 34.1939028571175 ], [ -118.490206239810007, 34.186639856663902 ], [ -118.518493244189997, 34.186617855243803 ], [ -118.518624242570993, 34.220988556320599 ], [ -118.518624247407004, 34.220989859029103 ], [ -118.517466247211004, 34.221005858744498 ], [ -118.517466246810002, 34.220813858998099 ], [ -118.510996245735001, 34.220903859265 ], [ -118.510860246126995, 34.221098859240897 ], [ -118.501434891266001, 34.2211931033263 ], [ -118.501159244266006, 34.221195859929601 ], [ -118.501159170036999, 34.221138468075303 ] ] ] } }
]
}
